jogador,time,posicao,Minutos,xG,xAG,G-PK,Assistencias,PrgC,PrgP,Key_Pass,Passing 1/3,Cross,Dribles_Tentados,Dribles_certos,%Dribles,Acoes Ofensivas
Bukayo Saka,Arsenal,"FW,MF",1729,6.8,7.6,5,10,96,70,58,15,117,90,41,45.6% (41/90),166
Declan Rice,Arsenal,MF,2825,3.5,6.6,4,7,90,192,59,137,164,29,14,48.3% (14/29),282
Ethan Nwaneri,Arsenal,"FW,MF",895,1.2,1.2,4,2,46,33,16,17,54,62,37,59.7% (37/62),79
Gabriel Jesus,Arsenal,FW,608,3.0,0.7,3,0,15,19,8,10,7,22,9,40.9% (9/22),34
Gabriel Martinelli,Arsenal,"FW,MF",2290,7.4,5.0,8,4,124,52,40,11,92,109,33,30.3% (33/109),176
Jorginho,Arsenal,MF,704,0.1,0.4,0,0,12,48,3,44,1,4,1,25.0% (1/4),60
Kai Havertz,Arsenal,"FW,MF",1875,9.5,2.4,9,3,35,61,17,27,11,38,9,23.7% (9/38),96
Leandro Trossard,Arsenal,FW,2546,7.2,6.1,8,7,80,101,41,45,86,86,38,44.2% (38/86),181
Martin Ødegaard,Arsenal,MF,2325,4.8,5.4,2,8,92,258,63,132,86,59,25,42.4% (25/59),350
Mikel Merino,Arsenal,"MF,FW",1586,5.9,2.0,7,2,11,69,17,40,13,23,9,39.1% (9/23),80
Amadou Onana,Aston Villa,MF,1617,2.1,0.7,3,0,29,75,10,69,2,20,14,70.0% (14/20),104
Boubacar Kamara,Aston Villa,MF,1726,0.8,0.9,1,0,19,85,11,91,1,27,9,33.3% (9/27),104
Jacob Ramsey,Aston Villa,"FW,MF",1623,1.6,2.3,1,3,61,68,21,31,12,46,25,54.3% (25/46),129
John McGinn,Aston Villa,"MF,FW",2223,3.1,3.5,1,4,32,103,31,70,60,47,20,42.6% (20/47),135
Jáder Durán,Aston Villa,FW,638,4.9,0.2,7,0,7,13,4,10,3,14,3,21.4% (3/14),20
Leon Bailey,Aston Villa,"FW,MF",1139,1.7,1.5,1,2,58,35,16,16,34,57,22,38.6% (22/57),93
Marco Asensio,Aston Villa,MF,743,4.4,1.0,3,1,22,45,16,20,38,19,12,63.2% (12/19),67
Morgan Rogers,Aston Villa,"FW,MF",3114,6.6,7.8,8,10,114,123,51,73,27,160,66,41.2% (66/160),237
Ollie Watkins,Aston Villa,FW,2598,15.3,3.3,14,8,55,31,24,12,7,41,10,24.4% (10/41),86
Youri Tielemans,Aston Villa,MF,3026,3.3,7.0,3,7,39,235,60,229,119,61,31,50.8% (31/61),274
Alex Scott,Bournemouth,MF,755,0.7,0.9,0,0,15,52,12,41,7,26,6,23.1% (6/26),67
Antoine Semenyo,Bournemouth,FW,3203,10.0,5.8,11,5,140,109,46,49,59,135,69,51.1% (69/135),249
Dango Ouattara,Bournemouth,FW,2005,8.4,5.5,7,4,79,43,35,21,88,82,39,47.6% (39/82),122
David Brooks,Bournemouth,"FW,MF",960,2.5,1.9,2,0,35,35,20,22,52,34,11,32.4% (11/34),70
Evanilson,Bournemouth,FW,2319,12.5,1.9,10,1,29,28,26,14,0,21,7,33.3% (7/21),57
Justin Kluivert,Bournemouth,MF,2340,10.3,4.8,6,6,81,105,45,45,85,87,36,41.4% (36/87),186
Marcus Tavernier,Bournemouth,"FW,MF",1939,5.5,4.0,3,5,53,128,43,80,108,65,28,43.1% (28/65),181
Ryan Christie,Bournemouth,MF,2117,1.8,3.5,2,3,34,137,41,118,48,48,23,47.9% (23/48),171
Tyler Adams,Bournemouth,MF,1965,1.6,1.0,0,3,14,76,18,67,3,18,4,22.2% (4/18),90
Bryan Mbeumo,Brentford,FW,3414,12.3,8.3,15,7,130,141,70,63,202,111,52,46.8% (52/111),271
Christian Nørgaard,Brentford,MF,2819,4.3,1.3,5,4,14,154,18,137,17,14,7,50.0% (7/14),168
Kevin Schade,Brentford,FW,2293,8.2,3.7,11,2,61,38,23,32,38,89,30,33.7% (30/89),99
Mathias Jensen,Brentford,MF,862,0.2,1.7,0,2,6,61,16,42,33,17,9,52.9% (9/17),67
Mikkel Damsgaard,Brentford,"MF,FW",2911,2.8,8.4,2,10,73,234,63,167,144,97,50,51.5% (50/97),307
Vitaly Janelt,Brentford,MF,2254,0.8,2.2,1,3,17,80,14,78,30,12,3,25.0% (3/12),97
Yehor Yarmoliuk,Brentford,MF,1450,0.6,0.9,0,0,15,63,9,71,16,27,13,48.1% (13/27),78
Yoane Wissa,Brentford,FW,2919,18.5,2.6,19,4,60,67,27,44,20,49,15,30.6% (15/49),127
Brajan Gruda,Brighton,"MF,FW",687,1.2,2.1,1,4,22,26,23,12,29,30,13,43.3% (13/30),48
Carlos Baleba,Brighton,MF,2661,3.1,1.3,3,1,43,118,21,109,9,57,33,57.9% (33/57),161
Danny Welbeck,Brighton,FW,2115,9.6,1.4,9,4,21,47,23,18,3,37,13,35.1% (13/37),68
Georginio Rutter,Brighton,"MF,FW",1656,4.6,2.5,5,3,42,67,19,30,9,71,27,38.0% (27/71),109
João Pedro,Brighton,"FW,MF",1948,8.9,5.0,5,6,66,78,30,42,22,86,29,33.7% (29/86),144
Kaoru Mitoma,Brighton,"FW,MF",2603,9.2,4.6,10,4,146,89,37,36,75,131,52,39.7% (52/131),235
Matt O'Riley,Brighton,MF,938,2.8,2.4,1,2,22,38,21,30,51,13,8,61.5% (8/13),60
Simon Adingra,Brighton,"FW,MF",1097,2.5,2.5,2,2,50,18,16,5,41,50,21,42.0% (21/50),68
Yankuba Minteh,Brighton,"FW,MF",1838,4.1,5.0,6,4,90,48,29,14,91,98,46,46.9% (46/98),138
Yasin Ayari,Brighton,MF,1965,2.4,2.3,2,1,30,75,30,55,69,45,18,40.0% (18/45),105
Christopher Nkunku,Chelsea,FW,921,4.8,2.1,3,2,17,25,14,26,4,27,10,37.0% (10/27),42
Cole Palmer,Chelsea,"MF,FW",3191,17.3,10.9,11,8,120,214,87,163,144,113,51,45.1% (51/113),334
Enzo Fernández,Chelsea,MF,2947,6.1,6.8,6,7,60,212,77,167,109,55,26,47.3% (26/55),272
Jadon Sancho,Chelsea,FW,1764,2.2,3.7,3,4,102,90,38,28,25,97,45,46.4% (45/97),192
Nicolas Jackson,Chelsea,FW,2220,12.3,4.3,10,5,47,38,28,22,3,61,18,29.5% (18/61),85
Noni Madueke,Chelsea,FW,2033,9.6,4.2,7,3,154,69,32,16,63,102,45,44.1% (45/102),223
Pedro Neto,Chelsea,FW,2269,3.5,6.7,4,6,126,60,46,30,149,104,34,32.7% (34/104),186
Roméo Lavia,Chelsea,MF,797,0.3,0.7,0,1,3,31,7,49,0,16,10,62.5% (10/16),34
Adam Wharton,Crystal Palace,MF,1318,0.4,3.0,0,2,14,107,26,78,39,10,2,20.0% (2/10),121
Daichi Kamada,Crystal Palace,MF,1564,1.1,1.9,0,0,25,88,20,48,32,19,7,36.8% (7/19),113
Eberechi Eze,Crystal Palace,"MF,FW",2588,10.4,6.2,7,8,68,97,58,49,110,137,67,48.9% (67/137),165
Eddie Nketiah,Crystal Palace,"FW,MF",1034,5.7,1.7,3,1,41,19,13,11,5,31,11,35.5% (11/31),60
Ismaila Sarr,Crystal Palace,MF,2711,10.8,8.5,8,6,76,86,44,28,55,61,17,27.9% (17/61),162
Jean-Philippe Mateta,Crystal Palace,FW,2648,13.6,3.2,12,2,45,53,29,35,26,46,20,43.5% (20/46),98
Will Hughes,Crystal Palace,MF,2108,1.1,3.1,0,3,20,87,33,76,71,16,5,31.2% (5/16),107
Abdoulaye Doucouré,Everton,MF,2564,4.1,2.4,3,2,42,82,28,44,23,45,24,53.3% (24/45),124
Beto,Everton,FW,1534,8.2,1.2,8,0,15,16,12,7,4,38,19,50.0% (19/38),31
Carlos Alcaraz,Everton,"FW,MF",764,1.7,1.6,2,3,19,42,13,20,11,18,9,50.0% (9/18),61
Dominic Calvert-Lewin,Everton,FW,1609,6.7,0.6,3,1,23,20,7,20,6,25,10,40.0% (10/25),43
Dwight McNeil,Everton,"MF,FW",1371,1.1,5.2,4,6,38,69,37,40,105,45,24,53.3% (24/45),107
Idrissa Gana Gueye,Everton,MF,3063,1.1,1.7,0,3,27,145,19,154,7,39,18,46.2% (18/39),172
Iliman Ndiaye,Everton,FW,2430,6.2,1.9,7,0,86,59,18,42,38,143,68,47.6% (68/143),145
Jack Harrison,Everton,FW,2076,3.5,3.7,1,0,73,51,33,28,131,75,24,32.0% (24/75),124
Jesper Lindstrøm,Everton,FW,1239,2.1,2.0,0,1,30,25,19,18,71,43,8,18.6% (8/43),55
Orel Mangala,Everton,MF,1261,1.1,0.6,1,0,6,34,8,50,6,24,14,58.3% (14/24),40
Adama Traoré,Fulham,"FW,MF",1772,4.0,4.9,2,7,100,68,42,36,100,97,48,49.5% (48/97),168
Alex Iwobi,Fulham,"FW,MF",2981,4.7,7.0,9,6,144,213,59,115,126,97,48,49.5% (48/97),357
Andreas Pereira,Fulham,MF,2013,3.8,4.6,2,4,29,104,57,67,171,30,14,46.7% (14/30),133
Emile Smith Rowe,Fulham,MF,2043,4.5,1.4,6,3,53,126,24,80,16,35,16,45.7% (16/35),179
Harry Wilson,Fulham,"FW,MF",1162,4.2,1.1,6,1,22,51,20,26,41,24,9,37.5% (9/24),73
Raúl Jiménez,Fulham,FW,2494,12.0,3.3,9,3,35,62,24,41,23,50,21,42.0% (21/50),97
Rodrigo Muniz,Fulham,FW,964,5.8,0.7,8,1,6,27,7,13,1,18,6,33.3% (6/18),33
Sander Berge,Fulham,MF,2224,0.4,0.6,0,0,29,124,18,116,3,20,11,55.0% (11/20),153
Saša Lukić,Fulham,MF,2344,1.2,2.7,0,2,39,98,26,104,62,17,8,47.1% (8/17),137
Tom Cairney,Fulham,MF,628,0.8,1.1,2,0,18,53,11,53,20,13,5,38.5% (5/13),71
Conor Chaplin,Ipswich Town,"MF,FW",857,1.5,0.7,1,1,13,29,8,21,9,8,4,50.0% (4/8),42
George Hirst,Ipswich Town,FW,661,2.1,0.3,3,1,9,13,4,1,3,6,2,33.3% (2/6),22
Jack Clarke,Ipswich Town,"FW,MF",1181,1.2,2.3,0,4,39,44,28,27,13,50,25,50.0% (25/50),83
Jack Taylor,Ipswich Town,MF,860,0.7,0.5,1,0,11,43,5,30,7,11,4,36.4% (4/11),54
Jens Cajuste,Ipswich Town,MF,1959,0.7,0.8,1,1,26,59,13,51,10,53,28,52.8% (28/53),85
Julio Enciso,Ipswich Town,"MF,FW",869,1.7,1.4,2,3,23,28,13,18,21,66,30,45.5% (30/66),51
Kalvin Phillips,Ipswich Town,MF,1237,0.4,0.2,0,0,4,51,5,49,20,12,5,41.7% (5/12),55
Liam Delap,Ipswich Town,FW,2593,9.3,1.9,10,2,61,30,21,17,5,86,40,46.5% (40/86),91
Nathan Broadhead,Ipswich Town,"MF,FW",702,1.7,0.7,2,0,20,14,7,12,9,34,17,50.0% (17/34),34
Omari Hutchinson,Ipswich Town,"MF,FW",2583,2.9,3.5,3,2,97,75,31,45,81,137,51,37.2% (51/137),172
Sam Morsy,Ipswich Town,MF,2751,0.4,1.2,1,1,22,120,24,149,15,29,17,58.6% (17/29),142
Sammie Szmodics,Ipswich Town,"FW,MF",992,3.4,0.2,4,0,16,19,5,11,14,12,4,33.3% (4/12),35
Bilal El Khannouss,Leicester City,"MF,FW",2182,1.3,4.6,2,3,73,128,42,89,89,60,34,56.7% (34/60),201
Bobby De Cordova-Reid,Leicester City,FW,744,0.8,1.2,1,2,14,15,6,9,15,10,0,0.0% (0/10),29
Boubakary Soumaré,Leicester City,MF,2171,0.3,0.4,0,0,34,105,11,95,10,45,27,60.0% (27/45),139
Facundo Buonanotte,Leicester City,"FW,MF",1523,3.9,3.1,5,2,39,54,24,41,43,83,28,33.7% (28/83),93
Harry Winks,Leicester City,MF,1538,0.2,1.2,0,2,19,101,17,110,34,12,3,25.0% (3/12),120
Jamie Vardy,Leicester City,FW,2823,11.2,3.0,8,4,29,22,19,11,11,23,11,47.8% (11/23),51
Jordan Ayew,Leicester City,"FW,MF",1638,3.2,1.1,4,0,49,46,16,25,60,64,26,40.6% (26/64),95
Kasey McAteer,Leicester City,FW,852,1.0,0.7,1,1,19,14,9,13,21,25,6,24.0% (6/25),33
Oliver Skipp,Leicester City,MF,1129,0.4,0.3,0,0,16,35,9,32,5,12,7,58.3% (7/12),51
Patson Daka,Leicester City,"FW,MF",736,1.3,0.1,1,0,11,8,1,6,3,15,2,13.3% (2/15),19
Stephy Mavididi,Leicester City,FW,1615,1.8,2.6,4,1,91,57,22,32,69,95,35,36.8% (35/95),148
Wilfred Ndidi,Leicester City,MF,2324,2.0,1.9,0,5,18,70,17,68,30,33,13,39.4% (13/33),88
Alexis Mac Allister,Liverpool,MF,2599,2.8,4.7,5,5,36,177,45,122,86,42,16,38.1% (16/42),213
Cody Gakpo,Liverpool,FW,1935,7.1,4.4,10,4,59,52,38,24,74,61,31,50.8% (31/61),111
Darwin Núñez,Liverpool,FW,1133,5.8,1.3,5,2,23,27,11,9,3,23,8,34.8% (8/23),50
Diogo Jota,Liverpool,FW,1196,7.9,1.8,6,3,37,34,11,29,8,33,11,33.3% (11/33),71
Dominik Szoboszlai,Liverpool,MF,2491,7.3,7.4,6,6,72,131,56,88,41,41,21,51.2% (21/41),203
Luis Díaz,Liverpool,FW,2399,12.0,5.0,13,5,108,110,56,48,32,116,53,45.7% (53/116),218
Mohamed Salah,Liverpool,FW,3371,25.2,14.2,20,18,154,144,88,53,79,137,58,42.3% (58/137),298
Ryan Gravenberch,Liverpool,MF,3160,1.1,3.1,0,4,70,181,26,151,7,81,37,45.7% (37/81),251
Bernardo Silva,Manchester City,"MF,FW",2670,3.9,5.1,4,4,101,134,53,87,60,61,28,45.9% (28/61),235
Erling Haaland,Manchester City,FW,2736,22.0,3.0,19,3,24,20,29,10,3,36,13,36.1% (13/36),44
Jack Grealish,Manchester City,"FW,MF",721,1.1,1.8,1,1,69,52,24,23,20,29,13,44.8% (13/29),121
Jeremy Doku,Manchester City,"FW,MF",1516,1.3,4.8,3,6,213,69,32,12,59,201,107,53.2% (107/201),282
Kevin De Bruyne,Manchester City,"MF,FW",1702,5.1,8.0,4,7,51,157,57,88,145,34,13,38.2% (13/34),208
Mateo Kovačić,Manchester City,MF,2198,1.9,3.6,6,2,56,164,33,206,0,41,22,53.7% (22/41),220
Nicolás González,Manchester City,MF,760,0.5,0.1,1,0,9,50,1,52,1,6,1,16.7% (1/6),59
Omar Marmoush,Manchester City,"FW,MF",1175,5.5,2.8,7,0,29,37,15,10,28,46,20,43.5% (20/46),66
Phil Foden,Manchester City,"MF,FW",1777,5.2,4.8,7,2,50,103,43,41,80,43,14,32.6% (14/43),153
Sávio,Manchester City,"FW,MF",1766,5.0,6.9,1,8,137,67,46,19,84,113,52,46.0% (52/113),204
İlkay Gündoğan,Manchester City,MF,2223,3.2,3.5,1,6,64,127,44,108,60,41,17,41.5% (17/41),191
Alejandro Garnacho,Manchester Utd,"MF,FW",2199,7.3,4.5,6,2,141,56,37,22,56,89,26,29.2% (26/89),197
Amad Diallo,Manchester Utd,"MF,FW",1901,4.7,4.9,8,6,109,60,49,27,42,88,41,46.6% (41/88),169
Bruno Fernandes,Manchester Utd,MF,3018,9.9,8.5,5,10,77,325,91,214,186,67,28,41.8% (28/67),402
Casemiro,Manchester Utd,MF,1494,1.9,2.3,1,0,4,84,22,81,20,6,3,50.0% (3/6),88
Christian Eriksen,Manchester Utd,MF,1061,1.4,3.2,0,2,13,55,31,54,85,4,0,0.0% (0/4),68
Joshua Zirkzee,Manchester Utd,"FW,MF",1402,4.8,1.5,3,1,14,44,12,26,4,35,11,31.4% (11/35),58
Kobbie Mainoo,Manchester Utd,MF,1651,0.7,1.6,0,0,22,65,14,50,7,50,23,46.0% (23/50),87
Manuel Ugarte Ribeiro,Manchester Utd,MF,1785,1.0,1.1,1,2,16,61,10,59,7,32,18,56.2% (18/32),77
Marcus Rashford,Manchester Utd,"FW,MF",978,1.7,2.1,4,1,20,21,15,13,27,39,9,23.1% (9/39),41
Mason Mount,Manchester Utd,MF,622,3.2,0.6,1,0,15,33,8,19,13,10,1,10.0% (1/10),48
Rasmus Højlund,Manchester Utd,FW,2004,5.3,1.8,4,0,28,18,16,14,8,33,9,27.3% (9/33),46
Alexander Isak,Newcastle Utd,FW,2756,20.3,4.3,19,6,83,88,41,35,16,91,42,46.2% (42/91),171
Anthony Gordon,Newcastle Utd,"FW,MF",2434,8.0,5.0,5,5,121,98,51,65,131,103,38,36.9% (38/103),219
Bruno Guimarães,Newcastle Utd,MF,3271,4.3,6.1,5,6,64,271,52,180,28,78,34,43.6% (34/78),335
Harvey Barnes,Newcastle Utd,FW,1755,7.2,4.0,9,4,93,83,26,25,47,64,24,37.5% (24/64),176
Jacob Murphy,Newcastle Utd,FW,2360,5.7,8.9,8,12,79,83,42,58,120,69,35,50.7% (35/69),162
Joe Willock,Newcastle Utd,"MF,FW",1086,1.6,2.1,0,2,38,41,22,28,18,35,12,34.3% (12/35),79
Joelinton,Newcastle Utd,"MF,FW",2393,3.9,2.5,4,3,40,116,23,80,16,46,15,32.6% (15/46),156
Sandro Tonali,Newcastle Utd,MF,2630,4.4,2.2,4,2,37,128,28,104,54,37,20,54.1% (20/37),165
Sean Longstaff,Newcastle Utd,MF,798,0.6,0.2,0,0,4,40,4,26,5,7,2,28.6% (2/7),44
Anthony Elanga,Nott'ham Forest,"FW,MF",2501,4.5,5.7,6,11,102,63,50,32,185,83,25,30.1% (25/83),165
Callum Hudson-Odoi,Nott'ham Forest,"FW,MF",2194,2.5,2.7,5,2,130,71,44,38,79,63,37,58.7% (37/63),201
Chris Wood,Nott'ham Forest,FW,2959,13.4,2.6,17,3,14,42,22,19,1,13,4,30.8% (4/13),56
Elliot Anderson,Nott'ham Forest,MF,2728,2.1,3.3,2,6,52,143,37,121,86,75,36,48.0% (36/75),195
Jota Silva,Nott'ham Forest,"FW,MF",854,2.1,2.9,3,1,21,18,14,4,21,34,10,29.4% (10/34),39
Morgan Gibbs-White,Nott'ham Forest,MF,2803,6.3,5.0,7,8,69,164,51,128,45,77,31,40.3% (31/77),233
Nicolás Domínguez,Nott'ham Forest,"MF,FW",1963,1.5,1.3,0,1,16,83,13,81,7,9,3,33.3% (3/9),99
Ryan Yates,Nott'ham Forest,MF,1915,2.3,1.2,2,1,18,53,18,48,8,18,9,50.0% (9/18),71
Adam Armstrong,Southampton,"FW,MF",1248,3.3,1.2,2,2,25,21,9,10,14,14,6,42.9% (6/14),46
Cameron Archer,Southampton,FW,1441,5.7,0.5,2,0,22,14,5,7,3,37,15,40.5% (15/37),36
Flynn Downes,Southampton,MF,2151,0.6,1.1,1,0,29,66,15,62,4,20,8,40.0% (8/20),95
Kamaldeen Sulemana,Southampton,"FW,MF",1402,1.5,1.0,1,1,63,27,10,6,26,103,39,37.9% (39/103),90
Lesley Ugochukwu,Southampton,MF,1655,0.9,1.0,1,1,29,49,14,54,6,28,19,67.9% (19/28),78
Mateus Fernandes,Southampton,MF,2909,4.0,3.0,2,4,76,145,34,98,113,109,49,45.0% (49/109),221
Paul Onuachu,Southampton,FW,1050,3.6,0.5,4,1,7,13,8,13,0,26,8,30.8% (8/26),20
Tyler Dibling,Southampton,"FW,MF",1874,2.5,1.5,2,0,69,64,20,27,28,110,45,40.9% (45/110),133
William Smallbone,Southampton,MF,690,0.6,0.7,1,0,5,27,10,13,36,6,4,66.7% (4/6),32
Brennan Johnson,Tottenham,FW,2177,10.4,2.3,11,3,60,71,19,25,53,44,19,43.2% (19/44),131
Dejan Kulusevski,Tottenham,"MF,FW",2389,4.2,6.2,7,4,120,124,65,62,89,117,38,32.5% (38/117),244
Dominic Solanke,Tottenham,FW,2201,10.9,2.9,8,3,31,47,14,28,4,51,17,33.3% (17/51),78
James Maddison,Tottenham,MF,1809,5.8,4.2,9,7,45,164,41,123,98,77,33,42.9% (33/77),209
Lucas Bergvall,Tottenham,MF,1212,0.7,0.6,0,1,33,49,11,53,21,45,21,46.7% (21/45),82
Mathys Tel,Tottenham,FW,911,3.0,2.5,1,1,28,21,14,12,35,52,15,28.8% (15/52),49
Pape Matar Sarr,Tottenham,MF,1913,3.7,1.6,3,2,33,88,15,85,14,30,11,36.7% (11/30),121
Rodrigo Bentancur,Tottenham,MF,1645,1.3,0.4,2,0,28,100,10,109,4,19,9,47.4% (9/19),128
Son Heung-min,Tottenham,FW,2110,7.2,8.2,6,9,96,111,50,41,79,83,29,34.9% (29/83),207
Wilson Odobert,Tottenham,"FW,MF",850,1.6,1.0,1,0,45,27,6,11,25,32,12,37.5% (12/32),72
Yves Bissouma,Tottenham,MF,1408,0.6,0.3,2,0,15,75,6,61,2,21,7,33.3% (7/21),90
Carlos Soler,West Ham,"MF,FW",1409,1.8,1.4,1,1,17,56,18,43,34,18,8,44.4% (8/18),73
Crysencio Summerville,West Ham,"FW,MF",786,1.6,1.7,1,1,29,18,17,13,21,39,13,33.3% (13/39),47
Edson Álvarez,West Ham,MF,1772,0.4,0.8,0,1,24,85,12,92,6,33,14,42.4% (14/33),109
Guido Rodríguez,West Ham,MF,1149,0.2,0.2,0,1,4,33,4,37,5,6,3,50.0% (3/6),37
James Ward-Prowse,West Ham,MF,1039,1.6,1.9,1,1,11,54,20,76,49,5,2,40.0% (2/5),65
Jarrod Bowen,West Ham,"FW,MF",2973,8.6,6.8,12,8,109,91,51,41,106,130,44,33.8% (44/130),200
Lucas Paquetá,West Ham,"MF,FW",2380,5.3,3.1,2,0,26,155,36,132,29,47,21,44.7% (21/47),181
Michail Antonio,West Ham,FW,836,2.2,1.6,1,1,29,18,9,11,25,27,9,33.3% (9/27),47
Mohammed Kudus,West Ham,"FW,MF",2590,6.9,3.1,5,3,98,79,31,46,81,208,92,44.2% (92/208),177
Niclas Füllkrug,West Ham,FW,790,2.2,1.9,3,2,7,14,14,12,1,8,1,12.5% (1/8),21
Tomáš Souček,West Ham,MF,2567,6.7,1.0,9,1,9,74,14,62,14,12,6,50.0% (6/12),83
André,Wolves,MF,2472,0.4,0.8,0,0,10,109,18,111,0,32,16,50.0% (16/32),119
Gonçalo Guedes,Wolves,"MF,FW",995,3.2,1.3,2,4,41,40,14,18,22,28,9,32.1% (9/28),81
Hwang Hee-chan,Wolves,"MF,FW",661,0.8,0.1,2,0,15,12,3,7,8,14,2,14.3% (2/14),27
Jean-Ricner Bellegarde,Wolves,"MF,FW",1677,1.5,3.8,2,7,52,43,27,30,44,61,14,23.0% (14/61),95
João Gomes,Wolves,MF,2974,2.9,1.2,3,1,59,165,23,122,29,65,30,46.2% (30/65),224
Jørgen Strand Larsen,Wolves,FW,2587,10.3,3.0,14,4,17,29,21,19,6,20,8,40.0% (8/20),46
Marshall Munetsi,Wolves,"MF,FW",1078,3.3,1.8,2,1,9,10,9,7,10,11,3,27.3% (3/11),19
Matheus Cunha,Wolves,"MF,FW",2597,8.6,7.7,15,6,112,144,56,92,142,137,61,44.5% (61/137),256
Pablo Sarabia,Wolves,"MF,FW",814,2.9,1.8,3,2,15,60,15,39,47,15,6,40.0% (6/15),75
Ander Guevara,Alavés,MF,1947,0.9,0.6,0,1,14,112,12,95,5,15,9,60.0% (9/15),126
Antonio Blanco,Alavés,MF,2727,0.8,1.6,0,1,13,146,15,142,29,21,15,71.4% (15/21),159
Carles Aleñá,Alavés,"MF,FW",1090,0.7,1.3,0,2,18,58,19,35,31,24,12,50.0% (12/24),76
Carlos Martín,Alavés,"FW,MF",1333,2.3,2.7,2,2,13,21,13,15,24,36,9,25.0% (9/36),34
Carlos Vicente,Alavés,"FW,MF",3092,3.5,5.4,4,5,104,68,63,36,269,106,34,32.1% (34/106),172
Joan Jordán,Alavés,MF,1414,4.8,2.3,2,2,7,104,31,102,106,7,6,85.7% (6/7),111
Jon Guridi,Alavés,"MF,FW",2080,4.2,1.2,2,1,27,79,17,55,17,26,8,30.8% (8/26),106
Kiké,Alavés,FW,2542,9.6,0.9,10,0,25,50,13,30,13,35,13,37.1% (13/35),75
Stoichkov,Alavés,"MF,FW",699,1.1,1.2,0,1,9,26,7,16,13,18,6,33.3% (6/18),35
Tomás Conechny,Alavés,"FW,MF",847,2.4,0.3,1,0,14,23,7,14,31,13,6,46.2% (6/13),37
Toni Martínez,Alavés,FW,1012,3.6,0.6,4,0,13,11,11,11,7,15,9,60.0% (9/15),24
Beñat Prados,Athletic Club,MF,1715,1.0,1.1,1,0,20,78,11,70,9,30,15,50.0% (15/30),98
Gorka Guruzeta,Athletic Club,FW,1840,6.7,1.5,7,2,8,31,15,23,5,20,11,55.0% (11/20),39
Iñaki Williams,Athletic Club,FW,2652,7.6,7.8,6,8,107,76,43,38,115,101,33,32.7% (33/101),183
Iñigo Ruiz de Galarreta,Athletic Club,MF,1477,0.5,2.9,0,4,27,137,28,101,29,23,16,69.6% (16/23),164
Maroan Sannadi,Athletic Club,FW,754,3.5,0.6,1,1,21,15,7,13,6,30,14,46.7% (14/30),36
Mikel Jauregizar,Athletic Club,MF,2244,1.1,1.4,2,1,14,118,23,106,27,42,20,47.6% (20/42),132
Mikel Vesga,Athletic Club,MF,988,1.2,1.0,0,0,10,64,12,51,8,12,7,58.3% (7/12),74
Nico Williams,Athletic Club,FW,1996,4.2,3.5,5,5,118,69,40,23,107,187,68,36.4% (68/187),187
Oihan Sancet,Athletic Club,MF,1620,9.7,1.9,12,1,52,90,21,66,18,50,24,48.0% (24/50),142
Unai Gómez,Athletic Club,"MF,FW",1284,1.9,0.8,1,3,19,23,10,20,23,29,12,41.4% (12/29),42
Álex Berenguer,Athletic Club,"FW,MF",2339,6.8,5.0,6,7,65,78,46,49,178,82,33,40.2% (33/82),143
Álvaro djaló,Athletic Club,FW,659,0.8,0.9,1,0,22,13,4,6,14,36,14,38.9% (14/36),35
Alexander Sørloth,Atlético Madrid,FW,1566,16.8,1.6,19,2,32,31,13,19,5,37,14,37.8% (14/37),63
Antoine Griezmann,Atlético Madrid,"FW,MF",2469,7.4,7.1,7,7,46,143,48,105,138,35,15,42.9% (15/35),189
Conor Gallagher,Atlético Madrid,MF,1633,2.8,1.2,3,3,24,64,12,47,13,42,17,40.5% (17/42),88
Giuliano Simeone,Atlético Madrid,MF,1926,2.2,5.2,2,6,69,49,24,30,49,68,30,44.1% (30/68),118
Julián Álvarez,Atlético Madrid,FW,2509,14.1,5.3,13,4,79,92,41,45,69,65,34,52.3% (34/65),171
Koke,Atlético Madrid,MF,1926,1.1,1.4,1,1,22,132,16,134,22,22,9,40.9% (9/22),154
Pablo Barrios,Atlético Madrid,MF,2330,1.3,2.4,1,4,29,142,26,148,26,42,25,59.5% (25/42),171
Rodrigo De Paul,Atlético Madrid,MF,2106,1.3,5.6,3,5,85,231,42,180,59,35,14,40.0% (14/35),316
Ángel Correa,Atlético Madrid,"FW,MF",805,4.5,2.1,4,1,30,25,14,19,24,38,13,34.2% (13/38),55
Dani Olmo,Barcelona,"MF,FW",1212,6.5,3.0,8,3,33,81,26,49,21,45,23,51.1% (23/45),114
Fermin López,Barcelona,"MF,FW",1252,5.6,3.9,6,5,31,79,29,65,47,55,25,45.5% (25/55),110
Ferrán Torres,Barcelona,"FW,MF",1106,8.0,3.1,10,6,23,35,19,17,17,21,11,52.4% (11/21),58
Frenkie de Jong,Barcelona,MF,1143,0.7,2.0,2,2,36,120,21,140,6,8,5,62.5% (5/8),156
Gavi,Barcelona,"MF,FW",1085,0.9,1.6,1,1,13,77,14,92,9,18,9,50.0% (9/18),90
Lamine Yamal,Barcelona,FW,2856,9.8,13.9,9,13,181,160,64,78,108,316,161,50.9% (161/316),341
Marc Casado,Barcelona,MF,1611,1.1,1.4,1,3,12,107,9,138,9,9,4,44.4% (4/9),119
Pedri,Barcelona,MF,2879,2.2,7.4,4,5,92,360,70,331,58,61,40,65.6% (40/61),452
Raphinha,Barcelona,"FW,MF",2839,19.2,12.7,16,9,94,135,91,87,215,103,52,50.5% (52/103),229
Robert Lewandowski,Barcelona,FW,2667,27.1,2.3,24,2,27,48,19,31,5,35,20,57.1% (20/35),75
Abde Ezzalzouli,Betis,"FW,MF",1984,8.0,2.0,2,2,117,68,27,42,49,103,46,44.7% (46/103),185
Antony,Betis,FW,1362,2.9,3.5,5,2,94,67,36,34,40,63,24,38.1% (24/63),161
Cucho,Betis,FW,1139,3.8,1.5,5,1,27,34,14,20,12,26,17,65.4% (17/26),61
Cédric Bakambu,Betis,FW,710,3.2,0.6,2,2,9,14,8,9,2,7,1,14.3% (1/7),23
Ezequiel Ávila,Betis,FW,677,1.5,1.0,2,0,12,18,15,1,29,11,5,45.5% (5/11),30
Giovani Lo Celso,Betis,"MF,FW",1457,4.8,4.9,6,3,26,132,43,89,95,55,21,38.2% (21/55),158
Isco,Betis,MF,1547,8.6,4.4,4,8,38,152,61,120,92,59,27,45.8% (27/59),190
Jesus Rodríguez,Betis,FW,1111,2.3,0.2,2,0,53,35,8,15,18,84,30,35.7% (30/84),88
Johnny Cardoso,Betis,MF,2144,2.0,0.9,3,1,19,71,9,63,3,42,26,61.9% (26/42),90
Marc Roca,Betis,MF,906,1.1,1.0,2,2,11,59,12,51,10,5,4,80.0% (4/5),70
Pablo Fornals,Betis,"MF,FW",1827,1.8,3.3,2,0,32,146,36,93,54,28,8,28.6% (8/28),178
Sergi Altimira,Betis,MF,1972,1.7,1.7,0,1,25,99,22,91,5,24,16,66.7% (16/24),124
Vitor Roque,Betis,FW,1235,6.1,1.2,4,0,24,17,12,4,6,39,10,25.6% (10/39),41
Alfon,Celta Vigo,"FW,MF",1371,4.6,2.6,5,2,89,22,24,8,40,63,25,39.7% (25/63),111
Anastasios Douvikas,Celta Vigo,FW,700,4.4,0.2,3,1,6,6,3,2,1,13,4,30.8% (4/13),12
Borja Iglesias,Celta Vigo,FW,1952,9.3,3.2,11,3,22,28,18,20,6,32,11,34.4% (11/32),50
Damián Rodríguez,Celta Vigo,MF,927,0.1,0.8,0,0,8,71,17,85,30,2,0,0.0% (0/2),79
Fer López,Celta Vigo,"FW,MF",671,2.7,1.9,2,0,27,43,14,19,2,34,18,52.9% (18/34),70
Fran Beltrán,Celta Vigo,MF,2421,1.0,1.8,2,1,28,152,15,132,5,19,10,52.6% (10/19),180
Hugo Sotelo,Celta Vigo,MF,1254,0.2,1.7,0,0,21,83,19,100,50,20,8,40.0% (8/20),104
Iago Aspas,Celta Vigo,"FW,MF",1745,8.7,4.6,5,5,50,132,38,74,15,27,15,55.6% (15/27),182
Ilaix Moriba,Celta Vigo,MF,2132,1.7,1.5,1,1,34,119,20,107,6,49,15,30.6% (15/49),153
Jonathan Bamba,Celta Vigo,"FW,MF",811,0.8,1.8,0,1,31,30,12,20,25,38,15,39.5% (15/38),61
Pablo Durán,Celta Vigo,"FW,MF",1394,3.6,2.8,4,4,24,30,17,21,18,42,12,28.6% (12/42),54
Williot Swedberg,Celta Vigo,"FW,MF",1348,5.2,2.6,4,5,34,28,16,16,18,44,10,22.7% (10/44),62
Alejo Véliz,Espanyol,FW,1127,2.3,0.6,1,0,2,8,3,9,0,5,1,20.0% (1/5),10
Alex Král,Espanyol,MF,2714,1.5,1.5,0,1,49,78,12,74,38,55,29,52.7% (29/55),127
Antoniu,Espanyol,"FW,MF",1022,0.9,1.1,0,1,35,28,7,10,20,54,29,53.7% (29/54),63
Edu Expósito,Espanyol,MF,1045,1.0,3.2,0,2,23,64,28,36,66,28,15,53.6% (15/28),87
Irvin Cardona,Espanyol,"FW,MF",606,1.1,0.6,1,1,14,15,9,9,14,13,3,23.1% (3/13),29
Javi Puado,Espanyol,"FW,MF",2974,11.6,3.0,7,4,73,75,22,36,27,61,21,34.4% (21/61),148
Jofre,Espanyol,"MF,FW",2165,2.5,2.5,3,3,65,48,24,17,54,112,39,34.8% (39/112),113
Pol Lozano,Espanyol,MF,1943,0.2,0.8,0,1,18,115,17,95,19,19,5,26.3% (5/19),133
Roberto Férnandez,Espanyol,FW,1497,3.6,0.6,6,0,7,17,8,9,2,27,11,40.7% (11/27),24
Urko González,Espanyol,MF,1374,0.5,0.7,0,2,18,62,10,37,3,17,6,35.3% (6/17),80
Walid Cheddira,Espanyol,FW,640,1.0,1.2,1,1,8,12,6,3,2,20,4,20.0% (4/20),20
Alex Sola,Getafe,"MF,FW",1029,1.0,0.7,0,1,24,23,9,12,18,61,21,34.4% (21/61),47
Bertuğ Yıldırım,Getafe,FW,1083,2.5,1.2,1,0,8,14,9,9,7,16,7,43.8% (7/16),22
Borja Mayoral,Getafe,FW,1114,3.4,0.9,4,1,10,13,8,11,9,20,6,30.0% (6/20),23
Carles Pérez,Getafe,"MF,FW",1431,2.4,1.5,3,0,31,20,17,17,42,50,21,42.0% (21/50),51
Christantus Uche,Getafe,"FW,MF",2486,3.8,2.9,4,6,43,49,29,37,22,91,32,35.2% (32/91),92
Coba da Costa,Getafe,"MF,FW",1006,1.1,1.4,1,1,46,16,9,14,41,56,19,33.9% (19/56),62
Juanmi,Getafe,"FW,MF",696,2.9,0.3,0,0,6,8,4,3,0,10,4,40.0% (4/10),14
Luis Milla,Getafe,MF,2875,1.8,3.9,0,4,32,152,70,149,201,39,21,53.8% (21/39),184
Mauro Arambarri,Getafe,MF,2661,8.2,0.6,7,0,17,75,17,74,14,34,18,52.9% (18/34),92
Ramón Terrats,Getafe,"MF,FW",1219,2.2,2.5,4,1,8,36,16,29,35,50,25,50.0% (25/50),44
Álvaro Rodríguez,Getafe,FW,852,1.2,0.3,2,0,6,13,5,15,5,33,16,48.5% (16/33),19
Abel Ruiz,Girona,FW,1346,4.6,0.5,3,0,21,23,8,14,4,20,7,35.0% (7/20),44
Arnaut Danjuma,Girona,"FW,MF",1335,3.6,1.7,2,0,91,41,22,17,76,67,24,35.8% (24/67),132
Arthur Melo,Girona,MF,941,0.2,0.2,0,0,24,70,5,70,7,14,8,57.1% (8/14),94
Bojan Miovski,Girona,FW,869,2.7,0.2,2,1,4,4,4,2,3,7,3,42.9% (3/7),8
Bryan Gil,Girona,"FW,MF",1721,2.3,2.9,3,3,76,74,21,27,78,104,41,39.4% (41/104),150
Cristhian Stuani,Girona,FW,1078,8.1,0.6,8,2,2,10,6,1,2,5,2,40.0% (2/5),12
Donny van de Beek,Girona,MF,1421,1.5,3.2,2,2,17,45,18,21,11,13,6,46.2% (6/13),62
Iván Martín,Girona,MF,2039,1.8,1.9,1,1,57,131,22,101,21,47,25,53.2% (25/47),188
Oriol Romeu,Girona,MF,1356,0.1,0.3,0,0,22,73,8,81,8,8,4,50.0% (4/8),95
Portu,Girona,"FW,MF",779,1.6,1.7,1,2,20,16,14,12,26,10,4,40.0% (4/10),36
Viktor Tsyhankov,Girona,"FW,MF",1913,2.8,3.9,2,5,62,65,33,38,124,35,15,42.9% (15/35),127
Yangel Herrera,Girona,MF,2257,3.6,1.5,4,3,31,110,17,97,44,47,19,40.4% (19/47),141
Yaser Asprilla,Girona,"FW,MF",1405,2.1,2.8,3,1,72,77,24,35,93,64,29,45.3% (29/64),149
Alberto Moleiro,Las Palmas,"FW,MF",2714,5.6,3.3,6,1,97,116,41,75,32,150,64,42.7% (64/150),213
Dario Essugo,Las Palmas,MF,1938,0.7,0.4,1,0,18,76,13,73,1,18,12,66.7% (12/18),94
Enzo Loiodice,Las Palmas,MF,684,0.3,0.2,0,0,3,31,5,30,10,13,4,30.8% (4/13),34
Fábio Silva,Las Palmas,FW,1866,8.8,2.0,8,3,30,26,16,13,21,53,21,39.6% (21/53),56
Jaime Mata,Las Palmas,"FW,MF",656,2.6,0.1,0,0,6,10,3,8,9,9,5,55.6% (5/9),16
José Campaña,Las Palmas,MF,1189,0.1,0.9,0,3,11,87,14,72,34,18,8,44.4% (8/18),98
Kirian Rodríguez,Las Palmas,MF,1758,1.6,1.5,0,3,25,128,16,106,18,16,11,68.8% (11/16),153
Manuel Fuster,Las Palmas,"FW,MF",1003,0.7,1.8,2,1,23,71,28,56,67,17,5,29.4% (5/17),94
Oliver McBurnie,Las Palmas,FW,1837,4.8,2.8,3,6,7,27,24,23,2,34,16,47.1% (16/34),34
Sandro Ramírez,Las Palmas,"FW,MF",2034,4.1,3.4,8,3,52,52,28,33,122,47,16,34.0% (16/47),104
Dani Raba,Leganés,"FW,MF",1879,7.5,5.3,4,6,42,69,47,50,90,91,46,50.5% (46/91),111
Darko Brašanac,Leganés,MF,1617,1.8,0.4,1,2,6,43,9,28,11,7,2,28.6% (2/7),49
Diego,Leganés,FW,1195,3.8,0.2,3,0,9,16,6,8,5,10,4,40.0% (4/10),25
Juan Cruz,Leganés,"FW,MF",2257,2.7,4.1,5,4,59,66,24,34,92,78,40,51.3% (40/78),125
Miguel,Leganés,FW,1724,4.9,1.4,0,3,14,16,7,9,9,36,8,22.2% (8/36),30
Munir El Haddadi,Leganés,"FW,MF",862,1.6,0.8,4,0,11,29,8,19,13,21,7,33.3% (7/21),40
Seydouba Cissé,Leganés,MF,2435,3.0,1.0,3,1,26,110,17,86,10,45,30,66.7% (30/45),136
Yvan Neyou,Leganés,MF,2312,0.6,0.6,1,1,24,96,13,86,15,42,19,45.2% (19/42),120
Óscar Rodríguez Arnaiz,Leganés,"MF,FW",1330,2.1,2.2,1,4,24,60,19,31,55,52,21,40.4% (21/52),84
Cyle Larin,Mallorca,FW,1764,6.9,1.4,6,2,20,20,8,11,6,30,8,26.7% (8/30),40
Dani Rodríguez,Mallorca,"MF,FW",2162,2.8,3.1,4,7,37,78,33,42,116,34,16,47.1% (16/34),115
Manu Morlanes,Mallorca,MF,1338,0.6,0.3,0,0,16,88,10,84,8,8,3,37.5% (3/8),104
Omar Mascarell,Mallorca,MF,1992,0.5,0.2,1,0,10,75,3,72,5,15,10,66.7% (10/15),85
Roberto Navarro,Mallorca,"MF,FW",1278,2.0,1.9,1,0,45,51,13,27,29,67,35,52.2% (35/67),96
Samu Costa,Mallorca,MF,2649,1.8,1.2,0,2,24,116,15,117,20,33,13,39.4% (13/33),140
Sergi Darder,Mallorca,"MF,FW",2744,2.1,3.7,2,6,37,142,54,122,163,74,34,45.9% (34/74),179
Takuma Asano,Mallorca,"FW,MF",1054,2.7,0.7,2,1,28,20,6,8,20,25,6,24.0% (6/25),48
Vedat Muriqi,Mallorca,FW,2058,9.7,2.2,5,2,23,30,26,23,10,26,9,34.6% (9/26),53
Aimar Oroz,Osasuna,MF,2966,4.2,2.9,4,4,74,163,41,91,29,101,49,48.5% (49/101),237
Ante Budimir,Osasuna,FW,2952,18.3,1.7,13,4,23,24,16,12,6,43,10,23.3% (10/43),47
Bryan Zaragoza,Osasuna,"FW,MF",1836,2.7,3.2,1,6,105,50,36,23,104,131,57,43.5% (57/131),155
Iker Muñoz,Osasuna,MF,610,0.5,1.0,0,1,6,24,6,30,7,4,2,50.0% (2/4),30
Jon Moncayola,Osasuna,MF,2099,1.6,3.7,0,0,25,107,33,76,107,12,4,33.3% (4/12),132
Lucas Torró,Osasuna,MF,2957,2.3,1.2,3,0,10,109,10,114,1,9,6,66.7% (6/9),119
Moi Gómez,Osasuna,"MF,FW",796,0.5,0.8,0,0,13,49,11,46,28,26,14,53.8% (14/26),62
Pablo Ibáñez,Osasuna,MF,1294,1.6,1.6,1,1,21,51,6,35,13,27,13,48.1% (13/27),72
Raúl,Osasuna,"FW,MF",750,3.5,0.7,4,0,10,16,3,11,6,20,11,55.0% (11/20),26
Rubén García,Osasuna,"FW,MF",2413,3.2,3.6,5,5,37,112,49,77,136,36,12,33.3% (12/36),149
Adri Embarba,Rayo Vallecano,"FW,MF",1607,2.1,2.7,1,1,47,45,20,23,114,56,20,35.7% (20/56),92
Gerard Gumbau,Rayo Vallecano,MF,849,1.1,1.3,0,1,2,41,17,37,38,4,2,50.0% (2/4),43
Isaac Palazón Camacho,Rayo Vallecano,"MF,FW",2162,4.7,4.4,4,4,30,117,48,77,111,66,25,37.9% (25/66),147
Jorge de Frutos,Rayo Vallecano,"FW,MF",2495,6.3,3.4,6,3,77,44,31,22,69,104,32,30.8% (32/104),121
Pedro Díaz,Rayo Vallecano,MF,1211,2.4,2.1,3,0,27,62,26,45,42,34,20,58.8% (20/34),89
Randy Nteka,Rayo Vallecano,FW,1129,2.6,0.5,3,0,10,8,9,5,4,15,5,33.3% (5/15),18
Sergio Camello,Rayo Vallecano,FW,1134,4.1,2.0,3,2,20,27,19,12,6,23,13,56.5% (13/23),47
Unai López,Rayo Vallecano,MF,1707,1.6,1.0,3,1,22,112,19,106,33,23,15,65.2% (15/23),134
Álvaro García,Rayo Vallecano,"FW,MF",2559,7.6,5.0,4,5,68,71,50,27,109,27,10,37.0% (10/27),139
Óscar Valentín,Rayo Vallecano,MF,1835,0.4,0.9,0,0,13,86,13,74,2,11,5,45.5% (5/11),99
Arda Güler,Real Madrid,"MF,FW",1250,3.3,4.5,3,4,34,93,40,82,57,45,20,44.4% (20/45),127
Brahim Díaz,Real Madrid,"FW,MF",1385,5.3,3.3,4,2,39,74,23,56,8,47,24,51.1% (24/47),113
Dani Ceballos,Real Madrid,MF,1215,0.4,1.6,0,0,42,150,22,156,14,15,8,53.3% (8/15),192
Jude Bellingham,Real Madrid,MF,2488,11.4,3.9,8,8,74,199,42,130,18,75,41,54.7% (41/75),273
Kylian Mbappé,Real Madrid,FW,2907,25.9,7.7,24,3,150,140,51,75,35,187,83,44.4% (83/187),290
Luka Modrić,Real Madrid,MF,1827,1.6,7.0,2,6,62,208,66,225,112,24,14,58.3% (14/24),270
Rodrygo,Real Madrid,"FW,MF",1928,4.0,3.0,6,5,113,108,49,66,81,111,49,44.1% (49/111),221
Vinicius Júnior,Real Madrid,FW,2253,10.4,8.0,9,8,169,85,58,53,56,191,82,42.9% (82/191),254
Ander Barrenetxea,Real Sociedad,"MF,FW",1263,1.6,1.9,1,3,43,48,16,23,54,69,26,37.7% (26/69),91
Beñat Turrientes,Real Sociedad,MF,942,0.6,0.2,0,0,18,42,3,40,19,24,13,54.2% (13/24),60
Brais Méndez,Real Sociedad,MF,1531,3.5,2.0,3,2,32,91,23,68,52,50,14,28.0% (14/50),123
Luka Sučić,Real Sociedad,MF,1792,3.3,2.6,1,1,30,79,25,52,18,53,25,47.2% (25/53),109
Martín Zubimendi,Real Sociedad,MF,2962,2.6,1.1,2,1,38,195,19,172,12,28,19,67.9% (19/28),233
Mikel Oyarzabal,Real Sociedad,FW,2250,9.9,2.4,5,3,31,28,15,19,10,20,9,45.0% (9/20),59
Olasagasti,Real Sociedad,MF,857,0.9,0.8,1,1,11,38,6,34,10,13,3,23.1% (3/13),49
Orri Steinn Óskarsson,Real Sociedad,FW,944,5.2,0.2,3,0,6,9,5,4,7,8,2,25.0% (2/8),15
Pablo Marín,Real Sociedad,MF,1239,1.4,1.0,1,2,20,45,14,38,12,35,20,57.1% (20/35),65
Sheraldo Becker,Real Sociedad,"FW,MF",995,2.0,2.0,2,1,51,23,8,6,64,11,4,36.4% (4/11),74
Takefusa Kubo,Real Sociedad,"MF,FW",2372,3.6,4.5,5,0,133,110,45,59,85,157,75,47.8% (75/157),243
Albert Sambi Lokonga,Sevilla,MF,1471,0.9,1.0,0,2,24,93,19,81,2,10,4,40.0% (4/10),117
Chidera Ejuke,Sevilla,FW,966,1.1,1.9,2,1,75,38,21,18,22,85,47,55.3% (47/85),113
Djibril Sow,Sevilla,MF,2062,2.4,1.6,2,1,23,100,21,87,9,25,10,40.0% (10/25),123
Dodi Lukebakio,Sevilla,FW,3092,10.1,4.5,10,2,131,93,54,50,124,167,84,50.3% (84/167),224
Isaac Romero,Sevilla,FW,2156,6.8,2.1,4,2,21,29,20,20,18,65,21,32.3% (21/65),50
Lucien Agoume,Sevilla,MF,2114,0.9,2.5,1,3,29,135,27,126,18,30,22,73.3% (22/30),164
Peque,Sevilla,"MF,FW",1134,2.5,1.2,1,1,14,35,12,25,10,26,11,42.3% (11/26),49
Ruben Vargas,Sevilla,"FW,MF",671,2.0,0.8,2,1,29,14,13,11,37,33,12,36.4% (12/33),43
Saúl Ñíguez,Sevilla,MF,1553,2.8,2.5,1,6,13,66,22,51,19,28,12,42.9% (12/28),79
Suso,Sevilla,"FW,MF",606,0.7,1.6,0,2,20,43,22,31,59,32,14,43.8% (14/32),63
Diego López,Valencia,"MF,FW",2737,6.6,5.0,8,5,76,85,38,43,67,77,23,29.9% (23/77),161
Domingos André Ribeiro Almeida,Valencia,"MF,FW",1977,1.2,3.2,0,4,45,142,43,96,67,54,22,40.7% (22/54),187
Enzo Barrenechea,Valencia,MF,2191,1.3,0.9,1,2,21,126,15,143,3,31,11,35.5% (11/31),147
Hugo Duro,Valencia,FW,2166,9.4,1.3,10,2,13,28,14,18,7,20,7,35.0% (7/20),41
Javier Guerra,Valencia,MF,2581,2.2,3.2,3,3,50,137,23,119,45,78,29,37.2% (29/78),187
José Luis García Vayá,Valencia,MF,1742,2.1,2.1,0,2,13,142,32,163,109,13,8,61.5% (8/13),155
Luis Rioja,Valencia,"MF,FW",2831,3.3,4.5,3,3,93,103,35,42,203,91,43,47.3% (43/91),196
Rafa Mir,Valencia,"FW,MF",753,3.0,0.7,1,2,10,20,4,15,7,14,2,14.3% (2/14),30
Umar Sadiq,Valencia,FW,825,3.4,0.7,5,0,9,7,6,4,0,25,11,44.0% (11/25),16
Anuar,Valladolid,"MF,FW",1720,1.7,1.2,2,0,24,30,7,19,22,24,7,29.2% (7/24),54
Chuky san jose,Valladolid,MF,728,2.2,1.2,2,0,6,15,8,10,24,9,4,44.4% (4/9),21
Darwin Machís,Valladolid,"MF,FW",639,0.9,0.5,0,1,17,19,8,17,68,20,5,25.0% (5/20),36
Florian Grillitsch,Valladolid,MF,623,0.1,0.7,0,0,9,38,8,29,6,15,11,73.3% (11/15),47
Iván Sánchez,Valladolid,"MF,FW",1404,0.7,2.9,2,1,60,77,24,52,114,49,28,57.1% (28/49),137
Juanmi Latasa,Valladolid,FW,1398,4.2,0.9,3,0,3,17,13,11,5,15,8,53.3% (8/15),20
Kike Pérez,Valladolid,MF,1191,2.1,1.0,2,0,19,67,17,47,33,22,8,36.4% (8/22),86
Mamadou Sylla,Valladolid,"FW,MF",1583,5.1,1.7,1,1,15,22,14,13,9,17,5,29.4% (5/17),37
Marcos André,Valladolid,FW,1188,2.7,0.8,1,2,11,16,9,13,1,41,17,41.5% (17/41),27
Mario Martín,Valladolid,MF,1748,1.8,1.4,0,1,18,66,12,52,11,38,19,50.0% (19/38),84
Raúl Moro,Valladolid,"MF,FW",2341,4.1,5.7,4,5,112,81,44,41,149,132,57,43.2% (57/132),193
Selim Amallah,Valladolid,MF,1376,3.5,1.1,2,1,24,57,13,42,31,68,33,48.5% (33/68),81
Stanko Jurić,Valladolid,MF,1729,0.8,0.5,0,0,5,57,4,40,0,10,6,60.0% (6/10),62
Alex Baena,Villarreal,"MF,FW",2595,7.1,11.7,7,9,91,189,95,95,207,56,21,37.5% (21/56),280
Ayoze Pérez,Villarreal,FW,1970,12.7,3.0,19,2,59,73,32,37,15,78,34,43.6% (34/78),132
Daniel Parejo,Villarreal,MF,2273,2.5,1.8,2,3,19,176,23,176,37,12,8,66.7% (8/12),195
Denis Suárez,Villarreal,MF,608,0.9,1.5,1,1,27,35,14,21,25,17,10,58.8% (10/17),62
Gerard Moreno,Villarreal,FW,721,4.2,3.6,0,2,19,53,17,30,10,31,18,58.1% (18/31),72
Nicolas Pépé,Villarreal,"FW,MF",1500,3.8,4.8,3,6,76,60,33,25,44,64,27,42.2% (27/64),136
Pape Gueye,Villarreal,MF,2224,3.4,1.1,4,0,36,156,17,118,20,33,11,33.3% (11/33),192
Santi Comesaña,Villarreal,MF,2560,4.6,2.0,4,2,39,154,27,143,14,34,18,52.9% (18/34),193
Thierno Barry,Villarreal,FW,2323,12.5,2.9,10,4,44,27,23,14,5,50,18,36.0% (18/50),71
Yeremi Pino,Villarreal,"MF,FW",1934,3.9,5.3,4,7,42,66,37,35,47,58,25,43.1% (25/58),108
Esteban Lepaul,Angers,FW,1629,5.1,0.8,9,0,26,20,7,13,15,21,6,28.6% (6/21),46
Farid El Melali,Angers,FW,1893,3.6,3.1,2,3,62,43,25,18,87,119,52,43.7% (52/119),105
Haris Belkebla,Angers,MF,1792,0.1,0.9,0,1,8,69,5,68,3,22,9,40.9% (9/22),77
Himad Abdelli,Angers,"MF,FW",2842,6.4,3.2,3,1,107,207,39,171,44,121,57,47.1% (57/121),314
Ibrahima Niane,Angers,FW,943,5.7,1.0,2,1,19,9,9,13,2,19,6,31.6% (6/19),28
Jean-Eudes Aholou,Angers,MF,1959,1.8,1.0,2,0,15,68,10,46,2,28,12,42.9% (12/28),83
Jim Allevinah,Angers,FW,1750,4.2,2.5,1,3,57,48,15,28,34,48,15,31.2% (15/48),105
Yassin Belkhdim,Angers,MF,1523,0.8,0.6,1,1,17,37,5,27,16,15,2,13.3% (2/15),54
Zinedine Ferhat,Angers,"FW,MF",849,1.4,2.4,2,0,16,40,17,24,68,22,10,45.5% (10/22),56
Ado Onaiwu,Auxerre,"MF,FW",957,4.0,1.1,4,1,17,33,10,21,7,25,11,44.0% (11/25),50
Assane Dioussé,Auxerre,MF,663,0.1,0.2,0,0,1,33,2,21,1,6,2,33.3% (2/6),34
Elisha Owusu,Auxerre,MF,2344,0.4,1.0,1,3,8,78,14,53,8,23,9,39.1% (9/23),86
Gaëtan Perrin,Auxerre,"MF,FW",2691,6.1,7.8,10,11,83,142,73,87,162,127,60,47.2% (60/127),225
Hamed Junior Traorè,Auxerre,MF,2093,7.9,2.7,10,2,66,99,27,53,42,98,34,34.7% (34/98),165
Han-Noah Massengo,Auxerre,MF,1046,0.4,0.4,0,0,13,28,3,23,9,29,10,34.5% (10/29),41
Kévin Danois,Auxerre,MF,1460,1.5,2.2,0,0,19,95,25,62,14,41,21,51.2% (21/41),114
Lassine Sinayoko,Auxerre,"FW,MF",2299,6.5,5.5,4,8,53,62,37,28,25,73,28,38.4% (28/73),115
Theo Bair,Auxerre,FW,939,3.0,1.2,2,1,15,16,10,10,7,8,2,25.0% (2/8),31
Abdallah Sima,Brest,"FW,MF",1238,5.9,1.0,7,2,36,24,13,13,16,23,6,26.1% (6/23),60
Hugo Magnetti,Brest,MF,2323,0.8,0.4,1,0,21,80,6,70,18,24,9,37.5% (9/24),101
Kamory Doumbia,Brest,"MF,FW",1322,2.7,1.2,3,2,17,72,26,56,48,35,19,54.3% (19/35),89
Ludovic Ajorque,Brest,FW,2495,10.4,3.1,13,2,10,41,35,29,7,17,8,47.1% (8/17),51
Mahdi Camara,Brest,"MF,FW",2659,4.1,2.0,5,3,58,111,26,79,46,65,29,44.6% (29/65),169
Mama Samba Baldé,Brest,FW,1149,3.0,2.1,2,3,35,22,16,13,10,55,17,30.9% (17/55),57
Mathias Pereira Lage,Brest,"FW,MF",1571,3.3,3.5,2,7,32,41,22,23,99,28,10,35.7% (10/28),73
Pierre Lees-Melou,Brest,MF,1526,1.3,2.8,2,2,23,105,19,110,22,21,12,57.1% (12/21),128
Romain Del Castillo,Brest,FW,1259,4.7,3.4,3,4,29,61,37,44,103,44,19,43.2% (19/44),90
Romain Faivre,Brest,"MF,FW",899,2.6,1.9,2,2,24,44,10,34,26,42,17,40.5% (17/42),68
Abdoulaye Touré,Le Havre,MF,2324,9.4,0.4,2,1,17,109,7,90,11,33,17,51.5% (17/33),126
André Ayew,Le Havre,FW,1453,4.3,0.2,4,1,5,18,8,7,7,13,5,38.5% (5/13),23
Antoine Joujou,Le Havre,"MF,FW",943,0.6,3.0,0,2,44,18,15,8,37,61,30,49.2% (30/61),62
Emmanuel Sabbi,Le Havre,"FW,MF",653,1.9,0.6,0,0,11,15,4,5,15,29,11,37.9% (11/29),26
Issa Soumaré,Le Havre,"FW,MF",1902,3.8,3.1,5,4,61,45,28,17,42,57,16,28.1% (16/57),106
Josué Casimir,Le Havre,"FW,MF",1997,3.3,3.4,4,4,71,41,26,22,85,48,22,45.8% (22/48),112
Junior Mwanga,Le Havre,MF,952,1.3,1.0,1,2,15,42,7,37,21,16,7,43.8% (7/16),57
Koka,Le Havre,FW,851,4.9,0.6,2,1,0,12,5,8,0,12,6,50.0% (6/12),12
Oussama Targhalline,Le Havre,MF,990,0.1,0.7,0,0,25,66,6,50,16,13,5,38.5% (5/13),91
Rassoul Ndiaye,Le Havre,MF,1061,1.7,0.6,1,0,6,46,10,30,32,12,3,25.0% (3/12),52
Yassine Kechta,Le Havre,"MF,FW",2096,2.5,1.2,2,0,44,97,15,60,36,35,13,37.1% (13/35),141
Adrien Thomasson,Lens,MF,2615,5.9,6.0,3,7,30,149,56,99,58,60,26,43.3% (26/60),179
Anass Zaroury,Lens,"FW,MF",1405,1.7,2.9,2,2,49,65,35,39,125,35,17,48.6% (17/35),114
Andy Diouf,Lens,MF,2225,2.9,2.8,1,2,82,116,33,60,30,87,43,49.4% (43/87),198
Angelo Fulgini,Lens,"MF,FW",1045,2.4,3.8,1,1,29,69,28,31,44,38,11,28.9% (11/38),98
Florian Sotoca,Lens,"FW,MF",1794,4.6,1.5,1,1,44,105,18,74,75,39,16,41.0% (16/39),149
Goduine Koyalipou,Lens,FW,885,4.8,0.8,4,0,15,20,10,4,2,25,12,48.0% (12/25),35
M'Bala Nzola,Lens,FW,1460,8.6,1.3,6,1,26,22,20,7,1,38,14,36.8% (14/38),48
Neil El Aynaoui,Lens,MF,1588,4.0,2.0,5,1,11,75,22,76,65,21,5,23.8% (5/21),86
Rémy Labeau Lascary,Lens,"FW,MF",637,2.5,1.1,2,1,17,7,7,7,19,26,12,46.2% (12/26),24
Wesley Saïd,Lens,FW,905,3.2,1.0,3,0,16,24,9,11,8,19,9,47.4% (9/19),40
André Gomes,Lille,MF,1276,0.5,0.7,0,0,18,101,10,96,11,24,10,41.7% (10/24),119
Angel Gomes,Lille,MF,736,1.7,2.1,1,1,15,49,14,32,10,10,5,50.0% (5/10),64
Ayyoub Bouaddi,Lille,MF,1151,0.1,1.0,0,1,11,37,5,36,3,29,14,48.3% (14/29),48
Benjamin André,Lille,MF,2692,1.4,1.9,0,3,29,209,21,207,16,22,9,40.9% (9/22),238
Chuba Akpom,Lille,FW,639,5.0,0.5,2,1,6,7,5,1,1,9,4,44.4% (4/9),13
Edon Zhegrova,Lille,"FW,MF",978,2.3,2.2,4,1,37,54,16,17,58,55,23,41.8% (23/55),91
Hákon Arnar Haraldsson,Lille,"MF,FW",1755,3.8,2.8,5,3,52,102,35,64,59,49,27,55.1% (27/49),154
Jonathan David,Lille,FW,2554,16.2,4.4,10,5,40,65,36,29,4,42,20,47.6% (20/42),105
Matias Fernandez-Pardo,Lille,"FW,MF",1065,2.9,2.8,4,2,46,26,16,10,30,50,20,40.0% (20/50),72
Ngal'Ayel Mukau,Lille,MF,1190,0.8,0.7,0,1,19,57,12,52,5,17,9,52.9% (9/17),76
Osame Sahraoui,Lille,"FW,MF",1293,2.9,3.6,3,3,69,89,29,47,12,79,35,44.3% (35/79),158
Rémy Cabella,Lille,"FW,MF",1011,4.0,2.3,1,2,45,77,26,39,60,38,19,50.0% (19/38),122
Alexandre Lacazette,Lyon,FW,2051,16.3,3.4,10,2,24,66,26,34,17,31,14,45.2% (14/31),90
Corentin Tolisso,Lyon,MF,2329,5.3,4.9,7,4,31,166,31,147,32,21,11,52.4% (11/21),197
Ernest Nuamah,Lyon,"FW,MF",1052,2.2,1.5,3,1,44,33,18,11,30,43,22,51.2% (22/43),77
Georges Mikautadze,Lyon,FW,1449,10.3,4.3,8,6,37,54,21,21,9,59,17,28.8% (17/59),91
Jordan Veretout,Lyon,MF,1553,1.9,0.6,2,0,35,99,13,86,26,9,5,55.6% (5/9),134
Malick Fofana,Lyon,FW,1589,3.8,3.7,5,4,112,45,25,20,70,59,24,40.7% (24/59),157
Nemanja Matić,Lyon,MF,2010,0.1,1.3,0,1,35,150,17,164,9,13,8,61.5% (8/13),185
Rayan Cherki,Lyon,"FW,MF",2041,5.0,11.1,8,11,106,206,75,97,118,97,48,49.5% (48/97),312
Saïd Benrahma,Lyon,"FW,MF",735,2.0,2.1,1,3,41,32,14,21,43,29,8,27.6% (8/29),73
Tanner Tessmann,Lyon,MF,1234,1.0,0.6,1,0,11,56,7,64,14,20,10,50.0% (10/20),67
Thiago Almada,Lyon,"MF,FW",951,2.0,2.6,1,4,38,97,22,58,47,14,8,57.1% (8/14),135
Adrien Rabiot,Marseille,MF,2485,7.3,3.8,9,4,79,168,28,147,40,50,26,52.0% (26/50),247
Amine Gouiri,Marseille,"FW,MF",1048,8.4,3.6,10,3,17,20,26,8,57,22,10,45.5% (10/22),37
Ismaël Bennacer,Marseille,MF,646,0.1,1.8,0,2,14,72,13,83,28,11,7,63.6% (7/11),86
Jon Rowe,Marseille,"FW,MF",807,3.5,4.5,3,3,30,31,18,8,28,48,20,41.7% (20/48),61
Mason Greenwood,Marseille,"FW,MF",2804,16.3,5.7,14,5,126,157,47,78,110,129,54,41.9% (54/129),283
Neal Maupay,Marseille,FW,1042,4.1,2.2,4,4,12,37,13,15,1,14,6,42.9% (6/14),49
Pierre Højbjerg,Marseille,MF,2664,3.3,3.9,2,4,36,263,43,231,19,24,7,29.2% (7/24),299
Aleksandr Golovin,Monaco,"MF,FW",1153,2.3,2.4,3,0,39,112,24,77,23,37,22,59.5% (22/37),151
Breel Embolo,Monaco,"FW,MF",1841,10.8,5.6,6,4,22,55,32,22,6,42,14,33.3% (14/42),77
Denis Zakaria,Monaco,MF,2144,5.2,1.4,4,4,27,113,16,91,7,36,21,58.3% (21/36),140
Eliesse Ben Seghir,Monaco,"MF,FW",1750,5.5,5.2,4,3,85,122,33,71,52,96,35,36.5% (35/96),207
Folarin Balogun,Monaco,FW,615,4.8,0.9,4,0,21,9,6,5,5,18,4,22.2% (4/18),30
George Ilenikhena,Monaco,FW,717,5.1,1.4,3,2,8,10,9,3,0,17,3,17.6% (3/17),18
Lamine Camara,Monaco,MF,2054,2.3,4.4,2,7,25,141,44,133,118,25,12,48.0% (12/25),166
Maghnes Akliouche,Monaco,"FW,MF",2406,9.2,7.3,4,10,127,173,49,90,53,103,50,48.5% (50/103),300
Mika Biereth,Monaco,FW,1228,11.3,4.5,12,2,14,24,22,11,8,11,1,9.1% (1/11),38
Soungoutou Magassa,Monaco,MF,1025,0.5,0.9,0,1,6,63,7,67,7,23,15,65.2% (15/23),69
Takumi Minamino,Monaco,"MF,FW",2231,8.9,6.6,6,3,51,114,40,66,23,40,12,30.0% (12/40),165
Akor Adams,Montpellier,FW,1075,4.3,1.0,3,1,11,6,12,8,5,14,7,50.0% (7/14),17
Andy Delort,Montpellier,FW,607,1.3,0.9,0,0,4,6,7,5,11,5,3,60.0% (3/5),10
Arnaud Nordin,Montpellier,FW,1166,4.1,0.9,3,1,51,23,15,6,35,51,23,45.1% (23/51),74
Jordan Ferri,Montpellier,MF,1773,0.4,0.9,0,2,19,137,13,119,25,28,9,32.1% (9/28),156
Joris Chotard,Montpellier,MF,1892,1.3,0.5,1,0,20,80,7,80,30,16,8,50.0% (8/16),100
Khalil Fayad,Montpellier,"MF,FW",1028,1.3,0.3,0,0,25,50,7,35,20,38,17,44.7% (17/38),75
Musa Al-Taamari,Montpellier,"FW,MF",1116,2.6,1.5,2,1,55,30,12,12,14,71,23,32.4% (23/71),85
Rabby Nzingoula,Montpellier,MF,1689,1.0,1.6,1,0,25,40,8,32,16,52,25,48.1% (25/52),65
Tanguy Coulibaly,Montpellier,"FW,MF",1485,3.5,1.3,3,0,48,20,18,8,21,54,29,53.7% (29/54),68
Téji Savanier,Montpellier,MF,2363,3.8,6.9,0,5,26,183,67,165,199,67,27,40.3% (27/67),209
Wahbi Khazri,Montpellier,"FW,MF",1118,2.3,2.2,1,1,24,33,18,27,48,26,7,26.9% (7/26),57
Douglas,Nantes,MF,2307,3.4,1.5,4,2,14,125,15,108,10,20,12,60.0% (12/20),139
Johann Lepenant,Nantes,MF,2048,1.4,0.9,2,1,25,89,8,70,16,36,18,50.0% (18/36),114
Matthis Abline,Nantes,FW,2768,8.5,3.8,8,2,75,48,27,23,30,86,35,40.7% (35/86),123
Moses Simon,Nantes,"FW,MF",2609,5.8,6.7,4,10,147,59,56,27,222,147,65,44.2% (65/147),206
Mostafa Mohamed,Nantes,FW,1252,5.5,0.4,5,0,11,20,6,16,4,26,12,46.2% (12/26),31
Pedro Chirivella,Nantes,MF,2348,0.5,1.8,0,2,16,170,19,169,19,7,3,42.9% (3/7),186
Sorba Thomas,Nantes,"FW,MF",1321,1.5,3.7,1,3,41,34,36,27,130,24,9,37.5% (9/24),75
Badredine Bouanani,Nice,"MF,FW",1099,2.7,2.4,2,3,47,44,20,19,33,36,14,38.9% (14/36),91
Baptiste Santamaria,Nice,MF,927,0.9,1.0,0,0,10,45,9,40,3,13,8,61.5% (8/13),55
Evann Guessand,Nice,"FW,MF",2565,9.2,5.4,12,8,87,79,32,46,36,103,49,47.6% (49/103),166
Gaëtan Laborde,Nice,FW,1829,11.7,3.5,7,4,30,40,27,26,27,37,18,48.6% (18/37),70
Hicham Boudaoui,Nice,MF,2435,2.7,3.0,2,3,54,124,22,76,17,65,25,38.5% (25/65),178
Jeremie Boga,Nice,"MF,FW",1054,2.3,2.8,1,2,64,39,24,11,21,64,25,39.1% (25/64),103
Mohamed Ali Cho,Nice,"FW,MF",1621,4.0,4.0,3,4,81,59,30,23,51,70,20,28.6% (20/70),140
Sofiane Diop,Nice,"MF,FW",1064,6.0,2.9,6,4,26,64,24,47,33,31,10,32.3% (10/31),90
Tanguy Ndombele,Nice,MF,1131,2.4,2.4,1,2,22,61,18,41,3,47,25,53.2% (25/47),83
Bradley Barcola,Paris S-G,FW,2181,13.4,10.1,14,10,137,96,50,28,25,137,34,24.8% (34/137),233
Désiré Doué,Paris S-G,"FW,MF",1730,5.1,7.8,6,6,97,139,55,83,78,129,57,44.2% (57/129),236
Fabián Ruiz Peña,Paris S-G,MF,1923,4.3,4.7,4,5,47,205,36,155,27,20,14,70.0% (14/20),252
Gonçalo Ramos,Paris S-G,FW,1066,13.6,2.2,8,3,11,24,15,9,1,11,1,9.1% (1/11),35
Khvicha Kvaratskhelia,Paris S-G,FW,916,3.3,4.9,4,3,50,43,25,32,33,53,25,47.2% (25/53),93
Lee Kang-in,Paris S-G,"FW,MF",1663,3.5,5.6,6,6,50,143,56,103,94,51,29,56.9% (29/51),193
Marco Asensio,Paris S-G,"FW,MF",618,5.6,2.7,2,4,19,36,16,31,13,8,4,50.0% (4/8),55
Ousmane Dembélé,Paris S-G,FW,1730,16.6,8.2,20,6,127,137,63,93,80,95,42,44.2% (42/95),264
Senny Mayulu,Paris S-G,MF,808,2.9,2.1,2,2,29,46,12,32,9,33,15,45.5% (15/33),75
Vitinha,Paris S-G,MF,2042,3.4,2.6,3,1,53,224,27,257,21,40,27,67.5% (27/40),277
Amadou Koné,Reims,MF,1293,0.5,0.3,0,0,19,68,8,53,3,25,15,60.0% (15/25),87
Junya Ito,Reims,"FW,MF",2690,4.6,7.1,4,3,100,133,82,69,234,110,47,42.7% (47/110),233
Keito Nakamura,Reims,"FW,MF",2649,9.1,2.9,11,2,90,82,26,32,56,78,30,38.5% (30/78),172
Mamadou Diakhon,Reims,"FW,MF",858,1.0,1.1,2,1,61,17,13,5,33,61,25,41.0% (25/61),78
Marshall Munetsi,Reims,MF,1692,4.0,2.0,4,2,8,26,19,14,11,12,6,50.0% (6/12),34
Oumar Diakité,Reims,FW,1628,5.5,1.1,4,1,24,44,11,22,7,57,20,35.1% (20/57),68
Teddy Teuma,Reims,MF,750,1.4,1.1,0,0,9,47,13,41,44,12,3,25.0% (3/12),56
Valentin Atangana Edoa,Reims,MF,2854,2.5,1.1,1,0,41,93,12,66,17,48,14,29.2% (14/48),134
Yaya Kader Fofana,Reims,"MF,FW",634,0.6,1.7,1,1,19,22,7,14,6,22,14,63.6% (14/22),41
Albert Grønbaek,Rennes,"MF,FW",813,1.5,1.0,2,1,23,30,19,9,28,37,11,29.7% (11/37),53
Amine Gouiri,Rennes,"MF,FW",1037,3.5,0.4,3,2,22,46,8,21,12,33,15,45.5% (15/33),68
Arnaud Kalimuendo,Rennes,"FW,MF",2578,14.9,2.0,12,3,50,72,19,36,13,62,21,33.9% (21/62),122
Azor Matusiwa,Rennes,MF,2078,1.2,1.8,1,3,19,134,17,109,1,22,17,77.3% (17/22),153
Djaoui Cissé,Rennes,MF,1121,0.4,0.2,1,0,16,84,6,66,3,18,13,72.2% (13/18),100
Glen Kamara,Rennes,MF,662,0.2,0.2,0,1,5,34,5,34,0,8,4,50.0% (4/8),39
Jordan James,Rennes,MF,1178,0.9,1.9,0,1,21,67,24,55,34,21,9,42.9% (9/21),88
Ludovic Blas,Rennes,"MF,FW",2293,5.0,4.6,6,8,83,116,47,76,124,116,44,37.9% (44/116),199
Seko Fofana,Rennes,MF,844,1.8,1.2,1,1,32,72,13,38,5,24,12,50.0% (12/24),104
Aimen Moueffek,Saint-Étienne,MF,1039,1.1,1.1,0,1,20,43,10,39,4,24,11,45.8% (11/24),63
Augustine Boakye,Saint-Étienne,"FW,MF",733,1.8,0.9,3,0,25,35,13,14,5,24,13,54.2% (13/24),60
Benjamin Bouchouari,Saint-Étienne,MF,1772,0.6,0.9,1,0,48,133,16,123,9,53,27,50.9% (27/53),181
Florian Tardieu,Saint-Étienne,MF,1252,0.6,1.3,2,4,11,139,19,127,24,13,3,23.1% (3/13),150
Ibrahim Sissoko,Saint-Étienne,FW,819,4.3,0.6,2,1,14,12,7,9,3,11,3,27.3% (3/11),26
Irvin Cardona,Saint-Étienne,FW,1063,4.5,1.4,5,3,30,32,15,11,31,22,6,27.3% (6/22),62
Louis Mouton,Saint-Étienne,MF,1045,1.3,1.3,0,1,18,54,16,42,21,24,12,50.0% (12/24),72
Lucas Stassin,Saint-Étienne,FW,1887,7.0,3.4,12,4,26,35,18,13,19,36,15,41.7% (15/36),61
Mathieu Cafaro,Saint-Étienne,"MF,FW",732,1.5,1.3,1,0,19,16,13,12,27,17,7,41.2% (7/17),35
Mathis Amougou,Saint-Étienne,MF,859,0.5,0.4,0,0,8,36,7,23,1,16,5,31.2% (5/16),44
Pierre Ekwah Elimby,Saint-Étienne,MF,2575,0.7,1.0,1,0,20,146,16,144,5,32,18,56.2% (18/32),166
Zuriko Davitashvili,Saint-Étienne,"FW,MF",2778,8.1,4.7,7,8,95,73,50,38,85,123,46,37.4% (46/123),168
Andrey Santos,Strasbourg,MF,2855,5.1,3.3,10,3,29,149,27,141,0,37,18,48.6% (18/37),178
Emanuel Emegha,Strasbourg,FW,2293,17.0,2.4,14,3,37,14,18,4,0,28,7,25.0% (7/28),51
Félix Lemaréchal,Strasbourg,"MF,FW",1779,3.5,2.9,4,3,35,58,29,35,26,48,24,50.0% (24/48),93
Habib Diarra,Strasbourg,"MF,FW",2352,3.3,4.5,2,5,61,116,27,64,54,49,13,26.5% (13/49),177
Sebastian Nanasi,Strasbourg,"MF,FW",2107,6.5,4.9,6,4,53,126,37,74,66,40,19,47.5% (19/40),179
Sekou Mara,Strasbourg,"FW,MF",768,2.0,1.0,1,1,9,11,5,9,3,27,11,40.7% (11/27),20
Cristian Cásseres Jr.,Toulouse,MF,2696,1.0,2.6,1,3,31,128,27,89,80,38,22,57.9% (22/38),159
Frank Magri,Toulouse,"FW,MF",1516,6.0,1.5,5,1,17,25,9,15,4,18,4,22.2% (4/18),42
Joshua King,Toulouse,"FW,MF",1673,6.6,2.0,6,3,39,29,17,13,9,64,35,54.7% (35/64),68
Shavy Babicka,Toulouse,"MF,FW",1186,3.9,1.6,4,2,36,21,13,8,39,37,11,29.7% (11/37),57
Vincent Sierro,Toulouse,MF,2402,4.2,3.6,3,1,15,147,30,102,64,28,12,42.9% (12/28),162
Yann Gboho,Toulouse,"MF,FW",2333,5.4,3.5,5,4,116,103,30,53,26,122,50,41.0% (50/122),219
Zakaria Aboukhlal,Toulouse,"MF,FW",1901,10.2,1.6,6,2,34,22,12,16,33,53,16,30.2% (16/53),56
Alexis Claude-Maurice,Augsburg,"MF,FW",2109,4.7,1.2,9,2,59,61,21,38,21,90,42,46.7% (42/90),120
Arne Maier,Augsburg,MF,938,1.5,1.5,0,0,19,44,25,40,67,16,7,43.8% (7/16),63
Elvis Rexhbeçaj,Augsburg,MF,1785,1.4,1.1,1,1,31,94,16,39,71,32,10,31.2% (10/32),125
Frank Onyeka,Augsburg,MF,2586,1.4,1.3,0,1,46,106,17,70,20,54,18,33.3% (18/54),152
Fredrik Jensen,Augsburg,MF,763,0.7,0.7,0,0,16,20,11,8,20,13,7,53.8% (7/13),36
Kristijan Jakić,Augsburg,MF,2306,0.8,1.2,0,1,24,106,16,95,13,29,14,48.3% (14/29),130
Mert Kömür,Augsburg,MF,654,1.1,1.5,2,1,18,11,13,3,26,22,12,54.5% (12/22),29
Phillip Tietz,Augsburg,FW,1686,6.1,1.2,6,2,8,29,22,18,1,31,15,48.4% (15/31),37
Samuel Essende,Augsburg,FW,1636,4.2,1.3,7,2,33,21,11,11,5,52,14,26.9% (14/52),54
Aleksandar Pavlovic,Bayern Munich,MF,1451,0.6,0.2,1,0,15,128,7,169,5,5,5,100.0% (5/5),143
Harry Kane,Bayern Munich,FW,2381,20.3,5.3,17,9,29,97,35,56,13,53,23,43.4% (23/53),126
Jamal Musiala,Bayern Munich,MF,1798,9.3,4.5,12,2,71,107,41,75,8,141,72,51.1% (72/141),178
Joshua Kimmich,Bayern Munich,MF,2847,1.8,7.4,3,7,51,362,83,437,176,22,12,54.5% (12/22),413
João Palhinha,Bayern Munich,MF,673,0.7,0.2,0,0,3,32,4,47,2,4,2,50.0% (2/4),35
Kingsley Coman,Bayern Munich,FW,1282,4.3,3.3,5,4,66,45,32,26,45,74,39,52.7% (39/74),111
Leroy Sané,Bayern Munich,FW,1637,10.2,5.5,11,5,75,64,36,24,51,100,39,39.0% (39/100),139
Michael Olise,Bayern Munich,"FW,MF",2334,9.7,12.0,12,15,119,184,90,89,131,151,72,47.7% (72/151),303
Serge Gnabry,Bayern Munich,"FW,MF",1242,7.5,5.1,7,5,44,48,24,21,22,40,18,45.0% (18/40),92
Thomas Müller,Bayern Munich,"MF,FW",1225,3.8,2.9,1,4,24,50,35,24,46,17,8,47.1% (8/17),74
Anthony Losilla,Bochum,MF,1137,0.1,0.4,0,0,3,45,7,23,4,5,1,20.0% (1/5),48
Dani de Wit,Bochum,"MF,FW",1153,2.1,0.5,2,1,5,33,10,24,8,8,1,12.5% (1/8),38
Giorgos Masouras,Bochum,"FW,MF",1055,3.9,1.1,2,1,26,19,10,11,26,14,5,35.7% (5/14),45
Ibrahima Sissoko,Bochum,MF,2610,1.7,1.6,2,1,35,105,27,77,21,61,32,52.5% (32/61),140
Matúš Bero,Bochum,MF,2565,4.0,3.7,5,2,29,143,54,104,124,55,19,34.5% (19/55),172
Moritz Broschinski,Bochum,"FW,MF",1390,4.2,1.8,1,3,37,20,13,9,28,53,14,26.4% (14/53),57
Myron Boadu,Bochum,FW,1042,7.7,1.1,8,1,12,18,11,7,3,23,11,47.8% (11/23),30
Philipp Hofmann,Bochum,FW,2277,5.5,3.3,3,3,8,53,26,40,10,20,10,50.0% (10/20),61
Tom Krauß,Bochum,MF,1077,0.4,0.7,0,0,16,84,12,76,10,23,12,52.2% (12/23),100
Donyell Malen,Dortmund,"FW,MF",614,2.9,0.2,3,0,23,17,1,6,13,32,11,34.4% (11/32),40
Felix Nmecha,Dortmund,MF,1509,1.3,1.1,4,1,21,85,14,91,6,26,17,65.4% (17/26),106
Jamie Gittens,Dortmund,"FW,MF",1776,3.6,2.5,8,3,113,42,21,17,49,171,77,45.0% (77/171),155
Julian Brandt,Dortmund,MF,2303,4.8,8.5,5,10,61,149,61,94,71,54,19,35.2% (19/54),210
Karim Adeyemi,Dortmund,"FW,MF",1433,5.5,6.0,7,6,68,28,28,10,26,94,40,42.6% (40/94),96
Marcel Sabitzer,Dortmund,MF,1616,1.8,1.6,1,0,24,97,12,75,23,15,6,40.0% (6/15),121
Maximilian Beier,Dortmund,"FW,MF",1591,7.7,3.3,8,5,24,33,24,13,16,51,22,43.1% (22/51),57
Serhou Guirassy,Dortmund,FW,2598,22.7,3.9,18,4,25,43,25,28,1,39,11,28.2% (11/39),68
Can Uzun,Eint Frankfurt,"MF,FW",675,3.0,1.1,4,1,11,42,14,25,18,22,11,50.0% (11/22),53
Ellyes Skhiri,Eint Frankfurt,MF,2231,1.4,1.4,1,2,17,105,22,82,3,15,11,73.3% (11/15),122
Fares Chaïbi,Eint Frankfurt,"MF,FW",1013,2.6,2.9,1,3,20,52,24,31,72,12,7,58.3% (7/12),72
Hugo Ekitike,Eint Frankfurt,FW,2563,21.6,6.8,14,8,93,53,44,24,17,119,52,43.7% (52/119),146
Hugo Larsson,Eint Frankfurt,MF,2393,3.1,2.1,3,1,16,121,21,89,8,19,12,63.2% (12/19),137
Jean Mattéo Bahoya,Eint Frankfurt,"MF,FW",921,1.9,1.7,2,3,24,28,18,15,31,30,17,56.7% (17/30),52
Mario Götze,Eint Frankfurt,"MF,FW",1542,2.9,3.1,3,2,29,88,34,56,39,23,9,39.1% (9/23),117
Omar Marmoush,Eint Frankfurt,FW,1448,8.8,6.2,13,9,73,50,34,30,78,101,46,45.5% (46/101),123
Oscar Højlund,Eint Frankfurt,MF,722,1.0,1.1,1,0,17,49,6,30,1,11,8,72.7% (8/11),66
Eren Dinkçi,Freiburg,"MF,FW",1196,1.1,2.2,0,3,33,35,23,24,15,39,16,41.0% (16/39),68
Junior Adamu,Freiburg,FW,1545,5.5,2.4,2,2,8,14,17,7,5,29,10,34.5% (10/29),22
Lucas Höler,Freiburg,"FW,MF",1867,7.7,2.9,6,4,21,47,22,34,14,34,18,52.9% (18/34),68
Maximilian Eggestein,Freiburg,MF,2845,2.0,1.5,2,0,34,141,19,131,9,24,11,45.8% (11/24),175
Merlin Röhl,Freiburg,"MF,FW",965,0.8,1.7,0,1,20,22,9,17,12,40,12,30.0% (12/40),42
Michael Gregoritsch,Freiburg,FW,639,1.8,0.4,2,1,6,19,5,9,1,7,4,57.1% (4/7),25
Nicolas Höfler,Freiburg,MF,794,0.2,0.1,0,0,1,30,3,31,1,4,4,100.0% (4/4),31
Patrick Osterhage,Freiburg,MF,2267,1.7,1.4,1,0,26,73,16,71,20,27,11,40.7% (11/27),99
Ritsu Doan,Freiburg,"FW,MF",2862,6.6,3.7,10,7,64,130,27,70,80,127,56,44.1% (56/127),194
Vincenzo Grifo,Freiburg,"FW,MF",2432,7.9,6.9,8,11,58,128,66,104,155,45,25,55.6% (25/45),186
Alassane Pléa,Gladbach,"MF,FW",1902,7.4,3.1,10,4,51,116,25,80,45,43,17,39.5% (17/43),167
Franck Honorat,Gladbach,FW,1439,4.5,5.3,4,7,63,45,50,24,125,32,12,37.5% (12/32),108
Julian Weigl,Gladbach,MF,2881,0.7,1.1,0,2,11,122,11,121,11,8,7,87.5% (7/8),133
Kevin Stöger,Gladbach,MF,1551,3.9,5.3,1,3,40,121,54,90,116,36,17,47.2% (17/36),161
Nathan N'Goumou,Gladbach,FW,828,1.9,1.3,2,1,30,16,6,11,22,27,9,33.3% (9/27),46
Philipp Sander,Gladbach,MF,1400,1.2,0.6,1,0,16,60,13,50,22,18,11,61.1% (11/18),76
Robin Hack,Gladbach,"FW,MF",2172,5.4,3.6,4,7,51,95,32,52,61,63,25,39.7% (25/63),146
Rocco Reitz,Gladbach,MF,1830,1.7,2.1,2,1,18,91,16,69,22,36,17,47.2% (17/36),109
Tim Kleindienst,Gladbach,FW,2737,13.6,6.2,15,7,45,63,29,30,16,37,14,37.8% (14/37),108
Tomáš Čvančara,Gladbach,FW,831,3.8,0.9,2,0,15,23,6,13,15,17,6,35.3% (6/17),38
Adrian Beck,Heidenheim,"MF,FW",1598,3.3,1.2,4,1,37,69,21,53,32,75,40,53.3% (40/75),106
Budu Zivzivadze,Heidenheim,FW,958,1.7,1.5,2,3,11,20,12,7,4,30,9,30.0% (9/30),31
Jan Schöppner,Heidenheim,MF,2681,3.9,3.4,4,3,35,107,25,67,12,32,14,43.8% (14/32),142
Lennard Maloney,Heidenheim,MF,760,0.3,0.0,0,0,1,14,1,12,1,4,1,25.0% (1/4),15
Léo Scienza,Heidenheim,"FW,MF",1153,2.0,3.7,3,3,70,30,34,30,81,83,37,44.6% (37/83),100
Marvin Pieringer,Heidenheim,"FW,MF",2206,8.9,4.0,4,4,23,59,30,36,11,35,16,45.7% (16/35),82
Niklas Dorsch,Heidenheim,MF,1335,1.0,1.1,2,2,13,57,13,46,37,14,7,50.0% (7/14),70
Paul Wanner,Heidenheim,"MF,FW",1771,3.7,1.3,2,2,28,64,20,43,52,59,25,42.4% (25/59),92
Sirlord Conteh,Heidenheim,"FW,MF",892,2.1,2.6,1,1,29,19,14,17,20,13,6,46.2% (6/13),48
Adam Hložek,Hoffenheim,"FW,MF",1871,5.6,3.5,8,4,54,68,20,37,20,64,33,51.6% (33/64),122
Andrej Kramarić,Hoffenheim,"MF,FW",2767,11.8,4.3,8,8,75,143,49,101,116,47,20,42.6% (20/47),218
Bazoumana Touré,Hoffenheim,"FW,MF",609,1.4,1.9,0,3,24,14,13,9,24,22,12,54.5% (12/22),38
Dennis Geiger,Hoffenheim,"MF,FW",734,0.2,0.5,0,0,12,37,11,32,5,8,4,50.0% (4/8),49
Finn Ole Becker,Hoffenheim,MF,670,0.1,0.3,0,1,3,45,8,38,8,14,6,42.9% (6/14),48
Florian Grillitsch,Hoffenheim,MF,601,0.2,0.2,0,0,4,44,5,39,4,12,5,41.7% (5/12),48
Gift Orban,Hoffenheim,FW,687,3.4,0.2,4,0,8,7,2,1,6,11,4,36.4% (4/11),15
Haris Tabakovic,Hoffenheim,FW,821,3.3,1.2,3,1,4,7,9,8,4,12,4,33.3% (4/12),11
Tom Bischof,Hoffenheim,"MF,FW",2559,2.2,3.6,5,2,47,138,50,110,145,64,29,45.3% (29/64),185
Alexander Bernhardsson,Holstein Kiel,"FW,MF",1263,4.1,1.3,7,2,25,33,17,16,34,53,22,41.5% (22/53),58
Armin Gigovic,Holstein Kiel,MF,1895,1.9,2.1,5,1,37,50,16,44,14,55,20,36.4% (20/55),87
Benedikt Pichler,Holstein Kiel,FW,785,2.3,1.1,1,2,18,19,12,11,11,18,8,44.4% (8/18),37
Jann-Fiete Arp,Holstein Kiel,"FW,MF",713,3.8,1.0,1,0,14,21,11,7,24,32,14,43.8% (14/32),35
Lewis Holtby,Holstein Kiel,MF,1238,0.5,1.5,0,1,14,47,21,29,46,15,7,46.7% (7/15),61
Magnus Knudsen,Holstein Kiel,MF,1850,0.7,1.3,0,1,16,54,8,39,8,16,9,56.2% (9/16),70
Nicolai Remberg,Holstein Kiel,MF,2417,1.5,0.8,0,1,25,80,9,73,8,25,7,28.0% (7/25),105
Phil Harres,Holstein Kiel,FW,1544,5.9,1.3,8,1,12,16,10,17,6,24,5,20.8% (5/24),28
Shuto Machino,Holstein Kiel,"FW,MF",1953,6.5,3.0,9,2,30,59,27,35,35,18,10,55.6% (10/18),89
Steven Skrzybski,Holstein Kiel,"MF,FW",1323,3.5,2.9,5,3,17,64,22,36,31,22,13,59.1% (13/22),81
Aleix García,Leverkusen,MF,1455,1.0,4.9,3,4,27,120,32,135,92,5,4,80.0% (4/5),147
Amine Adli,Leverkusen,"MF,FW",766,2.7,0.7,2,0,37,24,11,9,33,32,15,46.9% (15/32),61
Exequiel Palacios,Leverkusen,MF,1155,1.5,2.3,1,6,15,97,28,97,4,12,8,66.7% (8/12),112
Florian Wirtz,Leverkusen,"MF,FW",2351,9.4,7.0,8,12,131,176,57,96,101,167,82,49.1% (82/167),307
Granit Xhaka,Leverkusen,MF,2888,0.9,4.4,2,7,42,318,50,372,30,16,7,43.8% (7/16),360
Nathan Tella,Leverkusen,"MF,FW",1359,3.1,1.5,2,4,38,22,18,15,25,51,19,37.3% (19/51),60
Patrik Schick,Leverkusen,FW,1684,12.7,0.6,20,0,7,21,11,11,1,26,10,38.5% (10/26),28
Victor Boniface,Leverkusen,FW,1008,7.8,1.1,8,1,26,23,10,10,6,35,15,42.9% (15/35),49
Armindo Sieb,Mainz 05,"FW,MF",762,2.8,1.1,2,2,28,18,8,12,6,36,11,30.6% (11/36),46
Jonathan Burkardt,Mainz 05,FW,2109,14.8,3.1,16,2,32,42,20,25,27,39,16,41.0% (16/39),74
Kaishu Sano,Mainz 05,MF,3043,0.9,1.2,0,0,53,159,19,133,11,51,32,62.7% (32/51),212
Lee Jae-sung,Mainz 05,MF,2650,5.3,5.0,7,6,28,105,34,56,31,30,11,36.7% (11/30),133
Nadiem Amiri,Mainz 05,MF,2473,5.5,6.6,5,5,50,204,63,173,166,67,32,47.8% (32/67),254
Nelson Weiper,Mainz 05,"FW,MF",704,4.1,1.9,3,2,12,13,10,12,6,21,10,47.6% (10/21),25
Paul Nebel,Mainz 05,MF,2345,5.8,4.1,10,4,67,91,35,38,111,64,25,39.1% (25/64),158
Amadou Haidara,RB Leipzig,MF,1320,1.4,0.9,0,1,7,65,5,65,12,12,7,58.3% (7/12),72
Arthur Vermeeren,RB Leipzig,MF,1572,0.4,0.9,0,2,14,77,12,71,3,15,6,40.0% (6/15),91
Benjamin Šeško,RB Leipzig,"FW,MF",2380,10.0,2.1,11,5,47,46,19,25,7,75,39,52.0% (39/75),93
Christoph Baumgartner,RB Leipzig,MF,1610,4.5,1.3,2,1,37,53,20,40,14,42,17,40.5% (17/42),90
Kevin Kampl,RB Leipzig,MF,1593,0.8,1.4,1,0,21,106,16,81,29,19,13,68.4% (13/19),127
Loïs Openda,RB Leipzig,"FW,MF",2453,9.0,3.4,9,5,58,47,28,24,27,74,22,29.7% (22/74),105
Xavi Simons,RB Leipzig,MF,2150,5.1,6.3,10,6,85,140,51,79,79,100,33,33.0% (33/100),225
Carlo Boukhalfa,St. Pauli,MF,1646,1.5,1.1,2,0,10,41,11,27,10,28,12,42.9% (12/28),51
Danel Sinani,St. Pauli,"FW,MF",1250,1.7,3.0,2,2,16,60,24,45,67,22,10,45.5% (10/22),76
Elias Saad,St. Pauli,"FW,MF",900,2.8,0.8,3,2,29,27,14,17,14,54,16,29.6% (16/54),56
Jackson Irvine,St. Pauli,MF,2610,3.2,3.9,0,6,19,117,32,93,18,23,9,39.1% (9/23),136
Johannes Eggestein,St. Pauli,FW,1853,4.7,2.1,2,4,25,43,24,25,35,17,7,41.2% (7/17),68
Morgan Guilavogui,St. Pauli,"FW,MF",1807,7.1,1.9,6,2,42,41,27,29,13,48,21,43.8% (21/48),83
Noah Weißhaupt,St. Pauli,"FW,MF",1160,2.1,1.8,1,0,42,33,18,19,72,38,13,34.2% (13/38),75
Oladapo Afolayan,St. Pauli,"FW,MF",1639,3.1,3.8,3,1,53,32,21,23,53,98,48,49.0% (48/98),85
Angelo Stiller,Stuttgart,MF,2741,1.8,7.2,1,8,39,289,59,271,95,30,20,66.7% (20/30),328
Atakan Karazor,Stuttgart,MF,2618,2.3,2.6,2,4,19,140,15,150,4,21,12,57.1% (12/21),159
Chris Führich,Stuttgart,"MF,FW",1981,2.9,3.7,2,3,114,95,32,39,82,85,40,47.1% (40/85),209
Deniz Undav,Stuttgart,"FW,MF",1726,11.7,3.6,9,3,31,70,26,38,11,24,10,41.7% (10/24),101
Enzo Millot,Stuttgart,"MF,FW",1843,7.6,3.1,6,5,44,118,23,89,41,67,31,46.3% (31/67),162
Ermedin Demirović,Stuttgart,FW,1855,14.1,1.9,15,1,20,31,18,15,3,25,5,20.0% (5/25),51
Fabian Rieder,Stuttgart,"MF,FW",867,1.4,2.0,1,3,20,38,12,26,39,19,9,47.4% (9/19),58
Jamie Leweling,Stuttgart,"MF,FW",1663,1.6,3.8,2,2,55,51,25,25,58,82,41,50.0% (41/82),106
Nick Woltemade,Stuttgart,"FW,MF",1622,10.2,4.6,10,2,31,52,37,31,6,71,31,43.7% (31/71),83
Aljoscha Kemlein,Union Berlin,MF,922,0.9,0.6,1,0,5,42,10,28,5,9,6,66.7% (6/9),47
Andrej Ilic,Union Berlin,FW,937,4.9,0.3,6,0,5,13,6,16,3,7,1,14.3% (1/7),18
András Schäfer,Union Berlin,MF,1534,0.6,0.9,1,1,23,55,10,30,17,29,13,44.8% (13/29),78
Benedict Hollerbach,Union Berlin,"FW,MF",2540,7.0,1.6,9,1,103,68,26,24,73,115,42,36.5% (42/115),171
Jeong Woo-yeong,Union Berlin,"MF,FW",1263,2.8,1.7,3,2,32,63,18,30,36,21,12,57.1% (12/21),95
Jordan Pefok,Union Berlin,FW,908,3.2,0.9,0,1,3,12,14,7,0,13,7,53.8% (7/13),15
Rani Khedira,Union Berlin,MF,2723,1.4,0.6,1,1,12,80,12,66,22,11,5,45.5% (5/11),92
Tim Skarke,Union Berlin,"FW,MF",1164,2.1,1.2,0,2,26,25,16,12,29,24,10,41.7% (10/24),51
Yorbe Vertessen,Union Berlin,"MF,FW",718,1.3,1.6,1,0,18,16,15,6,23,51,19,37.3% (19/51),34
Jens Stage,Werder Bremen,MF,2204,7.2,2.8,10,5,28,104,23,67,23,17,8,47.1% (8/17),132
Justin Njinmah,Werder Bremen,"FW,MF",952,3.7,1.6,3,2,33,23,12,8,19,27,11,40.7% (11/27),56
Leonardo Bittencourt,Werder Bremen,MF,982,1.6,1.6,2,1,19,64,14,56,22,5,1,20.0% (1/5),83
Marco Grüll,Werder Bremen,"FW,MF",1181,4.0,1.8,6,1,24,38,11,22,21,39,13,33.3% (13/39),62
Marvin Ducksch,Werder Bremen,FW,2418,10.1,8.5,7,8,26,86,61,43,167,19,7,36.8% (7/19),112
Oliver Burke,Werder Bremen,FW,908,4.1,1.7,5,0,22,15,14,5,20,12,7,58.3% (7/12),37
Romano Schmid,Werder Bremen,MF,2834,4.3,6.2,4,4,107,279,68,170,145,95,45,47.4% (45/95),386
Senne Lynen,Werder Bremen,MF,2733,1.1,0.6,0,1,9,91,8,81,5,28,12,42.9% (12/28),100
Bence Dárdai,Wolfsburg,MF,1304,1.0,1.0,1,1,5,39,11,35,10,12,3,25.0% (3/12),44
Jonas Wind,Wolfsburg,"FW,MF",1966,5.7,4.2,8,3,17,100,34,66,7,20,6,30.0% (6/20),117
Mattias Svanberg,Wolfsburg,MF,1219,3.6,1.7,3,1,11,36,13,36,35,25,10,40.0% (10/25),47
Maximilian Arnold,Wolfsburg,MF,2356,0.9,3.5,3,5,9,128,45,132,152,6,1,16.7% (1/6),137
Mohamed Amoura,Wolfsburg,FW,2467,8.7,4.0,8,9,81,61,35,29,35,91,37,40.7% (37/91),142
Patrick Wimmer,Wolfsburg,"MF,FW",1770,3.7,2.9,3,4,46,91,24,55,42,69,37,53.6% (37/69),137
Ridle Baku,Wolfsburg,"FW,MF",1170,1.5,1.3,2,1,16,44,13,33,37,20,9,45.0% (9/20),60
Tiago Tomás,Wolfsburg,"FW,MF",1884,5.4,2.6,6,1,31,50,20,33,22,80,29,36.2% (29/80),81
Ademola Lookman,Atalanta,"MF,FW",2247,10.3,7.1,14,5,142,73,61,29,124,104,37,35.6% (37/104),215
Charles De Ketelaere,Atalanta,"MF,FW",2070,7.3,6.0,7,7,108,140,39,81,56,95,43,45.3% (43/95),248
Lazar Samardzic,Atalanta,MF,1169,2.0,2.9,2,1,54,92,35,60,60,60,27,45.0% (27/60),146
Marco Brescianini,Atalanta,MF,991,3.1,1.0,4,2,46,36,7,27,18,26,8,30.8% (8/26),82
Mario Pašalić,Atalanta,MF,1967,6.6,3.3,3,4,44,149,32,132,11,18,5,27.8% (5/18),193
Mateo Retegui,Atalanta,FW,2383,18.9,4.9,21,8,21,46,38,29,15,30,12,40.0% (12/30),67
Éderson,Atalanta,MF,2881,4.1,4.3,4,1,40,216,37,193,23,52,23,44.2% (23/52),256
Benjamín Domínguez,Bologna,FW,1281,2.2,0.8,3,2,50,32,10,12,11,74,28,37.8% (28/74),82
Dan Ndoye,Bologna,FW,2143,7.0,3.8,6,4,132,74,27,39,44,96,37,38.5% (37/96),206
Giovanni Fabbian,Bologna,MF,1023,2.3,1.3,3,1,14,17,9,15,9,16,2,12.5% (2/16),31
Jens Odgaard,Bologna,"MF,FW",1952,3.6,1.8,6,1,35,50,16,34,24,53,15,28.3% (15/53),85
Lewis Ferguson,Bologna,MF,983,1.0,1.1,0,1,20,53,14,57,18,9,5,55.6% (5/9),73
Michel Aebischer,Bologna,MF,724,0.4,0.4,0,0,8,33,8,41,14,6,3,50.0% (3/6),41
Nicolò Cambiaghi,Bologna,FW,620,0.8,1.9,1,3,45,25,12,9,47,25,11,44.0% (11/25),70
Nikola Moro,Bologna,MF,1208,0.5,0.8,0,2,17,93,20,98,33,12,7,58.3% (7/12),110
Remo Freuler,Bologna,MF,3204,1.3,1.5,1,2,39,208,36,204,19,13,5,38.5% (5/13),247
Riccardo Orsolini,Bologna,FW,1878,10.1,3.7,12,4,61,69,30,34,70,73,33,45.2% (33/73),130
Santiago Castro,Bologna,FW,2294,7.7,2.9,8,4,17,39,28,23,8,43,18,41.9% (18/43),56
Thijs Dallinga,Bologna,FW,1154,4.3,0.6,3,2,9,17,12,14,3,11,2,18.2% (2/11),26
Tommaso Pobega,Bologna,MF,1178,2.1,1.4,2,2,12,42,12,51,8,8,3,37.5% (3/8),54
Alessandro Deiola,Cagliari,MF,1432,1.7,0.6,2,1,11,40,6,45,14,4,3,75.0% (3/4),51
Antoine Makoumbou,Cagliari,MF,2150,0.3,0.9,0,3,11,92,8,70,7,19,10,52.6% (10/19),103
Gianluca Gaetano,Cagliari,"MF,FW",1009,4.9,2.2,2,4,11,41,22,27,24,27,14,51.9% (14/27),52
Mattia Felici,Cagliari,"MF,FW",925,0.6,1.0,0,3,39,19,10,12,25,57,19,33.3% (19/57),58
Michel Ndary Adopo,Cagliari,MF,2409,1.1,2.3,1,1,20,106,19,90,8,42,19,45.2% (19/42),126
Nicolas Viola,Cagliari,"FW,MF",1267,2.2,1.9,3,1,21,46,28,34,79,30,11,36.7% (11/30),67
Roberto Piccoli,Cagliari,FW,3127,12.7,0.9,9,1,30,37,13,32,8,63,14,22.2% (14/63),67
Răzvan Marin,Cagliari,MF,1406,2.4,3.6,1,2,22,84,34,56,77,24,13,54.2% (13/24),106
Zito Luvumbo,Cagliari,"FW,MF",1606,2.1,3.1,2,2,70,31,17,16,65,63,25,39.7% (25/63),101
Assane Diao,Como,"FW,MF",1252,4.0,0.4,8,1,50,36,8,13,12,72,19,26.4% (19/72),86
Gabriel Strefezza,Como,"FW,MF",2619,3.7,3.9,6,4,80,106,57,67,123,82,36,43.9% (36/82),186
Lucas Da Cunha,Como,MF,2613,2.0,3.8,3,2,63,154,55,140,102,30,12,40.0% (12/30),217
Maxence Caqueret,Como,MF,1087,0.8,1.5,2,3,15,76,19,67,16,33,14,42.4% (14/33),91
Máximo Perrone,Como,MF,1857,0.9,2.2,0,3,16,98,30,97,4,8,3,37.5% (3/8),114
Nicolás Paz,Como,"MF,FW",2687,9.3,6.0,6,8,77,163,54,116,41,135,69,51.1% (69/135),240
Patrick Cutrone,Como,FW,2047,7.1,2.1,7,4,53,31,19,16,30,24,9,37.5% (9/24),84
Sergi Roberto,Como,MF,696,0.7,0.7,0,1,10,36,15,28,6,10,3,30.0% (3/10),46
Alberto Grassi,Empoli,MF,2203,1.0,0.8,1,0,18,74,7,65,10,12,5,41.7% (5/12),92
Faustino Anjorin,Empoli,MF,1114,0.9,1.7,2,3,28,55,17,44,17,41,16,39.0% (16/41),83
Jacopo Fazzini,Empoli,MF,1383,3.1,0.5,4,1,34,49,12,27,32,48,23,47.9% (23/48),83
Liam Henderson,Empoli,MF,2337,0.7,3.9,0,4,18,108,33,93,98,11,6,54.5% (6/11),126
Lorenzo Colombo,Empoli,"FW,MF",2233,5.9,2.9,5,2,27,48,21,25,10,50,24,48.0% (24/50),75
Ola Solbakken,Empoli,"MF,FW",760,0.8,0.4,0,0,18,20,9,14,7,15,7,46.7% (7/15),38
Sebastiano Esposito,Empoli,"FW,MF",2331,5.7,2.1,7,0,31,93,36,57,55,67,29,43.3% (29/67),124
Youssef Maleh,Empoli,MF,1510,0.9,0.9,0,1,10,72,12,62,16,13,4,30.8% (4/13),82
Albert Guðmundsson,Fiorentina,"FW,MF",1273,4.5,1.8,4,1,35,37,15,34,24,27,15,55.6% (15/27),72
Amir Richardson,Fiorentina,MF,1099,0.9,0.6,1,1,19,47,8,46,5,19,11,57.9% (11/19),66
Andrea Colpani,Fiorentina,"FW,MF",1450,2.7,1.3,2,1,37,57,17,19,33,27,12,44.4% (12/27),94
Christian Kouamé,Fiorentina,"FW,MF",622,1.1,1.5,0,1,7,16,9,10,6,20,7,35.0% (7/20),23
Danilo Cataldi,Fiorentina,MF,1728,1.1,0.8,3,0,18,90,15,83,21,10,3,30.0% (3/10),108
Edoardo Bove,Fiorentina,"MF,FW",851,0.6,1.5,1,2,12,37,11,18,2,16,7,43.8% (7/16),49
Lucas Beltrán,Fiorentina,"FW,MF",1953,5.4,3.0,3,4,23,64,29,38,7,30,15,50.0% (15/30),87
Michael Folorunsho,Fiorentina,"FW,MF",650,1.1,0.6,0,0,13,21,3,13,21,18,9,50.0% (9/18),34
Moise Kean,Fiorentina,FW,2704,19.4,1.9,18,3,42,26,19,15,9,101,44,43.6% (44/101),68
Nicolò Fagioli,Fiorentina,MF,962,0.5,3.0,1,2,15,50,23,45,27,22,10,45.5% (10/22),65
Riccardo Sottil,Fiorentina,"FW,MF",833,0.9,0.9,1,1,71,18,12,5,41,27,11,40.7% (11/27),89
Rolando Mandragora,Fiorentina,MF,1931,2.7,4.8,3,3,11,92,31,69,40,14,7,50.0% (7/14),103
Yacine Adli,Fiorentina,MF,1234,1.0,2.4,4,6,24,103,23,84,63,32,12,37.5% (12/32),127
Andrea Pinamonti,Genoa,FW,2850,7.7,1.7,10,1,20,46,15,24,17,23,11,47.8% (11/23),66
Fabio Miretti,Genoa,"MF,FW",1677,3.1,2.0,3,3,33,54,22,24,61,73,25,34.2% (25/73),87
Jeff Ekhator,Genoa,"FW,MF",769,1.3,1.0,1,1,4,14,11,8,10,13,4,30.8% (4/13),18
Junior Messias,Genoa,"MF,FW",847,2.4,0.7,1,1,32,32,8,23,22,44,10,22.7% (10/44),64
Milan Badelj,Genoa,MF,1472,1.0,1.1,1,0,8,83,12,73,5,20,9,45.0% (9/20),91
Morten Frendrup,Genoa,MF,3103,1.6,0.9,2,0,24,106,14,79,3,24,10,41.7% (10/24),130
Morten Thorsby,Genoa,"MF,FW",1898,2.8,2.1,0,1,24,58,27,45,9,22,9,40.9% (9/22),82
Patrizio Masini,Genoa,MF,1538,0.4,0.2,1,0,16,44,6,29,26,25,10,40.0% (10/25),60
Vitinha,Genoa,"FW,MF",1328,1.6,3.3,2,3,38,19,16,12,45,68,22,32.4% (22/68),57
Amin Sarr,Hellas Verona,FW,1907,3.2,2.1,4,1,31,41,22,26,7,33,14,42.4% (14/33),72
Casper Tengstedt,Hellas Verona,FW,1517,5.3,0.9,5,1,29,29,12,11,10,27,9,33.3% (9/27),58
Cheikh Tidiane Niasse,Hellas Verona,MF,755,0.4,0.1,0,0,5,25,4,16,2,7,1,14.3% (1/7),30
Dailon Livramento,Hellas Verona,"FW,MF",940,1.8,0.9,1,1,23,13,8,9,18,25,6,24.0% (6/25),36
Daniel Mosquera,Hellas Verona,FW,1375,6.6,1.3,5,1,17,25,12,21,2,25,16,64.0% (16/25),42
Grigoris Kastanos,Hellas Verona,"MF,FW",872,1.0,1.7,1,1,12,34,12,30,23,15,0,0.0% (0/15),46
Ondrej Duda,Hellas Verona,MF,2395,1.0,3.2,1,3,23,117,32,101,89,42,25,59.5% (25/42),140
Reda Belahyane,Hellas Verona,MF,1658,0.2,1.0,0,2,22,73,16,71,3,52,33,63.5% (33/52),95
Suat Serdar,Hellas Verona,MF,1376,1.9,1.0,2,1,18,56,10,47,9,37,19,51.4% (19/37),74
Tomáš Suslov,Hellas Verona,"MF,FW",2080,1.6,1.9,0,1,39,82,27,40,49,77,36,46.8% (36/77),121
Davide Frattesi,Inter,MF,1225,4.0,0.8,5,1,23,31,7,20,8,18,7,38.9% (7/18),54
Hakan Çalhanoğlu,Inter,MF,1947,4.4,5.6,2,6,52,173,49,144,122,7,3,42.9% (3/7),225
Henrikh Mkhitaryan,Inter,MF,2396,1.5,2.7,1,4,72,199,29,156,24,26,7,26.9% (7/26),271
Joaquín Correa,Inter,"FW,MF",731,2.1,2.0,2,2,22,42,10,24,8,10,6,60.0% (6/10),64
Kristjan Asllani,Inter,MF,988,2.5,1.9,0,2,7,55,15,74,43,6,1,16.7% (1/6),62
Lautaro Martínez,Inter,FW,2564,13.5,4.3,12,3,34,68,36,41,13,47,17,36.2% (17/47),102
Marcus Thuram,Inter,FW,2290,9.9,4.4,14,4,62,53,39,24,13,53,24,45.3% (24/53),115
Mehdi Taremi,Inter,FW,816,3.5,1.6,0,2,10,25,15,12,1,11,6,54.5% (6/11),35
Nicolò Barella,Inter,MF,2493,2.2,4.5,3,6,63,235,55,172,68,57,23,40.4% (23/57),298
Piotr Zieliński,Inter,MF,980,2.6,0.9,0,2,26,65,14,77,28,18,6,33.3% (6/18),91
Dušan Vlahović,Juventus,FW,1784,12.3,1.3,6,4,27,22,15,11,9,28,9,32.1% (9/28),49
Francisco Conceição,Juventus,"FW,MF",1340,2.3,4.3,3,3,95,35,28,16,62,79,35,44.3% (35/79),130
Kenan Yıldız,Juventus,"FW,MF",2402,4.3,5.0,7,4,115,121,57,70,115,111,59,53.2% (59/111),236
Khéphren Thuram,Juventus,MF,2326,3.5,3.6,4,5,74,123,25,124,13,70,39,55.7% (39/70),197
Manuel Locatelli,Juventus,MF,2822,1.8,2.5,1,2,33,294,29,327,24,22,8,36.4% (8/22),327
Nicolás González,Juventus,"FW,MF",1750,4.1,1.1,3,2,35,69,19,28,15,53,17,32.1% (17/53),104
Randal Kolo Muani,Juventus,FW,1160,4.7,1.6,7,1,21,20,17,8,8,44,18,40.9% (18/44),41
Samuel Mbangula,Juventus,FW,709,0.6,1.4,3,3,25,17,15,15,17,27,9,33.3% (9/27),42
Teun Koopmeiners,Juventus,"MF,FW",1994,3.9,2.9,3,3,32,89,38,63,113,22,10,45.5% (10/22),121
Boulaye Dia,Lazio,"MF,FW",2177,7.1,4.2,9,3,23,51,26,37,2,42,17,40.5% (17/42),74
Fisayo Dele-Bashiru,Lazio,"MF,FW",947,1.1,0.8,3,1,23,26,10,23,7,22,14,63.6% (14/22),49
Gustav Isaksen,Lazio,FW,2210,5.2,2.1,4,2,95,46,35,19,110,105,44,41.9% (44/105),141
Loum Tchaouna,Lazio,"FW,MF",660,2.5,0.6,1,0,22,20,10,9,32,10,5,50.0% (5/10),42
Mattia Zaccagni,Lazio,FW,2686,6.4,4.6,6,6,91,114,55,51,156,96,44,45.8% (44/96),205
Mattéo Guendouzi,Lazio,MF,3270,1.4,3.2,1,3,89,316,43,287,21,25,15,60.0% (15/25),405
Matías Vecino,Lazio,MF,877,2.3,2.4,2,3,4,29,11,32,2,1,1,100.0% (1/1),33
Nicolò Rovella,Lazio,MF,2718,1.5,2.2,0,3,45,159,31,174,37,25,18,72.0% (18/25),204
Pedro,Lazio,"FW,MF",1102,5.3,1.7,8,1,48,76,22,53,65,32,16,50.0% (16/32),124
Tijjani Noslin,Lazio,"FW,MF",861,2.0,1.6,2,2,13,16,12,12,15,19,8,42.1% (8/19),29
Valentín Castellanos,Lazio,FW,2384,13.4,3.6,8,3,27,66,26,48,25,37,16,43.2% (16/37),93
Ante Rebić,Lecce,"FW,MF",788,2.1,2.1,1,0,17,36,18,18,32,30,8,26.7% (8/30),53
Balthazar Pierret,Lecce,MF,1723,0.2,0.4,0,0,13,82,10,80,9,24,13,54.2% (13/24),95
Hamza Rafia,Lecce,MF,1058,0.5,1.4,0,0,13,51,16,47,45,22,10,45.5% (10/22),64
Lameck Banda,Lecce,"FW,MF",610,1.2,1.1,0,1,27,7,11,3,26,28,10,35.7% (10/28),34
Lassana Coulibaly,Lecce,MF,2667,0.8,0.9,1,0,21,93,12,68,13,38,18,47.4% (18/38),114
Medon Berisha,Lecce,MF,716,0.7,0.6,0,1,13,42,11,46,29,9,3,33.3% (3/9),55
Nikola Krstović,Lecce,FW,3057,12.1,2.9,9,5,42,56,30,38,8,65,17,26.2% (17/65),98
Santiago Pierotti,Lecce,FW,1937,3.1,2.4,4,2,43,38,25,27,17,49,22,44.9% (22/49),81
Tete Morente,Lecce,"FW,MF",2021,2.9,1.6,3,2,48,102,25,54,56,55,30,54.5% (30/55),150
Ylber Ramadani,Lecce,MF,1807,0.6,1.1,1,1,9,60,16,52,6,24,13,54.2% (13/24),69
Þórir Jóhann Helgason,Lecce,MF,1156,1.2,1.1,0,4,20,38,22,23,71,14,8,57.1% (8/14),58
Christian Pulisic,Milan,"FW,MF",2478,12.0,6.4,8,9,121,105,69,56,119,87,39,44.8% (39/87),226
João Félix,Milan,MF,760,2.7,1.2,2,0,20,40,10,31,5,35,15,42.9% (15/35),60
Rafael Leão,Milan,FW,2323,7.6,8.4,8,8,123,93,58,37,55,129,59,45.7% (59/129),216
Ruben Loftus-Cheek,Milan,MF,1037,0.7,1.9,0,0,27,51,16,40,7,23,11,47.8% (11/23),78
Samuel Chukwueze,Milan,"FW,MF",925,2.7,3.0,3,2,48,36,27,18,50,47,26,55.3% (26/47),84
Santiago Giménez,Milan,FW,669,4.8,0.9,5,2,13,6,6,5,2,19,7,36.8% (7/19),19
Tammy Abraham,Milan,FW,1183,7.1,2.2,2,4,8,26,14,13,3,14,4,28.6% (4/14),34
Tijjani Reijnders,Milan,MF,3128,7.5,3.5,10,4,111,230,47,135,46,71,36,50.7% (36/71),341
Youssouf Fofana,Milan,MF,2504,1.3,3.4,1,6,44,176,23,140,10,31,14,45.2% (14/31),220
Yunus Musah,Milan,"MF,FW",1571,1.9,1.8,0,2,51,84,23,60,24,37,21,56.8% (21/37),135
Álvaro Morata,Milan,"FW,MF",1099,3.9,0.8,5,0,18,26,7,15,13,17,6,35.3% (6/17),44
Alessandro Bianco,Monza,MF,2600,1.3,1.2,1,0,35,125,18,139,23,41,17,41.5% (17/41),160
Daniel Maldini,Monza,"MF,FW",1306,4.8,0.9,3,0,41,34,12,14,38,72,30,41.7% (30/72),75
Dany Mota,Monza,"FW,MF",2104,5.1,1.8,5,2,53,47,22,27,38,39,13,33.3% (13/39),100
Gianluca Caprari,Monza,"MF,FW",1651,4.2,2.4,1,2,43,81,30,39,80,40,10,25.0% (10/40),124
Jean-Daniel Akpa-Akpro,Monza,MF,966,0.3,0.2,0,0,21,19,3,19,6,38,12,31.6% (12/38),40
Keita Baldé,Monza,FW,638,1.1,0.2,2,0,19,35,4,19,6,16,5,31.2% (5/16),54
Matteo Pessina,Monza,MF,854,0.2,0.1,0,0,8,28,4,31,6,10,5,50.0% (5/10),36
Milan Đurić,Monza,FW,1270,2.9,1.1,4,1,2,21,5,16,0,6,4,66.7% (4/6),23
Warren Bondo,Monza,MF,1618,0.4,0.3,0,0,25,39,5,35,7,40,20,50.0% (20/40),64
Andre-Frank Zambo Anguissa,Napoli,MF,2852,4.4,2.4,6,4,24,144,26,128,23,47,25,53.2% (25/47),168
Billy Gilmour,Napoli,MF,1177,0.5,1.8,0,1,11,67,21,65,18,10,5,50.0% (5/10),78
David Neres,Napoli,FW,1283,2.7,3.5,2,4,73,32,26,23,92,75,33,44.0% (33/75),105
Giacomo Raspadori,Napoli,"FW,MF",1103,4.0,2.4,6,1,18,42,28,27,67,14,9,64.3% (9/14),60
Khvicha Kvaratskhelia,Napoli,"FW,MF",1178,4.1,3.7,4,3,74,57,28,31,51,72,19,26.4% (19/72),131
Matteo Politano,Napoli,"FW,MF",2804,3.1,4.8,3,4,135,129,56,65,229,80,32,40.0% (32/80),264
Romelu Lukaku,Napoli,FW,2843,13.0,4.0,11,10,31,36,35,15,4,26,6,23.1% (6/26),67
Scott McTominay,Napoli,MF,2938,7.4,2.7,12,4,56,112,26,72,11,88,39,44.3% (39/88),168
Stanislav Lobotka,Napoli,MF,2636,0.3,1.2,0,1,30,118,17,110,2,11,8,72.7% (8/11),148
Adrian Bernabe,Parma,MF,1453,1.3,1.1,1,1,37,115,22,103,29,33,15,45.5% (15/33),152
Ange-Yoan Bonny,Parma,FW,2529,9.4,2.9,4,4,41,53,30,31,14,67,33,49.3% (33/67),94
Dennis Man,Parma,"FW,MF",1995,5.5,4.2,4,4,67,60,45,46,33,75,25,33.3% (25/75),127
Hernani,Parma,MF,1327,2.8,1.5,0,3,29,78,25,45,33,24,8,33.3% (8/24),107
Mandela Keita,Parma,MF,1826,0.1,1.0,0,2,13,50,15,55,0,31,17,54.8% (17/31),63
Mateo Pellegrino,Parma,FW,737,3.3,0.7,3,1,6,15,5,11,4,9,3,33.3% (3/9),21
Matteo Cancellieri,Parma,"FW,MF",1424,2.7,0.7,3,0,40,24,11,16,21,70,28,40.0% (28/70),64
Nahuel Estévez,Parma,MF,657,0.1,0.8,0,0,3,30,6,26,16,3,3,100.0% (3/3),33
Pontus Almqvist,Parma,"FW,MF",1112,2.1,1.3,1,1,42,12,10,4,11,50,20,40.0% (20/50),54
Simon Sohm,Parma,MF,2989,3.1,2.1,4,0,69,140,20,122,15,35,15,42.9% (15/35),209
Valentin Mihaila,Parma,"FW,MF",1288,2.4,1.2,0,3,25,41,17,28,33,27,10,37.0% (10/27),66
Artem Dovbyk,Roma,FW,2418,11.9,2.4,10,2,24,16,25,17,1,18,7,38.9% (7/18),40
Bryan Cristante,Roma,MF,2045,2.1,1.4,4,2,25,145,18,143,15,14,6,42.9% (6/14),170
Eldor Shomurodov,Roma,"FW,MF",1097,4.7,1.3,4,4,19,21,17,10,6,28,8,28.6% (8/28),40
Leandro Paredes,Roma,MF,1373,2.3,1.5,1,1,17,106,21,110,57,3,3,100.0% (3/3),123
Lorenzo Pellegrini,Roma,MF,1626,4.7,2.5,1,1,27,61,27,35,49,27,11,40.7% (11/27),88
Manu Koné,Roma,MF,2572,3.4,1.7,2,1,70,144,19,113,2,72,30,41.7% (30/72),214
Niccolò Pisilli,Roma,MF,1227,2.7,0.7,2,1,22,63,10,67,10,14,5,35.7% (5/14),85
Paulo Dybala,Roma,"FW,MF",1417,6.4,5.0,3,3,41,79,40,47,62,43,11,25.6% (11/43),120
Tommaso Baldanzi,Roma,"MF,FW",832,1.4,1.0,1,1,39,23,10,22,7,39,17,43.6% (17/39),62
Antonio Sanabria,Torino,FW,1318,2.9,0.5,2,1,6,18,9,13,0,11,6,54.5% (6/11),24
Cesare Casadei,Torino,MF,1017,1.2,0.4,1,1,14,36,7,35,2,10,7,70.0% (7/10),50
Che Adams,Torino,FW,2652,9.0,2.0,9,3,23,40,26,32,10,37,11,29.7% (11/37),63
Elif Elmas,Torino,"FW,MF",1021,1.4,0.4,4,0,42,34,9,22,23,38,13,34.2% (13/38),76
Gvidas Gineitis,Torino,MF,1430,1.3,2.0,3,1,15,36,21,38,51,17,8,47.1% (8/17),51
Ivan Ilić,Torino,MF,920,0.9,1.1,1,0,24,45,9,39,27,15,6,40.0% (6/15),69
Karol Linetty,Torino,MF,1540,1.1,0.9,1,0,18,47,10,45,4,21,7,33.3% (7/21),65
Nikola Vlašić,Torino,"MF,FW",2117,3.4,2.4,3,4,53,94,32,57,26,48,24,50.0% (24/48),147
Samuele Ricci,Torino,MF,2825,1.3,0.6,1,1,43,116,15,102,30,22,6,27.3% (6/22),159
Yann Karamoh,Torino,"MF,FW",1046,1.2,0.9,0,1,37,28,9,8,23,38,12,31.6% (12/38),65
Arthur Atta,Udinese,"MF,FW",1251,1.3,1.4,0,1,31,57,18,42,24,61,27,44.3% (27/61),88
Florian Thauvin,Udinese,"FW,MF",1956,8.1,3.8,7,3,92,90,39,58,168,92,39,42.4% (39/92),182
Iker Bravo,Udinese,"FW,MF",682,0.9,0.4,2,1,7,18,7,10,8,29,11,37.9% (11/29),25
Jesper Karlström,Udinese,MF,3186,0.7,1.1,0,3,23,135,21,139,15,15,6,40.0% (6/15),158
Jurgen Ekkelenkamp,Udinese,MF,1892,2.8,1.3,3,2,34,72,15,42,12,30,10,33.3% (10/30),106
Keinan Davis,Udinese,FW,1066,2.9,2.1,2,1,26,22,20,13,3,35,17,48.6% (17/35),48
Lorenzo Lucca,Udinese,FW,2353,7.6,1.6,11,1,15,18,14,17,5,25,12,48.0% (12/25),33
Martín Payero,Udinese,MF,1381,1.2,1.3,1,1,33,51,15,46,39,70,30,42.9% (30/70),84
Oier Zarraga,Udinese,MF,896,0.4,0.4,1,0,7,28,6,27,20,5,2,40.0% (2/5),35
Sandi Lovrić,Udinese,MF,2308,2.6,3.4,2,3,60,120,32,81,90,48,21,43.8% (21/48),180
Alfred Duncan,Venezia,MF,957,0.8,1.1,0,0,11,53,11,37,17,22,13,59.1% (13/22),64
Christian Gytkjær,Venezia,FW,754,2.4,0.5,1,1,3,5,7,5,1,5,1,20.0% (1/5),8
Gaetano Oristanio,Venezia,"FW,MF",2315,4.1,2.6,3,3,72,64,33,32,59,123,55,44.7% (55/123),136
Gianluca Busio,Venezia,MF,2518,2.4,1.6,2,0,60,95,28,46,29,48,15,31.2% (15/48),155
Hans Nicolussi Caviglia,Venezia,MF,2861,2.4,2.1,4,2,20,140,29,123,72,50,17,34.0% (17/50),160
Issa Doumbia,Venezia,MF,939,1.0,0.1,0,0,12,22,3,17,10,16,11,68.8% (11/16),34
Joel Pohjanpalo,Venezia,FW,1603,7.5,1.7,3,0,9,29,15,25,3,10,3,30.0% (3/10),38
John Yeboah,Venezia,"FW,MF",1226,3.0,1.9,1,1,50,42,20,19,26,59,24,40.7% (24/59),92
Kike Pérez,Venezia,MF,1114,0.9,1.2,1,0,18,60,16,61,49,28,13,46.4% (13/28),78
Magnus Kofod Andersen,Venezia,MF,695,0.3,0.5,1,1,7,24,9,18,16,4,2,50.0% (2/4),31
