jogador,time,posicao,idade,Minutos,Prgc,PrgP,Amarelo,Vermelho,2 Amarelo,Falta Cometida,interceptacao,recuperacoes,Duelos Aereoes W,Duelos Aereoes L,Duelos Aereoes W%,Divididas Total,Divididas Ganhas,Clearence,Erros
Declan Rice,Arsenal,MF,25,2825,90,192,7,1,1,21,25,156,37,25,59.7,53,25,51,0
Jorginho,Arsenal,MF,32,704,12,48,5,0,0,15,7,55,1,6,14.3,12,4,2,2
Martin Ødegaard,Arsenal,MF,25,2325,92,258,4,0,0,12,6,97,8,7,53.3,19,11,6,1
Amadou Onana,Aston Villa,MF,22,1617,29,75,4,0,0,32,26,72,32,21,60.4,55,30,41,3
Boubacar Kamara,Aston Villa,MF,24,1726,19,85,2,0,0,30,19,87,21,26,44.7,50,21,51,3
Marco Asensio,Aston Villa,MF,28,743,22,45,2,0,0,11,2,28,0,1,0.0,7,5,3,0
Youri Tielemans,Aston Villa,MF,27,3026,39,235,4,0,0,41,23,145,22,18,55.0,84,58,47,4
Alex Scott,Bournemouth,MF,20,755,15,52,3,0,0,17,10,52,7,7,50.0,27,14,15,0
Justin Kluivert,Bournemouth,MF,25,2340,81,105,8,0,0,47,14,78,8,28,22.2,23,11,24,1
Ryan Christie,Bournemouth,MF,29,2117,34,137,9,0,0,43,30,182,20,28,41.7,54,33,51,3
Tyler Adams,Bournemouth,MF,25,1965,14,76,7,0,0,45,32,114,31,18,63.3,83,50,42,0
Christian Nørgaard,Brentford,MF,30,2819,14,154,8,1,0,44,49,193,49,30,62.0,79,49,70,1
Mathias Jensen,Brentford,MF,28,862,6,61,2,0,0,7,8,48,8,5,61.5,14,10,13,2
Vitaly Janelt,Brentford,MF,26,2254,17,80,3,0,0,24,27,107,19,11,63.3,38,22,53,1
Yehor Yarmoliuk,Brentford,MF,20,1450,15,63,6,0,0,19,13,113,8,10,44.4,49,28,33,0
Carlos Baleba,Brighton,MF,20,2661,43,118,8,1,1,40,46,197,39,26,60.0,79,46,44,1
Matt O'Riley,Brighton,MF,23,938,22,38,1,0,0,16,13,29,5,8,38.5,16,9,9,1
Yasin Ayari,Brighton,MF,20,1965,30,75,3,0,0,37,20,118,16,20,44.4,59,32,26,0
Enzo Fernández,Chelsea,MF,23,2947,60,212,8,0,0,52,13,156,14,29,32.6,65,33,23,4
Roméo Lavia,Chelsea,MF,20,797,3,31,4,0,0,16,16,40,12,6,66.7,22,13,10,1
Adam Wharton,Crystal Palace,MF,20,1318,14,107,2,0,0,12,20,102,7,16,30.4,34,14,27,0
Daichi Kamada,Crystal Palace,MF,27,1564,25,88,4,1,0,28,18,89,4,13,23.5,47,29,14,0
Ismaila Sarr,Crystal Palace,MF,26,2711,76,86,4,0,0,14,9,113,37,52,41.6,22,10,40,0
Will Hughes,Crystal Palace,MF,29,2108,20,87,11,0,0,65,21,121,19,18,51.4,66,36,28,3
Abdoulaye Doucouré,Everton,MF,31,2564,42,82,5,1,1,49,10,150,30,44,40.5,48,28,20,1
Idrissa Gana Gueye,Everton,MF,34,3063,27,145,9,0,0,55,48,194,24,15,61.5,133,80,36,1
Orel Mangala,Everton,MF,26,1261,6,34,2,0,0,24,21,49,6,8,42.9,16,8,24,1
Andreas Pereira,Fulham,MF,28,2013,29,104,7,0,0,28,8,100,13,23,36.1,24,13,17,3
Emile Smith Rowe,Fulham,MF,24,2043,53,126,3,0,0,19,11,75,6,20,23.1,31,18,16,0
Sander Berge,Fulham,MF,26,2224,29,124,6,0,0,31,21,126,28,22,56.0,50,30,38,1
Saša Lukić,Fulham,MF,27,2344,39,98,12,0,0,66,28,109,19,25,43.2,68,39,35,1
Tom Cairney,Fulham,MF,33,628,18,53,3,1,0,8,4,52,5,9,35.7,13,5,3,1
Jack Taylor,Ipswich Town,MF,26,860,11,43,4,0,0,16,9,53,7,8,46.7,20,10,24,0
Jens Cajuste,Ipswich Town,MF,24,1959,26,59,2,0,0,24,28,107,13,22,37.1,44,22,33,2
Kalvin Phillips,Ipswich Town,MF,28,1237,4,51,6,1,1,28,19,68,7,22,24.1,35,19,37,2
Sam Morsy,Ipswich Town,MF,32,2751,22,120,10,0,0,48,29,157,18,24,42.9,68,41,47,5
Boubakary Soumaré,Leicester City,MF,25,2171,34,105,8,0,0,24,27,140,21,11,65.6,37,20,34,4
Harry Winks,Leicester City,MF,28,1538,19,101,4,0,0,9,9,106,8,6,57.1,24,11,20,0
Oliver Skipp,Leicester City,MF,23,1129,16,35,8,0,0,21,11,46,12,6,66.7,21,4,11,2
Wilfred Ndidi,Leicester City,MF,27,2324,18,70,8,0,0,39,31,127,61,59,50.8,85,51,80,0
Alexis Mac Allister,Liverpool,MF,25,2599,36,177,6,0,0,62,22,148,19,34,35.8,95,58,29,1
Dominik Szoboszlai,Liverpool,MF,23,2491,72,131,6,0,0,44,9,133,19,23,45.2,38,20,19,2
Ryan Gravenberch,Liverpool,MF,22,3160,70,181,6,1,0,47,60,193,26,14,65.0,69,35,59,2
Mateo Kovačić,Manchester City,MF,30,2198,56,164,5,1,0,24,24,114,10,9,52.6,69,38,21,1
Nicolás González,Manchester City,MF,22,760,9,50,3,0,0,13,8,31,16,12,57.1,16,6,21,0
İlkay Gündoğan,Manchester City,MF,33,2223,64,127,1,0,0,15,13,116,14,11,56.0,25,13,23,0
Bruno Fernandes,Manchester Utd,MF,29,3018,77,325,5,2,1,32,26,213,22,28,44.0,84,50,35,3
Casemiro,Manchester Utd,MF,32,1494,4,84,5,0,0,20,14,103,36,19,65.5,83,50,51,3
Christian Eriksen,Manchester Utd,MF,32,1061,13,55,4,0,0,8,7,62,2,6,25.0,19,9,8,0
Kobbie Mainoo,Manchester Utd,MF,19,1651,22,65,5,0,0,27,19,88,19,31,38.0,46,29,14,1
Manuel Ugarte Ribeiro,Manchester Utd,MF,23,1785,16,61,11,0,0,41,27,122,18,18,50.0,77,49,17,2
Mason Mount,Manchester Utd,MF,25,622,15,33,3,0,0,16,4,18,4,8,33.3,15,5,4,0
Bruno Guimarães,Newcastle Utd,MF,26,3271,64,271,7,0,0,65,29,188,18,19,48.6,83,47,44,5
Sandro Tonali,Newcastle Utd,MF,24,2630,37,128,5,0,0,37,34,177,12,12,50.0,51,32,33,2
Sean Longstaff,Newcastle Utd,MF,26,798,4,40,2,0,0,9,7,31,7,7,50.0,27,16,8,0
Elliot Anderson,Nott'ham Forest,MF,21,2728,52,143,10,0,0,49,31,207,56,30,65.1,92,56,76,4
Morgan Gibbs-White,Nott'ham Forest,MF,24,2803,69,164,11,1,1,38,23,127,40,55,42.1,43,22,29,1
Ryan Yates,Nott'ham Forest,MF,26,1915,18,53,10,0,0,53,26,104,45,30,60.0,42,21,61,1
Flynn Downes,Southampton,MF,25,2151,29,66,12,0,0,50,32,83,17,17,50.0,49,25,51,4
Lesley Ugochukwu,Southampton,MF,20,1655,29,49,7,0,0,31,14,67,20,18,52.6,50,24,23,2
Mateus Fernandes,Southampton,MF,20,2909,76,145,8,0,0,46,28,179,15,9,62.5,89,48,35,7
William Smallbone,Southampton,MF,24,690,5,27,1,0,0,11,2,23,4,6,40.0,20,13,14,2
James Maddison,Tottenham,MF,27,1809,45,164,6,0,0,32,12,76,5,7,41.7,31,19,19,1
Lucas Bergvall,Tottenham,MF,18,1212,33,49,3,0,0,20,24,73,9,8,52.9,39,19,22,3
Pape Matar Sarr,Tottenham,MF,21,1913,33,88,6,0,0,34,30,115,34,45,43.0,49,36,25,1
Rodrigo Bentancur,Tottenham,MF,27,1645,28,100,9,0,0,34,40,121,36,30,54.5,40,22,38,1
Yves Bissouma,Tottenham,MF,27,1408,15,75,7,0,0,28,18,85,7,7,50.0,49,31,40,4
Edson Álvarez,West Ham,MF,26,1772,24,85,9,1,1,42,18,88,30,23,56.6,50,27,46,1
Guido Rodríguez,West Ham,MF,30,1149,4,33,6,0,0,18,13,53,11,7,61.1,36,19,35,1
James Ward-Prowse,West Ham,MF,29,1039,11,54,2,0,0,10,8,52,10,5,66.7,20,14,15,0
Tomáš Souček,West Ham,MF,29,2567,9,74,8,0,0,47,20,63,99,73,57.6,46,21,85,1
André,Wolves,MF,23,2472,10,109,7,0,0,36,37,194,2,6,25.0,91,55,30,1
João Gomes,Wolves,MF,23,2974,59,165,11,1,1,70,25,200,11,26,29.7,116,71,33,0
Ander Guevara,Alavés,MF,27,1947,14,112,3,0,0,39,14,120,30,39,43.5,49,30,43,1
Antonio Blanco,Alavés,MF,24,2727,13,146,11,1,1,66,42,164,28,35,44.4,67,40,48,1
Joan Jordán,Alavés,MF,30,1414,7,104,4,0,0,28,9,61,16,13,55.2,32,18,21,0
Beñat Prados,Athletic Club,MF,23,1715,20,78,7,0,0,40,28,91,29,22,56.9,55,36,26,0
Iñigo Ruiz de Galarreta,Athletic Club,MF,30,1477,27,137,5,0,0,43,16,120,8,12,40.0,36,22,14,2
Mikel Jauregizar,Athletic Club,MF,20,2244,14,118,4,1,0,46,29,144,34,35,49.3,84,48,36,2
Mikel Vesga,Athletic Club,MF,31,988,10,64,1,0,0,14,15,66,25,16,61.0,22,15,26,0
Oihan Sancet,Athletic Club,MF,24,1620,52,90,2,0,0,16,5,77,12,13,48.0,13,8,6,0
Conor Gallagher,Atlético Madrid,MF,24,1633,24,64,2,0,0,32,20,107,9,21,30.0,45,32,23,0
Giuliano Simeone,Atlético Madrid,MF,21,1926,69,49,4,0,0,23,14,72,11,23,32.4,27,13,22,1
Koke,Atlético Madrid,MF,32,1926,22,132,4,0,0,23,20,122,8,9,47.1,46,23,29,2
Pablo Barrios,Atlético Madrid,MF,21,2330,29,142,4,1,0,28,34,131,35,21,62.5,46,26,33,9
Rodrigo De Paul,Atlético Madrid,MF,30,2106,85,231,7,0,0,19,6,128,4,7,36.4,33,26,15,3
Frenkie de Jong,Barcelona,MF,27,1143,36,120,3,0,0,14,12,57,10,7,58.8,19,11,7,1
Marc Casado,Barcelona,MF,20,1611,12,107,4,1,1,26,22,90,8,23,25.8,44,25,22,1
Pedri,Barcelona,MF,21,2879,92,360,3,0,0,10,26,254,7,6,53.8,61,34,21,1
Isco,Betis,MF,32,1547,38,152,5,0,0,23,11,71,13,21,38.2,20,13,7,0
Johnny Cardoso,Betis,MF,22,2144,19,71,4,0,0,38,48,138,29,18,61.7,55,31,64,1
Marc Roca,Betis,MF,27,906,11,59,4,0,0,16,14,51,5,13,27.8,20,14,14,2
Sergi Altimira,Betis,MF,22,1972,25,99,4,0,0,35,24,117,11,22,33.3,61,37,43,3
Damián Rodríguez,Celta Vigo,MF,21,927,8,71,3,0,0,13,7,49,0,4,0.0,14,9,13,0
Fran Beltrán,Celta Vigo,MF,25,2421,28,152,3,0,0,34,26,119,19,27,41.3,50,35,34,4
Hugo Sotelo,Celta Vigo,MF,20,1254,21,83,5,0,0,19,5,71,2,10,16.7,28,17,9,1
Ilaix Moriba,Celta Vigo,MF,21,2132,34,119,9,1,1,32,14,108,24,25,49.0,68,42,33,1
Alex Král,Espanyol,MF,26,2714,49,78,1,0,0,31,28,127,38,28,57.6,55,37,51,2
Edu Expósito,Espanyol,MF,27,1045,23,64,3,0,0,14,15,63,11,11,50.0,23,13,21,2
Pol Lozano,Espanyol,MF,24,1943,18,115,12,0,0,56,22,86,10,16,38.5,53,34,31,0
Urko González,Espanyol,MF,23,1374,18,62,2,0,0,15,8,71,20,15,57.1,46,28,39,1
Luis Milla,Getafe,MF,29,2875,32,152,6,0,0,38,24,168,31,35,47.0,61,40,28,3
Mauro Arambarri,Getafe,MF,28,2661,17,75,10,0,0,51,15,137,59,54,52.2,48,29,46,0
Arthur Melo,Girona,MF,27,941,24,70,2,0,0,16,8,49,0,3,0.0,25,11,12,1
Donny van de Beek,Girona,MF,27,1421,17,45,5,0,0,22,10,48,10,9,52.6,29,18,12,0
Iván Martín,Girona,MF,25,2039,57,131,1,0,0,21,11,110,4,18,18.2,32,19,15,1
Oriol Romeu,Girona,MF,32,1356,22,73,5,0,0,28,12,71,13,18,41.9,38,25,20,4
Yangel Herrera,Girona,MF,26,2257,31,110,10,1,0,72,31,106,50,45,52.6,66,39,50,2
Dario Essugo,Las Palmas,MF,19,1938,18,76,11,2,2,37,42,118,30,32,48.4,59,45,47,7
Enzo Loiodice,Las Palmas,MF,23,684,3,31,3,0,0,10,10,29,7,8,46.7,17,7,7,2
José Campaña,Las Palmas,MF,31,1189,11,87,5,0,0,7,19,84,15,4,78.9,21,16,19,2
Kirian Rodríguez,Las Palmas,MF,28,1758,25,128,2,0,0,9,10,100,13,17,43.3,33,17,21,0
Darko Brašanac,Leganés,MF,32,1617,6,43,4,0,0,38,16,61,20,38,34.5,26,11,34,0
Seydouba Cissé,Leganés,MF,23,2435,26,110,3,1,0,39,12,154,25,38,39.7,59,37,45,1
Yvan Neyou,Leganés,MF,27,2312,24,96,14,0,0,33,26,121,22,19,53.7,53,33,38,1
Manu Morlanes,Mallorca,MF,25,1338,16,88,7,0,0,15,24,79,10,16,38.5,43,27,16,0
Omar Mascarell,Mallorca,MF,31,1992,10,75,5,1,0,30,49,90,44,25,63.8,27,13,59,3
Samu Costa,Mallorca,MF,23,2649,24,116,10,1,1,62,32,129,68,40,63.0,90,44,85,1
Aimar Oroz,Osasuna,MF,22,2966,74,163,8,0,0,28,20,164,18,22,45.0,35,19,10,0
Iker Muñoz,Osasuna,MF,21,610,6,24,2,0,0,12,4,28,10,12,45.5,5,2,12,1
Jon Moncayola,Osasuna,MF,26,2099,25,107,8,0,0,34,11,91,15,16,48.4,70,41,20,0
Lucas Torró,Osasuna,MF,30,2957,10,109,10,0,0,75,45,172,159,67,70.4,74,41,70,3
Pablo Ibáñez,Osasuna,MF,25,1294,21,51,4,0,0,28,18,56,19,24,44.2,20,10,21,0
Gerard Gumbau,Rayo Vallecano,MF,29,849,2,41,4,0,0,21,5,27,17,22,43.6,17,12,13,0
Pedro Díaz,Rayo Vallecano,MF,26,1211,27,62,2,0,0,7,7,80,5,8,38.5,23,15,7,1
Unai López,Rayo Vallecano,MF,28,1707,22,112,9,1,0,18,21,117,10,18,35.7,31,21,20,0
Óscar Valentín,Rayo Vallecano,MF,29,1835,13,86,5,0,0,57,21,109,33,39,45.8,55,41,51,2
Dani Ceballos,Real Madrid,MF,27,1215,42,150,4,0,0,13,14,87,2,1,66.7,41,21,10,2
Jude Bellingham,Real Madrid,MF,21,2488,74,199,5,1,0,33,28,97,30,31,49.2,61,33,23,1
Luka Modrić,Real Madrid,MF,38,1827,62,208,7,0,0,23,27,105,6,13,31.6,31,20,17,0
Beñat Turrientes,Real Sociedad,MF,22,942,18,42,4,0,0,13,5,45,10,18,35.7,15,6,14,1
Brais Méndez,Real Sociedad,MF,27,1531,32,91,4,0,0,41,7,76,18,27,40.0,24,13,16,1
Luka Sučić,Real Sociedad,MF,21,1792,30,79,4,0,0,11,15,109,26,25,51.0,25,18,16,1
Martín Zubimendi,Real Sociedad,MF,25,2962,38,195,6,0,0,44,44,140,53,32,62.4,73,37,79,3
Olasagasti,Real Sociedad,MF,23,857,11,38,2,0,0,15,15,42,12,22,35.3,21,10,10,0
Pablo Marín,Real Sociedad,MF,21,1239,20,45,3,0,0,19,5,62,18,26,40.9,25,17,14,0
Albert Sambi Lokonga,Sevilla,MF,24,1471,24,93,4,0,0,22,9,69,28,14,66.7,22,15,24,3
Djibril Sow,Sevilla,MF,27,2062,23,100,5,0,0,23,28,110,24,23,51.1,25,14,26,1
Lucien Agoume,Sevilla,MF,22,2114,29,135,5,1,0,49,41,136,42,40,51.2,70,32,42,0
Saúl Ñíguez,Sevilla,MF,29,1553,13,66,8,1,0,44,22,86,40,33,54.8,47,32,34,0
Enzo Barrenechea,Valencia,MF,23,2191,21,126,6,0,0,25,28,117,37,24,60.7,57,30,48,1
Javier Guerra,Valencia,MF,21,2581,50,137,5,0,0,34,20,168,17,18,48.6,50,27,49,3
José Luis García Vayá,Valencia,MF,25,1742,13,142,8,1,0,26,19,99,23,21,52.3,43,25,42,0
Chuky san jose,Valladolid,MF,20,728,6,15,1,0,0,3,0,20,2,10,16.7,8,2,4,0
Florian Grillitsch,Valladolid,MF,28,623,9,38,1,0,0,6,4,42,5,4,55.6,11,7,5,1
Kike Pérez,Valladolid,MF,27,1191,19,67,6,0,0,32,7,60,12,15,44.4,37,26,18,0
Mario Martín,Valladolid,MF,20,1748,18,66,8,3,1,50,21,83,31,34,47.7,62,32,46,7
Selim Amallah,Valladolid,MF,27,1376,24,57,6,0,0,32,14,73,5,16,23.8,30,18,5,1
Stanko Jurić,Valladolid,MF,27,1729,5,57,7,1,1,38,24,92,50,22,69.4,48,24,52,0
Daniel Parejo,Villarreal,MF,35,2273,19,176,8,0,0,20,24,142,24,9,72.7,52,40,40,1
Denis Suárez,Villarreal,MF,30,608,27,35,0,0,0,1,3,25,1,6,14.3,12,8,3,0
Pape Gueye,Villarreal,MF,25,2224,36,156,6,2,1,31,27,126,31,23,57.4,54,26,53,2
Santi Comesaña,Villarreal,MF,27,2560,39,154,7,0,0,37,19,160,32,49,39.5,85,49,56,1
Haris Belkebla,Angers,MF,30,1792,8,69,1,0,0,18,35,90,8,21,27.6,56,38,46,1
Jean-Eudes Aholou,Angers,MF,30,1959,15,68,7,0,0,50,33,100,38,23,62.3,56,36,32,0
Yassin Belkhdim,Angers,MF,22,1523,17,37,4,0,0,28,21,74,5,15,25.0,53,27,41,1
Assane Dioussé,Auxerre,MF,26,663,1,33,1,0,0,18,12,41,1,3,25.0,15,7,15,0
Elisha Owusu,Auxerre,MF,26,2344,8,78,7,0,0,49,42,154,16,26,38.1,73,41,35,1
Hamed Junior Traorè,Auxerre,MF,24,2093,66,99,5,0,0,30,8,100,12,20,37.5,41,20,11,0
Han-Noah Massengo,Auxerre,MF,23,1046,13,28,5,0,0,17,17,57,7,11,38.9,17,11,10,2
Kévin Danois,Auxerre,MF,20,1460,19,95,1,0,0,22,20,102,14,18,43.8,49,30,20,0
Hugo Magnetti,Brest,MF,26,2323,21,80,5,0,0,29,18,111,10,10,50.0,52,32,37,0
Pierre Lees-Melou,Brest,MF,31,1526,23,105,7,0,0,32,12,125,4,7,36.4,48,33,23,0
Abdoulaye Touré,Le Havre,MF,30,2324,17,109,5,0,0,30,34,160,30,19,61.2,61,34,42,5
Junior Mwanga,Le Havre,MF,21,952,15,42,1,1,0,19,8,61,9,7,56.3,26,16,18,2
Oussama Targhalline,Le Havre,MF,22,990,25,66,0,0,0,11,19,43,8,6,57.1,19,14,14,2
Rassoul Ndiaye,Le Havre,MF,22,1061,6,46,2,0,0,12,12,66,13,21,38.2,35,25,24,0
Adrien Thomasson,Lens,MF,30,2615,30,149,7,0,0,51,19,206,17,45,27.4,90,47,28,2
Andy Diouf,Lens,MF,21,2225,82,116,2,0,0,43,15,154,18,31,36.7,37,26,18,2
Neil El Aynaoui,Lens,MF,23,1588,11,75,4,0,0,34,30,90,24,15,61.5,39,21,29,0
André Gomes,Lille,MF,31,1276,18,101,3,0,0,24,6,92,9,7,56.3,27,13,11,2
Angel Gomes,Lille,MF,23,736,15,49,1,0,0,4,0,20,5,6,45.5,10,6,2,0
Ayyoub Bouaddi,Lille,MF,16,1151,11,37,2,0,0,18,10,62,9,9,50.0,50,31,12,1
Benjamin André,Lille,MF,33,2692,29,209,12,0,0,50,48,189,94,82,53.4,103,57,56,0
Ngal'Ayel Mukau,Lille,MF,19,1190,19,57,4,0,0,19,15,63,14,14,50.0,33,18,22,0
Corentin Tolisso,Lyon,MF,29,2329,31,166,4,0,0,44,22,128,54,58,48.2,57,25,41,1
Jordan Veretout,Lyon,MF,31,1553,35,99,3,0,0,23,5,88,12,15,44.4,30,14,23,1
Nemanja Matić,Lyon,MF,35,2010,35,150,1,0,0,13,18,125,15,13,53.6,42,29,31,1
Tanner Tessmann,Lyon,MF,22,1234,11,56,3,0,0,14,19,63,4,19,17.4,25,15,29,1
Adrien Rabiot,Marseille,MF,29,2485,79,168,4,0,0,53,21,124,34,26,56.7,49,31,32,0
Ismaël Bennacer,Marseille,MF,26,646,14,72,2,0,0,19,10,50,2,4,33.3,21,10,2,1
Pierre Højbjerg,Marseille,MF,28,2664,36,263,5,0,0,30,42,171,21,18,53.8,64,45,33,2
Denis Zakaria,Monaco,MF,27,2144,27,113,5,0,0,32,34,165,18,12,60.0,41,26,39,1
Lamine Camara,Monaco,MF,20,2054,25,141,10,1,1,45,31,153,21,21,50.0,66,41,32,1
Soungoutou Magassa,Monaco,MF,20,1025,6,63,5,1,0,28,21,90,13,21,38.2,47,25,19,1
Jordan Ferri,Montpellier,MF,32,1773,19,137,6,1,0,35,9,132,13,15,46.4,42,23,20,0
Joris Chotard,Montpellier,MF,22,1892,20,80,5,0,0,16,19,90,16,11,59.3,39,27,52,1
Rabby Nzingoula,Montpellier,MF,18,1689,25,40,11,0,0,37,29,99,17,20,45.9,64,42,23,0
Téji Savanier,Montpellier,MF,32,2363,26,183,4,1,0,22,15,117,18,23,43.9,29,25,21,4
Douglas,Nantes,MF,27,2307,14,125,8,0,0,42,32,111,23,35,39.7,69,42,47,0
Johann Lepenant,Nantes,MF,21,2048,25,89,3,0,0,51,18,89,20,18,52.6,68,33,25,0
Pedro Chirivella,Nantes,MF,27,2348,16,170,6,0,0,25,19,116,10,14,41.7,44,29,45,0
Baptiste Santamaria,Nice,MF,29,927,10,45,1,0,0,16,18,49,24,13,64.9,20,10,19,1
Hicham Boudaoui,Nice,MF,24,2435,54,124,9,0,0,41,22,175,16,34,32.0,76,52,45,1
Tanguy Ndombele,Nice,MF,27,1131,22,61,2,0,0,10,14,67,3,10,23.1,35,23,9,0
Fabián Ruiz Peña,Paris S-G,MF,28,1923,47,205,1,0,0,6,16,135,5,8,38.5,37,24,27,1
Senny Mayulu,Paris S-G,MF,18,808,29,46,1,0,0,20,5,32,1,10,9.1,25,16,12,0
Vitinha,Paris S-G,MF,24,2042,53,224,1,0,0,9,14,144,1,5,16.7,43,23,19,2
Amadou Koné,Reims,MF,19,1293,19,68,3,1,0,19,19,79,22,22,50.0,49,32,38,2
Marshall Munetsi,Reims,MF,28,1692,8,26,5,0,0,28,17,72,41,48,46.1,36,18,35,0
Teddy Teuma,Reims,MF,30,750,9,47,1,0,0,11,12,42,4,8,33.3,18,10,8,1
Valentin Atangana Edoa,Reims,MF,18,2854,41,93,7,0,0,57,37,117,47,34,58.0,69,50,64,0
Azor Matusiwa,Rennes,MF,26,2078,19,134,3,0,0,29,34,134,28,18,60.9,64,39,52,0
Djaoui Cissé,Rennes,MF,20,1121,16,84,4,0,0,25,13,78,4,13,23.5,33,18,11,1
Glen Kamara,Rennes,MF,28,662,5,34,0,0,0,7,7,42,2,6,25.0,23,11,7,0
Jordan James,Rennes,MF,20,1178,21,67,4,0,0,26,14,54,10,7,58.8,30,19,17,1
Seko Fofana,Rennes,MF,29,844,32,72,3,0,0,9,7,42,7,3,70.0,11,7,7,0
Aimen Moueffek,Saint-Étienne,MF,23,1039,20,43,2,0,0,20,5,59,9,17,34.6,20,12,26,1
Benjamin Bouchouari,Saint-Étienne,MF,22,1772,48,133,6,0,0,15,17,119,6,17,26.1,33,27,15,2
Florian Tardieu,Saint-Étienne,MF,32,1252,11,139,0,0,0,10,15,83,14,8,63.6,18,14,21,0
Louis Mouton,Saint-Étienne,MF,22,1045,18,54,2,0,0,24,10,63,5,11,31.3,49,25,19,0
Mathis Amougou,Saint-Étienne,MF,18,859,8,36,2,0,0,6,12,37,3,12,20.0,21,15,4,0
Pierre Ekwah Elimby,Saint-Étienne,MF,22,2575,20,146,3,0,0,42,47,154,30,13,69.8,54,33,72,1
Andrey Santos,Strasbourg,MF,20,2855,29,149,8,0,0,29,32,188,37,24,60.7,110,74,67,1
Cristian Cásseres Jr.,Toulouse,MF,24,2696,31,128,11,0,0,53,42,172,24,17,58.5,96,61,36,1
Vincent Sierro,Toulouse,MF,28,2402,15,147,4,0,0,34,16,125,31,35,47.0,44,27,44,1
Arne Maier,Augsburg,MF,25,938,19,44,0,1,0,9,6,72,4,7,36.4,13,7,14,1
Elvis Rexhbeçaj,Augsburg,MF,26,1785,31,94,8,0,0,13,16,85,10,19,34.5,27,19,22,1
Frank Onyeka,Augsburg,MF,26,2586,46,106,8,0,0,47,36,147,16,21,43.2,58,45,36,2
Fredrik Jensen,Augsburg,MF,26,763,16,20,0,0,0,5,4,15,6,13,31.6,7,7,17,0
Kristijan Jakić,Augsburg,MF,27,2306,24,106,2,0,0,23,28,133,35,30,53.8,46,23,50,1
Mert Kömür,Augsburg,MF,19,654,18,11,1,0,0,7,3,32,11,18,37.9,3,2,7,1
Aleksandar Pavlovic,Bayern Munich,MF,20,1451,15,128,2,0,0,17,5,72,12,10,54.5,38,21,14,0
Jamal Musiala,Bayern Munich,MF,21,1798,71,107,3,0,0,20,8,75,7,14,33.3,36,21,5,1
Joshua Kimmich,Bayern Munich,MF,29,2847,51,362,4,0,0,15,25,190,12,9,57.1,47,29,34,3
João Palhinha,Bayern Munich,MF,29,673,3,32,2,1,0,13,4,17,20,11,64.5,20,14,9,1
Anthony Losilla,Bochum,MF,38,1137,3,45,1,0,0,18,18,45,29,23,55.8,30,16,27,1
Ibrahima Sissoko,Bochum,MF,26,2610,35,105,11,1,1,75,36,154,76,54,58.5,66,44,61,0
Matúš Bero,Bochum,MF,28,2565,29,143,11,0,0,50,17,164,22,43,33.8,65,35,35,1
Tom Krauß,Bochum,MF,23,1077,16,84,2,0,0,14,11,78,9,8,52.9,35,18,19,1
Felix Nmecha,Dortmund,MF,23,1509,21,85,3,0,0,22,23,85,23,20,53.5,34,22,30,1
Julian Brandt,Dortmund,MF,28,2303,61,149,1,0,0,8,14,119,11,29,27.5,26,11,13,1
Marcel Sabitzer,Dortmund,MF,30,1616,24,97,3,0,0,12,10,58,17,13,56.7,29,19,29,1
Ellyes Skhiri,Eint Frankfurt,MF,29,2231,17,105,6,0,0,22,31,105,19,19,50.0,40,22,45,4
Hugo Larsson,Eint Frankfurt,MF,20,2393,16,121,2,0,0,21,30,121,13,14,48.1,47,27,35,1
Oscar Højlund,Eint Frankfurt,MF,19,722,17,49,0,0,0,12,5,40,7,17,29.2,21,12,11,1
Maximilian Eggestein,Freiburg,MF,27,2845,34,141,4,0,0,22,39,154,60,56,51.7,57,32,54,1
Nicolas Höfler,Freiburg,MF,34,794,1,30,3,0,0,12,14,27,28,15,65.1,33,23,28,1
Patrick Osterhage,Freiburg,MF,24,2267,26,73,6,1,1,25,18,106,31,36,46.3,45,29,37,0
Julian Weigl,Gladbach,MF,28,2881,11,122,8,0,0,23,48,133,39,19,67.2,53,25,86,3
Kevin Stöger,Gladbach,MF,30,1551,40,121,3,0,0,22,16,75,5,15,25.0,37,21,26,3
Philipp Sander,Gladbach,MF,26,1400,16,60,2,0,0,16,23,82,32,19,62.7,33,17,44,3
Rocco Reitz,Gladbach,MF,22,1830,18,91,1,0,0,20,53,94,18,16,52.9,52,24,59,2
Jan Schöppner,Heidenheim,MF,25,2681,35,107,8,0,0,32,43,130,57,60,48.7,56,30,95,1
Lennard Maloney,Heidenheim,MF,24,760,1,14,1,0,0,11,14,40,16,12,57.1,20,11,38,0
Niklas Dorsch,Heidenheim,MF,26,1335,13,57,5,1,0,15,17,74,7,9,43.8,27,16,17,2
Finn Ole Becker,Hoffenheim,MF,24,670,3,45,1,0,0,5,10,50,7,2,77.8,11,5,20,0
Florian Grillitsch,Hoffenheim,MF,28,601,4,44,1,0,0,4,8,31,7,15,31.8,15,9,18,0
Armin Gigovic,Holstein Kiel,MF,22,1895,37,50,5,0,0,22,21,117,18,19,48.6,25,13,33,0
Lewis Holtby,Holstein Kiel,MF,33,1238,14,47,1,1,0,13,21,72,8,12,40.0,34,20,26,3
Magnus Knudsen,Holstein Kiel,MF,23,1850,16,54,7,0,0,28,12,79,10,28,26.3,48,29,44,0
Nicolai Remberg,Holstein Kiel,MF,24,2417,25,80,11,0,0,43,29,101,86,52,62.3,45,25,100,0
Aleix García,Leverkusen,MF,27,1455,27,120,3,0,0,8,11,69,3,8,27.3,13,7,24,1
Exequiel Palacios,Leverkusen,MF,25,1155,15,97,2,0,0,9,13,76,1,8,11.1,22,15,15,1
Granit Xhaka,Leverkusen,MF,31,2888,42,318,3,0,0,33,12,179,41,26,61.2,48,26,52,6
Kaishu Sano,Mainz 05,MF,23,3043,53,159,3,0,0,16,65,190,83,74,52.9,61,36,56,1
Lee Jae-sung,Mainz 05,MF,31,2650,28,105,4,0,0,23,35,119,50,72,41.0,42,21,38,0
Nadiem Amiri,Mainz 05,MF,27,2473,50,204,9,2,1,44,16,207,16,17,48.5,50,23,30,2
Paul Nebel,Mainz 05,MF,21,2345,67,91,5,1,1,37,13,124,17,58,22.7,38,24,30,2
Amadou Haidara,RB Leipzig,MF,26,1320,7,65,7,0,0,23,18,88,30,28,51.7,30,17,56,1
Arthur Vermeeren,RB Leipzig,MF,19,1572,14,77,7,0,0,22,23,94,8,20,28.6,32,19,25,2
Christoph Baumgartner,RB Leipzig,MF,24,1610,37,53,5,0,0,44,12,86,41,39,51.3,44,28,24,2
Kevin Kampl,RB Leipzig,MF,33,1593,21,106,5,0,0,20,24,100,3,13,18.8,27,18,25,0
Xavi Simons,RB Leipzig,MF,21,2150,85,140,5,0,0,24,12,128,19,26,42.2,28,21,19,1
Carlo Boukhalfa,St. Pauli,MF,25,1646,10,41,1,0,0,18,12,60,23,42,35.4,26,11,25,1
Jackson Irvine,St. Pauli,MF,31,2610,19,117,2,0,0,38,36,125,85,65,56.7,56,28,63,2
Angelo Stiller,Stuttgart,MF,23,2741,39,289,6,0,0,21,26,140,18,28,39.1,49,27,50,4
Atakan Karazor,Stuttgart,MF,27,2618,19,140,10,1,1,38,32,171,57,44,56.4,59,29,51,1
Aljoscha Kemlein,Union Berlin,MF,19,922,5,42,3,0,0,15,6,58,19,14,57.6,10,4,15,0
András Schäfer,Union Berlin,MF,25,1534,23,55,3,0,0,27,22,72,28,19,59.6,52,26,36,0
Rani Khedira,Union Berlin,MF,30,2723,12,80,7,0,0,45,44,108,42,42,50.0,68,40,55,0
Jens Stage,Werder Bremen,MF,27,2204,28,104,10,0,0,38,18,114,34,26,56.7,49,30,42,2
Leonardo Bittencourt,Werder Bremen,MF,30,982,19,64,3,0,0,15,15,44,5,15,25.0,25,9,11,0
Romano Schmid,Werder Bremen,MF,24,2834,107,279,4,0,0,28,11,167,23,28,45.1,43,25,9,2
Senne Lynen,Werder Bremen,MF,25,2733,9,91,9,0,0,38,65,191,25,28,47.2,72,39,75,5
Bence Dárdai,Wolfsburg,MF,18,1304,5,39,0,0,0,9,12,52,10,15,40.0,24,14,28,1
Mattias Svanberg,Wolfsburg,MF,25,1219,11,36,4,0,0,16,15,48,12,20,37.5,20,10,26,0
Maximilian Arnold,Wolfsburg,MF,30,2356,9,128,7,1,0,30,24,154,14,23,37.8,34,20,70,2
Lazar Samardzic,Atalanta,MF,22,1169,54,92,3,0,0,19,2,50,4,23,14.8,21,15,6,0
Marco Brescianini,Atalanta,MF,24,991,46,36,1,0,0,22,2,50,12,10,54.5,18,11,6,0
Mario Pašalić,Atalanta,MF,29,1967,44,149,1,0,0,19,12,112,30,29,50.8,26,16,28,1
Éderson,Atalanta,MF,25,2881,40,216,5,1,1,31,35,186,53,36,59.6,52,32,36,1
Giovanni Fabbian,Bologna,MF,21,1023,14,17,2,0,0,21,2,31,19,35,35.2,10,6,4,0
Lewis Ferguson,Bologna,MF,24,983,20,53,0,0,0,27,5,28,16,14,53.3,24,13,9,0
Michel Aebischer,Bologna,MF,27,724,8,33,2,0,0,16,7,35,5,9,35.7,18,13,6,0
Nikola Moro,Bologna,MF,26,1208,17,93,1,0,0,22,13,73,17,16,51.5,35,27,18,0
Remo Freuler,Bologna,MF,32,3204,39,208,6,0,0,47,38,146,28,28,50.0,79,40,57,1
Tommaso Pobega,Bologna,MF,25,1178,12,42,6,2,1,33,14,45,14,16,46.7,33,19,16,0
Alessandro Deiola,Cagliari,MF,28,1432,11,40,6,0,0,32,13,68,37,29,56.1,31,20,38,0
Antoine Makoumbou,Cagliari,MF,26,2150,11,92,4,1,1,27,17,109,4,18,18.2,42,23,28,0
Michel Ndary Adopo,Cagliari,MF,24,2409,20,106,5,1,1,29,27,135,29,24,54.7,55,32,25,0
Răzvan Marin,Cagliari,MF,28,1406,22,84,4,0,0,25,2,70,9,17,34.6,22,13,20,2
Lucas Da Cunha,Como,MF,23,2613,63,154,4,0,0,21,17,157,16,25,39.0,45,25,30,1
Maxence Caqueret,Como,MF,24,1087,15,76,4,0,0,17,7,69,3,10,23.1,36,21,4,1
Máximo Perrone,Como,MF,21,1857,16,98,6,0,0,26,20,96,11,14,44.0,38,27,43,0
Sergi Roberto,Como,MF,32,696,10,36,4,0,0,7,9,48,7,9,43.8,14,8,14,0
Alberto Grassi,Empoli,MF,29,2203,18,74,8,0,0,28,33,124,29,21,58.0,39,21,43,1
Faustino Anjorin,Empoli,MF,22,1114,28,55,3,0,0,24,13,65,9,15,37.5,29,13,20,0
Jacopo Fazzini,Empoli,MF,21,1383,34,49,1,1,0,23,6,70,19,24,44.2,32,19,24,0
Liam Henderson,Empoli,MF,28,2337,18,108,10,0,0,83,15,89,13,20,39.4,42,22,42,0
Youssef Maleh,Empoli,MF,25,1510,10,72,5,1,1,32,16,96,9,18,33.3,45,23,25,0
Amir Richardson,Fiorentina,MF,22,1099,19,47,6,0,0,31,6,51,19,16,54.3,30,13,29,1
Danilo Cataldi,Fiorentina,MF,29,1728,18,90,1,0,0,15,22,114,6,5,54.5,25,16,35,0
Nicolò Fagioli,Fiorentina,MF,23,962,15,50,0,0,0,8,5,46,1,4,20.0,19,10,12,2
Rolando Mandragora,Fiorentina,MF,27,1931,11,92,7,0,0,21,17,61,14,16,46.7,23,13,54,1
Yacine Adli,Fiorentina,MF,24,1234,24,103,3,1,1,9,6,77,5,16,23.8,32,19,19,0
Milan Badelj,Genoa,MF,35,1472,8,83,2,0,0,18,20,74,10,6,62.5,29,16,43,0
Morten Frendrup,Genoa,MF,23,3103,24,106,5,0,0,51,47,184,30,37,44.8,102,61,57,0
Patrizio Masini,Genoa,MF,23,1538,16,44,3,0,0,36,15,87,28,24,53.8,54,29,37,0
Cheikh Tidiane Niasse,Hellas Verona,MF,24,755,5,25,4,0,0,11,17,26,19,21,47.5,18,15,17,2
Ondrej Duda,Hellas Verona,MF,29,2395,23,117,12,1,1,51,31,188,14,15,48.3,46,27,30,4
Reda Belahyane,Hellas Verona,MF,20,1658,22,73,6,1,1,31,10,109,5,15,25.0,36,26,22,1
Suat Serdar,Hellas Verona,MF,27,1376,18,56,4,1,1,33,8,74,14,14,50.0,35,22,21,0
Davide Frattesi,Inter,MF,24,1225,23,31,1,0,0,11,5,48,10,13,43.5,17,8,14,1
Hakan Çalhanoğlu,Inter,MF,30,1947,52,173,5,0,0,22,18,110,16,18,47.1,43,23,24,0
Henrikh Mkhitaryan,Inter,MF,35,2396,72,199,4,0,0,33,17,131,23,13,63.9,43,24,41,0
Kristjan Asllani,Inter,MF,22,988,7,55,4,0,0,9,9,49,4,3,57.1,14,3,13,1
Nicolò Barella,Inter,MF,27,2493,63,235,4,0,0,25,12,165,26,25,51.0,50,31,16,1
Piotr Zieliński,Inter,MF,30,980,26,65,0,0,0,9,6,58,9,3,75.0,14,10,13,1
Khéphren Thuram,Juventus,MF,23,2326,74,123,5,0,0,36,14,110,28,29,49.1,44,21,39,2
Manuel Locatelli,Juventus,MF,26,2822,33,294,9,0,0,46,23,141,35,22,61.4,72,49,77,0
Mattéo Guendouzi,Lazio,MF,25,3270,89,316,7,0,0,28,32,173,18,22,45.0,37,21,50,2
Matías Vecino,Lazio,MF,32,877,4,29,7,0,0,20,5,29,30,28,51.7,13,7,15,0
Nicolò Rovella,Lazio,MF,22,2718,45,159,13,0,0,43,47,154,11,19,36.7,84,50,46,3
Balthazar Pierret,Lecce,MF,24,1723,13,82,2,0,0,34,19,93,27,33,45.0,51,31,31,1
Hamza Rafia,Lecce,MF,25,1058,13,51,4,0,0,26,4,62,5,13,27.8,44,27,18,1
Lassana Coulibaly,Lecce,MF,28,2667,21,93,3,0,0,39,18,146,31,41,43.1,48,29,46,1
Medon Berisha,Lecce,MF,20,716,13,42,5,0,0,16,11,36,7,7,50.0,12,8,5,2
Ylber Ramadani,Lecce,MF,28,1807,9,60,4,0,0,18,24,117,15,25,37.5,51,28,26,3
Þórir Jóhann Helgason,Lecce,MF,23,1156,20,38,0,0,0,10,6,46,17,17,50.0,10,7,11,2
João Félix,Milan,MF,24,760,20,40,3,0,0,12,1,30,7,7,50.0,6,6,9,0
Ruben Loftus-Cheek,Milan,MF,28,1037,27,51,3,0,0,23,3,48,18,11,62.1,19,8,20,0
Tijjani Reijnders,Milan,MF,26,3128,111,230,2,1,0,28,38,125,5,15,25.0,26,13,28,2
Youssouf Fofana,Milan,MF,25,2504,44,176,5,0,0,28,19,151,11,21,34.4,56,34,24,3
Alessandro Bianco,Monza,MF,21,2600,35,125,9,0,0,43,22,122,16,28,36.4,51,28,53,4
Jean-Daniel Akpa-Akpro,Monza,MF,31,966,21,19,4,0,0,24,13,54,11,15,42.3,30,18,16,1
Matteo Pessina,Monza,MF,27,854,8,28,2,0,0,5,12,58,10,8,55.6,15,4,7,0
Warren Bondo,Monza,MF,20,1618,25,39,5,1,1,31,5,91,5,8,38.5,35,24,8,4
Andre-Frank Zambo Anguissa,Napoli,MF,28,2852,24,144,5,0,0,39,35,150,67,50,57.3,42,26,40,1
Billy Gilmour,Napoli,MF,23,1177,11,67,0,0,0,14,9,64,9,10,47.4,24,16,23,0
Scott McTominay,Napoli,MF,27,2938,56,112,3,0,0,45,24,143,66,50,56.9,43,25,51,0
Stanislav Lobotka,Napoli,MF,29,2636,30,118,3,0,0,24,21,166,6,6,50.0,47,30,57,1
Adrian Bernabe,Parma,MF,23,1453,37,115,1,0,0,9,7,72,4,4,50.0,29,18,26,1
Hernani,Parma,MF,30,1327,29,78,7,0,0,33,19,68,18,19,48.6,47,26,12,1
Mandela Keita,Parma,MF,22,1826,13,50,6,1,1,28,21,94,14,14,50.0,44,25,29,2
Nahuel Estévez,Parma,MF,28,657,3,30,3,0,0,9,3,28,14,3,82.4,16,6,26,0
Simon Sohm,Parma,MF,23,2989,69,140,6,0,0,19,26,127,29,29,50.0,28,17,36,0
Bryan Cristante,Roma,MF,29,2045,25,145,8,0,0,37,19,109,61,58,51.3,48,29,36,1
Leandro Paredes,Roma,MF,30,1373,17,106,4,0,0,15,19,83,9,2,81.8,26,14,33,2
Lorenzo Pellegrini,Roma,MF,28,1626,27,61,4,0,0,26,6,61,10,20,33.3,24,16,22,0
Manu Koné,Roma,MF,23,2572,70,144,6,0,0,28,24,131,20,33,37.7,41,26,28,0
Niccolò Pisilli,Roma,MF,19,1227,22,63,7,0,0,19,11,58,3,21,12.5,24,11,16,0
Cesare Casadei,Torino,MF,21,1017,14,36,1,0,0,16,5,41,64,25,71.9,12,5,26,0
Gvidas Gineitis,Torino,MF,20,1430,15,36,5,0,0,23,18,57,14,18,43.8,25,15,32,0
Ivan Ilić,Torino,MF,23,920,24,45,4,0,0,11,5,28,4,14,22.2,5,2,10,0
Karol Linetty,Torino,MF,29,1540,18,47,6,0,0,39,12,63,8,14,36.4,39,23,31,1
Samuele Ricci,Torino,MF,22,2825,43,116,8,1,0,38,25,130,14,15,48.3,35,21,51,2
Jesper Karlström,Udinese,MF,29,3186,23,135,9,0,0,42,35,146,31,31,50.0,61,34,82,5
Jurgen Ekkelenkamp,Udinese,MF,24,1892,34,72,2,0,0,29,12,82,18,13,58.1,36,25,26,0
Martín Payero,Udinese,MF,25,1381,33,51,5,0,0,35,13,75,21,20,51.2,24,16,13,0
Oier Zarraga,Udinese,MF,25,896,7,28,0,0,0,12,2,25,6,11,35.3,19,13,8,0
Sandi Lovrić,Udinese,MF,26,2308,60,120,5,0,0,54,22,118,1,17,5.6,46,29,27,1
Alfred Duncan,Venezia,MF,31,957,11,53,2,0,0,22,8,52,10,8,55.6,17,8,8,0
Gianluca Busio,Venezia,MF,22,2518,60,95,4,0,0,26,19,107,32,34,48.5,46,31,52,0
Hans Nicolussi Caviglia,Venezia,MF,24,2861,20,140,7,1,1,50,28,147,27,23,54.0,47,28,55,2
Issa Doumbia,Venezia,MF,20,939,12,22,0,0,0,18,9,45,18,21,46.2,14,8,14,1
Kike Pérez,Venezia,MF,27,1114,18,60,4,0,0,31,10,71,14,16,46.7,41,25,15,0
Magnus Kofod Andersen,Venezia,MF,25,695,7,24,1,0,0,7,6,31,8,7,53.3,13,4,12,0
