jogador,time,posicao,Minutos,PrgR,xG,xAG,G-PK,Assistencias,PrgC,PrgP,Aerial Duel%,Aerial Duel Won,Aerial Duel Lost,Aerial Duels ,Acoes Ofensivas
Bukayo Saka,Arsenal,"FW,MF",1729,255,6.8,7.6,5,10,96,70,33.3,10,20,33.3% (10/20),166
Declan Rice,Arsenal,MF,2825,94,3.5,6.6,4,7,90,192,59.7,37,25,59.7% (37/25),282
Ethan Nwaneri,Arsenal,"FW,MF",895,113,1.2,1.2,4,2,46,33,33.3,4,8,33.3% (4/8),79
Gabriel Jesus,Arsenal,FW,608,57,3.0,0.7,3,0,15,19,33.3,9,18,33.3% (9/18),34
Gabriel Martinelli,Arsenal,"FW,MF",2290,289,7.4,5.0,8,4,124,52,30.4,17,39,30.4% (17/39),176
Jorginho,Arsenal,MF,704,6,0.1,0.4,0,0,12,48,14.3,1,6,14.3% (1/6),60
Kai Havertz,Arsenal,"FW,MF",1875,113,9.5,2.4,9,3,35,61,44.7,63,78,44.7% (63/78),96
Leandro Trossard,Arsenal,FW,2546,226,7.2,6.1,8,7,80,101,20.0,6,24,20.0% (6/24),181
Martin Ødegaard,Arsenal,MF,2325,154,4.8,5.4,2,8,92,258,53.3,8,7,53.3% (8/7),350
Mikel Merino,Arsenal,"MF,FW",1586,94,5.9,2.0,7,2,11,69,51.8,59,55,51.8% (59/55),80
Amadou Onana,Aston Villa,MF,1617,16,2.1,0.7,3,0,29,75,60.4,32,21,60.4% (32/21),104
Boubacar Kamara,Aston Villa,MF,1726,7,0.8,0.9,1,0,19,85,44.7,21,26,44.7% (21/26),104
Jacob Ramsey,Aston Villa,"FW,MF",1623,114,1.6,2.3,1,3,61,68,35.0,7,13,35.0% (7/13),129
John McGinn,Aston Villa,"MF,FW",2223,87,3.1,3.5,1,4,32,103,58.6,17,12,58.6% (17/12),135
Jáder Durán,Aston Villa,FW,638,44,4.9,0.2,7,0,7,13,50.0,19,19,50.0% (19/19),20
Leon Bailey,Aston Villa,"FW,MF",1139,121,1.7,1.5,1,2,58,35,40.0,6,9,40.0% (6/9),93
Marco Asensio,Aston Villa,MF,743,38,4.4,1.0,3,1,22,45,0.0,0,1,0.0% (0/1),67
Morgan Rogers,Aston Villa,"FW,MF",3114,188,6.6,7.8,8,10,114,123,20.0,13,52,20.0% (13/52),237
Ollie Watkins,Aston Villa,FW,2598,165,15.3,3.3,14,8,55,31,42.3,52,71,42.3% (52/71),86
Youri Tielemans,Aston Villa,MF,3026,48,3.3,7.0,3,7,39,235,55.0,22,18,55.0% (22/18),274
Alex Scott,Bournemouth,MF,755,33,0.7,0.9,0,0,15,52,50.0,7,7,50.0% (7/7),67
Antoine Semenyo,Bournemouth,FW,3203,282,10.0,5.8,11,5,140,109,46.5,66,76,46.5% (66/76),249
Dango Ouattara,Bournemouth,FW,2005,191,8.4,5.5,7,4,79,43,41.7,45,63,41.7% (45/63),122
David Brooks,Bournemouth,"FW,MF",960,83,2.5,1.9,2,0,35,35,41.2,7,10,41.2% (7/10),70
Evanilson,Bournemouth,FW,2319,99,12.5,1.9,10,1,29,28,40.4,42,62,40.4% (42/62),57
Justin Kluivert,Bournemouth,MF,2340,173,10.3,4.8,6,6,81,105,22.2,8,28,22.2% (8/28),186
Marcus Tavernier,Bournemouth,"FW,MF",1939,129,5.5,4.0,3,5,53,128,44.1,26,33,44.1% (26/33),181
Ryan Christie,Bournemouth,MF,2117,44,1.8,3.5,2,3,34,137,41.7,20,28,41.7% (20/28),171
Tyler Adams,Bournemouth,MF,1965,10,1.6,1.0,0,3,14,76,63.3,31,18,63.3% (31/18),90
Bryan Mbeumo,Brentford,FW,3414,351,12.3,8.3,15,7,130,141,31.5,34,74,31.5% (34/74),271
Christian Nørgaard,Brentford,MF,2819,42,4.3,1.3,5,4,14,154,62.0,49,30,62.0% (49/30),168
Kevin Schade,Brentford,FW,2293,165,8.2,3.7,11,2,61,38,52.9,90,80,52.9% (90/80),99
Mathias Jensen,Brentford,MF,862,27,0.2,1.7,0,2,6,61,61.5,8,5,61.5% (8/5),67
Mikkel Damsgaard,Brentford,"MF,FW",2911,137,2.8,8.4,2,10,73,234,30.8,12,27,30.8% (12/27),307
Vitaly Janelt,Brentford,MF,2254,38,0.8,2.2,1,3,17,80,63.3,19,11,63.3% (19/11),97
Yehor Yarmoliuk,Brentford,MF,1450,47,0.6,0.9,0,0,15,63,44.4,8,10,44.4% (8/10),78
Yoane Wissa,Brentford,FW,2919,154,18.5,2.6,19,4,60,67,45.5,30,36,45.5% (30/36),127
Brajan Gruda,Brighton,"MF,FW",687,57,1.2,2.1,1,4,22,26,37.5,3,5,37.5% (3/5),48
Carlos Baleba,Brighton,MF,2661,29,3.1,1.3,3,1,43,118,60.0,39,26,60.0% (39/26),161
Danny Welbeck,Brighton,FW,2115,95,9.6,1.4,9,4,21,47,34.7,17,32,34.7% (17/32),68
Georginio Rutter,Brighton,"MF,FW",1656,79,4.6,2.5,5,3,42,67,35.2,25,46,35.2% (25/46),109
João Pedro,Brighton,"FW,MF",1948,128,8.9,5.0,5,6,66,78,48.8,41,43,48.8% (41/43),144
Kaoru Mitoma,Brighton,"FW,MF",2603,291,9.2,4.6,10,4,146,89,49.1,26,27,49.1% (26/27),235
Matt O'Riley,Brighton,MF,938,52,2.8,2.4,1,2,22,38,38.5,5,8,38.5% (5/8),60
Simon Adingra,Brighton,"FW,MF",1097,136,2.5,2.5,2,2,50,18,63.6,7,4,63.6% (7/4),68
Yankuba Minteh,Brighton,"FW,MF",1838,201,4.1,5.0,6,4,90,48,33.3,17,34,33.3% (17/34),138
Yasin Ayari,Brighton,MF,1965,61,2.4,2.3,2,1,30,75,44.4,16,20,44.4% (16/20),105
Christopher Nkunku,Chelsea,FW,921,68,4.8,2.1,3,2,17,25,42.1,16,22,42.1% (16/22),42
Cole Palmer,Chelsea,"MF,FW",3191,187,17.3,10.9,11,8,120,214,22.2,2,7,22.2% (2/7),334
Enzo Fernández,Chelsea,MF,2947,126,6.1,6.8,6,7,60,212,32.6,14,29,32.6% (14/29),272
Jadon Sancho,Chelsea,FW,1764,225,2.2,3.7,3,4,102,90,35.3,6,11,35.3% (6/11),192
Nicolas Jackson,Chelsea,FW,2220,129,12.3,4.3,10,5,47,38,36.8,21,36,36.8% (21/36),85
Noni Madueke,Chelsea,FW,2033,226,9.6,4.2,7,3,154,69,36.7,11,19,36.7% (11/19),223
Pedro Neto,Chelsea,FW,2269,253,3.5,6.7,4,6,126,60,26.8,11,30,26.8% (11/30),186
Roméo Lavia,Chelsea,MF,797,7,0.3,0.7,0,1,3,31,66.7,12,6,66.7% (12/6),34
Adam Wharton,Crystal Palace,MF,1318,11,0.4,3.0,0,2,14,107,30.4,7,16,30.4% (7/16),121
Daichi Kamada,Crystal Palace,MF,1564,56,1.1,1.9,0,0,25,88,23.5,4,13,23.5% (4/13),113
Eberechi Eze,Crystal Palace,"MF,FW",2588,153,10.4,6.2,7,8,68,97,15.9,7,37,15.9% (7/37),165
Eddie Nketiah,Crystal Palace,"FW,MF",1034,78,5.7,1.7,3,1,41,19,35.6,21,38,35.6% (21/38),60
Ismaila Sarr,Crystal Palace,MF,2711,183,10.8,8.5,8,6,76,86,41.6,37,52,41.6% (37/52),162
Jean-Philippe Mateta,Crystal Palace,FW,2648,122,13.6,3.2,12,2,45,53,37.1,63,107,37.1% (63/107),98
Will Hughes,Crystal Palace,MF,2108,27,1.1,3.1,0,3,20,87,51.4,19,18,51.4% (19/18),107
Abdoulaye Doucouré,Everton,MF,2564,96,4.1,2.4,3,2,42,82,40.5,30,44,40.5% (30/44),124
Beto,Everton,FW,1534,77,8.2,1.2,8,0,15,16,48.5,99,105,48.5% (99/105),31
Carlos Alcaraz,Everton,"FW,MF",764,21,1.7,1.6,2,3,19,42,63.6,14,8,63.6% (14/8),61
Dominic Calvert-Lewin,Everton,FW,1609,112,6.7,0.6,3,1,23,20,51.2,85,81,51.2% (85/81),43
Dwight McNeil,Everton,"MF,FW",1371,80,1.1,5.2,4,6,38,69,15.0,3,17,15.0% (3/17),107
Idrissa Gana Gueye,Everton,MF,3063,27,1.1,1.7,0,3,27,145,61.5,24,15,61.5% (24/15),172
Iliman Ndiaye,Everton,FW,2430,122,6.2,1.9,7,0,86,59,24.0,6,19,24.0% (6/19),145
Jack Harrison,Everton,FW,2076,127,3.5,3.7,1,0,73,51,12.5,4,28,12.5% (4/28),124
Jesper Lindstrøm,Everton,FW,1239,81,2.1,2.0,0,1,30,25,33.3,6,12,33.3% (6/12),55
Orel Mangala,Everton,MF,1261,19,1.1,0.6,1,0,6,34,42.9,6,8,42.9% (6/8),40
Adama Traoré,Fulham,"FW,MF",1772,161,4.0,4.9,2,7,100,68,49.0,25,26,49.0% (25/26),168
Alex Iwobi,Fulham,"FW,MF",2981,246,4.7,7.0,9,6,144,213,18.4,7,31,18.4% (7/31),357
Andreas Pereira,Fulham,MF,2013,81,3.8,4.6,2,4,29,104,36.1,13,23,36.1% (13/23),133
Emile Smith Rowe,Fulham,MF,2043,127,4.5,1.4,6,3,53,126,23.1,6,20,23.1% (6/20),179
Harry Wilson,Fulham,"FW,MF",1162,96,4.2,1.1,6,1,22,51,20.0,5,20,20.0% (5/20),73
Raúl Jiménez,Fulham,FW,2494,125,12.0,3.3,9,3,35,62,47.9,91,99,47.9% (91/99),97
Rodrigo Muniz,Fulham,FW,964,31,5.8,0.7,8,1,6,27,51.5,67,63,51.5% (67/63),33
Sander Berge,Fulham,MF,2224,9,0.4,0.6,0,0,29,124,56.0,28,22,56.0% (28/22),153
Saša Lukić,Fulham,MF,2344,33,1.2,2.7,0,2,39,98,43.2,19,25,43.2% (19/25),137
Tom Cairney,Fulham,MF,628,33,0.8,1.1,2,0,18,53,35.7,5,9,35.7% (5/9),71
Conor Chaplin,Ipswich Town,"MF,FW",857,23,1.5,0.7,1,1,13,29,25.0,3,9,25.0% (3/9),42
George Hirst,Ipswich Town,FW,661,31,2.1,0.3,3,1,9,13,58.2,32,23,58.2% (32/23),22
Jack Clarke,Ipswich Town,"FW,MF",1181,57,1.2,2.3,0,4,39,44,28.0,7,18,28.0% (7/18),83
Jack Taylor,Ipswich Town,MF,860,23,0.7,0.5,1,0,11,43,46.7,7,8,46.7% (7/8),54
Jens Cajuste,Ipswich Town,MF,1959,20,0.7,0.8,1,1,26,59,37.1,13,22,37.1% (13/22),85
Julio Enciso,Ipswich Town,"MF,FW",869,44,1.7,1.4,2,3,23,28,32.0,8,17,32.0% (8/17),51
Kalvin Phillips,Ipswich Town,MF,1237,4,0.4,0.2,0,0,4,51,24.1,7,22,24.1% (7/22),55
Liam Delap,Ipswich Town,FW,2593,110,9.3,1.9,10,2,61,30,42.6,55,74,42.6% (55/74),91
Nathan Broadhead,Ipswich Town,"MF,FW",702,33,1.7,0.7,2,0,20,14,9.1,1,10,9.1% (1/10),34
Omari Hutchinson,Ipswich Town,"MF,FW",2583,159,2.9,3.5,3,2,97,75,18.8,6,26,18.8% (6/26),172
Sam Morsy,Ipswich Town,MF,2751,13,0.4,1.2,1,1,22,120,42.9,18,24,42.9% (18/24),142
Sammie Szmodics,Ipswich Town,"FW,MF",992,47,3.4,0.2,4,0,16,19,35.3,6,11,35.3% (6/11),35
Bilal El Khannouss,Leicester City,"MF,FW",2182,89,1.3,4.6,2,3,73,128,44.2,19,24,44.2% (19/24),201
Bobby De Cordova-Reid,Leicester City,FW,744,48,0.8,1.2,1,2,14,15,30.0,6,14,30.0% (6/14),29
Boubakary Soumaré,Leicester City,MF,2171,23,0.3,0.4,0,0,34,105,65.6,21,11,65.6% (21/11),139
Facundo Buonanotte,Leicester City,"FW,MF",1523,74,3.9,3.1,5,2,39,54,33.3,18,36,33.3% (18/36),93
Harry Winks,Leicester City,MF,1538,11,0.2,1.2,0,2,19,101,57.1,8,6,57.1% (8/6),120
Jamie Vardy,Leicester City,FW,2823,120,11.2,3.0,8,4,29,22,47.6,50,55,47.6% (50/55),51
Jordan Ayew,Leicester City,"FW,MF",1638,86,3.2,1.1,4,0,49,46,31.6,37,80,31.6% (37/80),95
Kasey McAteer,Leicester City,FW,852,71,1.0,0.7,1,1,19,14,43.3,13,17,43.3% (13/17),33
Oliver Skipp,Leicester City,MF,1129,19,0.4,0.3,0,0,16,35,66.7,12,6,66.7% (12/6),51
Patson Daka,Leicester City,"FW,MF",736,36,1.3,0.1,1,0,11,8,26.3,10,28,26.3% (10/28),19
Stephy Mavididi,Leicester City,FW,1615,138,1.8,2.6,4,1,91,57,37.5,9,15,37.5% (9/15),148
Wilfred Ndidi,Leicester City,MF,2324,75,2.0,1.9,0,5,18,70,50.8,61,59,50.8% (61/59),88
Alexis Mac Allister,Liverpool,MF,2599,80,2.8,4.7,5,5,36,177,35.8,19,34,35.8% (19/34),213
Cody Gakpo,Liverpool,FW,1935,278,7.1,4.4,10,4,59,52,39.5,17,26,39.5% (17/26),111
Darwin Núñez,Liverpool,FW,1133,78,5.8,1.3,5,2,23,27,37.7,20,33,37.7% (20/33),50
Diogo Jota,Liverpool,FW,1196,88,7.9,1.8,6,3,37,34,40.7,22,32,40.7% (22/32),71
Dominik Szoboszlai,Liverpool,MF,2491,127,7.3,7.4,6,6,72,131,45.2,19,23,45.2% (19/23),203
Luis Díaz,Liverpool,FW,2399,293,12.0,5.0,13,5,108,110,25.5,13,38,25.5% (13/38),218
Mohamed Salah,Liverpool,FW,3371,488,25.2,14.2,20,18,154,144,39.1,9,14,39.1% (9/14),298
Ryan Gravenberch,Liverpool,MF,3160,55,1.1,3.1,0,4,70,181,65.0,26,14,65.0% (26/14),251
Bernardo Silva,Manchester City,"MF,FW",2670,200,3.9,5.1,4,4,101,134,33.3,5,10,33.3% (5/10),235
Erling Haaland,Manchester City,FW,2736,124,22.0,3.0,19,3,24,20,53.3,57,50,53.3% (57/50),44
Jack Grealish,Manchester City,"FW,MF",721,118,1.1,1.8,1,1,69,52,12.5,1,7,12.5% (1/7),121
Jeremy Doku,Manchester City,"FW,MF",1516,286,1.3,4.8,3,6,213,69,0.0,0,12,0.0% (0/12),282
Kevin De Bruyne,Manchester City,"MF,FW",1702,150,5.1,8.0,4,7,51,157,23.8,5,16,23.8% (5/16),208
Mateo Kovačić,Manchester City,MF,2198,16,1.9,3.6,6,2,56,164,52.6,10,9,52.6% (10/9),220
Nicolás González,Manchester City,MF,760,11,0.5,0.1,1,0,9,50,57.1,16,12,57.1% (16/12),59
Omar Marmoush,Manchester City,"FW,MF",1175,78,5.5,2.8,7,0,29,37,31.3,5,11,31.3% (5/11),66
Phil Foden,Manchester City,"MF,FW",1777,128,5.2,4.8,7,2,50,103,25.0,3,9,25.0% (3/9),153
Sávio,Manchester City,"FW,MF",1766,246,5.0,6.9,1,8,137,67,33.3,1,2,33.3% (1/2),204
İlkay Gündoğan,Manchester City,MF,2223,96,3.2,3.5,1,6,64,127,56.0,14,11,56.0% (14/11),191
Alejandro Garnacho,Manchester Utd,"MF,FW",2199,290,7.3,4.5,6,2,141,56,11.1,3,24,11.1% (3/24),197
Amad Diallo,Manchester Utd,"MF,FW",1901,200,4.7,4.9,8,6,109,60,40.0,10,15,40.0% (10/15),169
Bruno Fernandes,Manchester Utd,MF,3018,129,9.9,8.5,5,10,77,325,44.0,22,28,44.0% (22/28),402
Casemiro,Manchester Utd,MF,1494,28,1.9,2.3,1,0,4,84,65.5,36,19,65.5% (36/19),88
Christian Eriksen,Manchester Utd,MF,1061,29,1.4,3.2,0,2,13,55,25.0,2,6,25.0% (2/6),68
Joshua Zirkzee,Manchester Utd,"FW,MF",1402,69,4.8,1.5,3,1,14,44,28.0,21,54,28.0% (21/54),58
Kobbie Mainoo,Manchester Utd,MF,1651,47,0.7,1.6,0,0,22,65,38.0,19,31,38.0% (19/31),87
Manuel Ugarte Ribeiro,Manchester Utd,MF,1785,20,1.0,1.1,1,2,16,61,50.0,18,18,50.0% (18/18),77
Marcus Rashford,Manchester Utd,"FW,MF",978,79,1.7,2.1,4,1,20,21,41.7,5,7,41.7% (5/7),41
Mason Mount,Manchester Utd,MF,622,41,3.2,0.6,1,0,15,33,33.3,4,8,33.3% (4/8),48
Rasmus Højlund,Manchester Utd,FW,2004,101,5.3,1.8,4,0,28,18,24.8,31,94,24.8% (31/94),46
Alexander Isak,Newcastle Utd,FW,2756,217,20.3,4.3,19,6,83,88,32.1,26,55,32.1% (26/55),171
Anthony Gordon,Newcastle Utd,"FW,MF",2434,214,8.0,5.0,5,5,121,98,50.0,8,8,50.0% (8/8),219
Bruno Guimarães,Newcastle Utd,MF,3271,96,4.3,6.1,5,6,64,271,48.6,18,19,48.6% (18/19),335
Harvey Barnes,Newcastle Utd,FW,1755,192,7.2,4.0,9,4,93,83,28.6,6,15,28.6% (6/15),176
Jacob Murphy,Newcastle Utd,FW,2360,231,5.7,8.9,8,12,79,83,23.8,5,16,23.8% (5/16),162
Joe Willock,Newcastle Utd,"MF,FW",1086,86,1.6,2.1,0,2,38,41,26.3,5,14,26.3% (5/14),79
Joelinton,Newcastle Utd,"MF,FW",2393,110,3.9,2.5,4,3,40,116,56.2,59,46,56.2% (59/46),156
Sandro Tonali,Newcastle Utd,MF,2630,53,4.4,2.2,4,2,37,128,50.0,12,12,50.0% (12/12),165
Sean Longstaff,Newcastle Utd,MF,798,22,0.6,0.2,0,0,4,40,50.0,7,7,50.0% (7/7),44
Anthony Elanga,Nott'ham Forest,"FW,MF",2501,229,4.5,5.7,6,11,102,63,39.3,24,37,39.3% (24/37),165
Callum Hudson-Odoi,Nott'ham Forest,"FW,MF",2194,189,2.5,2.7,5,2,130,71,23.1,3,10,23.1% (3/10),201
Chris Wood,Nott'ham Forest,FW,2959,94,13.4,2.6,17,3,14,42,39.7,94,143,39.7% (94/143),56
Elliot Anderson,Nott'ham Forest,MF,2728,94,2.1,3.3,2,6,52,143,65.1,56,30,65.1% (56/30),195
Jota Silva,Nott'ham Forest,"FW,MF",854,59,2.1,2.9,3,1,21,18,41.2,21,30,41.2% (21/30),39
Morgan Gibbs-White,Nott'ham Forest,MF,2803,137,6.3,5.0,7,8,69,164,42.1,40,55,42.1% (40/55),233
Nicolás Domínguez,Nott'ham Forest,"MF,FW",1963,33,1.5,1.3,0,1,16,83,54.0,27,23,54.0% (27/23),99
Ryan Yates,Nott'ham Forest,MF,1915,16,2.3,1.2,2,1,18,53,60.0,45,30,60.0% (45/30),71
Adam Armstrong,Southampton,"FW,MF",1248,79,3.3,1.2,2,2,25,21,35.7,5,9,35.7% (5/9),46
Cameron Archer,Southampton,FW,1441,66,5.7,0.5,2,0,22,14,23.1,9,30,23.1% (9/30),36
Flynn Downes,Southampton,MF,2151,29,0.6,1.1,1,0,29,66,50.0,17,17,50.0% (17/17),95
Kamaldeen Sulemana,Southampton,"FW,MF",1402,87,1.5,1.0,1,1,63,27,32.5,13,27,32.5% (13/27),90
Lesley Ugochukwu,Southampton,MF,1655,20,0.9,1.0,1,1,29,49,52.6,20,18,52.6% (20/18),78
Mateus Fernandes,Southampton,MF,2909,108,4.0,3.0,2,4,76,145,62.5,15,9,62.5% (15/9),221
Paul Onuachu,Southampton,FW,1050,40,3.6,0.5,4,1,7,13,61.2,93,59,61.2% (93/59),20
Tyler Dibling,Southampton,"FW,MF",1874,96,2.5,1.5,2,0,69,64,28.6,10,25,28.6% (10/25),133
William Smallbone,Southampton,MF,690,25,0.6,0.7,1,0,5,27,40.0,4,6,40.0% (4/6),32
Brennan Johnson,Tottenham,FW,2177,197,10.4,2.3,11,3,60,71,25.9,7,20,25.9% (7/20),131
Dejan Kulusevski,Tottenham,"MF,FW",2389,210,4.2,6.2,7,4,120,124,40.0,10,15,40.0% (10/15),244
Dominic Solanke,Tottenham,FW,2201,88,10.9,2.9,8,3,31,47,43.4,46,60,43.4% (46/60),78
James Maddison,Tottenham,MF,1809,95,5.8,4.2,9,7,45,164,41.7,5,7,41.7% (5/7),209
Lucas Bergvall,Tottenham,MF,1212,31,0.7,0.6,0,1,33,49,52.9,9,8,52.9% (9/8),82
Mathys Tel,Tottenham,FW,911,72,3.0,2.5,1,1,28,21,36.4,4,7,36.4% (4/7),49
Pape Matar Sarr,Tottenham,MF,1913,53,3.7,1.6,3,2,33,88,43.0,34,45,43.0% (34/45),121
Rodrigo Bentancur,Tottenham,MF,1645,34,1.3,0.4,2,0,28,100,54.5,36,30,54.5% (36/30),128
Son Heung-min,Tottenham,FW,2110,265,7.2,8.2,6,9,96,111,33.3,6,12,33.3% (6/12),207
Wilson Odobert,Tottenham,"FW,MF",850,66,1.6,1.0,1,0,45,27,33.3,4,8,33.3% (4/8),72
Yves Bissouma,Tottenham,MF,1408,3,0.6,0.3,2,0,15,75,50.0,7,7,50.0% (7/7),90
Carlos Soler,West Ham,"MF,FW",1409,37,1.8,1.4,1,1,17,56,45.5,10,12,45.5% (10/12),73
Crysencio Summerville,West Ham,"FW,MF",786,71,1.6,1.7,1,1,29,18,30.8,4,9,30.8% (4/9),47
Edson Álvarez,West Ham,MF,1772,18,0.4,0.8,0,1,24,85,56.6,30,23,56.6% (30/23),109
Guido Rodríguez,West Ham,MF,1149,7,0.2,0.2,0,1,4,33,61.1,11,7,61.1% (11/7),37
James Ward-Prowse,West Ham,MF,1039,9,1.6,1.9,1,1,11,54,66.7,10,5,66.7% (10/5),65
Jarrod Bowen,West Ham,"FW,MF",2973,212,8.6,6.8,12,8,109,91,20.0,12,48,20.0% (12/48),200
Lucas Paquetá,West Ham,"MF,FW",2380,85,5.3,3.1,2,0,26,155,45.7,48,57,45.7% (48/57),181
Michail Antonio,West Ham,FW,836,59,2.2,1.6,1,1,29,18,43.6,17,22,43.6% (17/22),47
Mohammed Kudus,West Ham,"FW,MF",2590,216,6.9,3.1,5,3,98,79,21.6,11,40,21.6% (11/40),177
Niclas Füllkrug,West Ham,FW,790,31,2.2,1.9,3,2,7,14,42.9,39,52,42.9% (39/52),21
Tomáš Souček,West Ham,MF,2567,68,6.7,1.0,9,1,9,74,57.6,99,73,57.6% (99/73),83
André,Wolves,MF,2472,11,0.4,0.8,0,0,10,109,25.0,2,6,25.0% (2/6),119
Gonçalo Guedes,Wolves,"MF,FW",995,79,3.2,1.3,2,4,41,40,27.8,5,13,27.8% (5/13),81
Hwang Hee-chan,Wolves,"MF,FW",661,42,0.8,0.1,2,0,15,12,25.0,3,9,25.0% (3/9),27
Jean-Ricner Bellegarde,Wolves,"MF,FW",1677,89,1.5,3.8,2,7,52,43,34.5,10,19,34.5% (10/19),95
João Gomes,Wolves,MF,2974,76,2.9,1.2,3,1,59,165,29.7,11,26,29.7% (11/26),224
Jørgen Strand Larsen,Wolves,FW,2587,112,10.3,3.0,14,4,17,29,40.1,67,100,40.1% (67/100),46
Marshall Munetsi,Wolves,"MF,FW",1078,35,3.3,1.8,2,1,9,10,55.8,29,23,55.8% (29/23),19
Matheus Cunha,Wolves,"MF,FW",2597,161,8.6,7.7,15,6,112,144,31.0,13,29,31.0% (13/29),256
Pablo Sarabia,Wolves,"MF,FW",814,62,2.9,1.8,3,2,15,60,26.3,5,14,26.3% (5/14),75
Ander Guevara,Alavés,MF,1947,19,0.9,0.6,0,1,14,112,43.5,30,39,43.5% (30/39),126
Antonio Blanco,Alavés,MF,2727,19,0.8,1.6,0,1,13,146,44.4,28,35,44.4% (28/35),159
Carles Aleñá,Alavés,"MF,FW",1090,43,0.7,1.3,0,2,18,58,60.0,9,6,60.0% (9/6),76
Carlos Martín,Alavés,"FW,MF",1333,67,2.3,2.7,2,2,13,21,44.1,15,19,44.1% (15/19),34
Carlos Vicente,Alavés,"FW,MF",3092,226,3.5,5.4,4,5,104,68,36.2,34,60,36.2% (34/60),172
Joan Jordán,Alavés,MF,1414,35,4.8,2.3,2,2,7,104,55.2,16,13,55.2% (16/13),111
Jon Guridi,Alavés,"MF,FW",2080,90,4.2,1.2,2,1,27,79,41.6,47,66,41.6% (47/66),106
Kiké,Alavés,FW,2542,158,9.6,0.9,10,0,25,50,52.4,110,100,52.4% (110/100),75
Stoichkov,Alavés,"MF,FW",699,41,1.1,1.2,0,1,9,26,25.0,5,15,25.0% (5/15),35
Tomás Conechny,Alavés,"FW,MF",847,61,2.4,0.3,1,0,14,23,53.5,23,20,53.5% (23/20),37
Toni Martínez,Alavés,FW,1012,57,3.6,0.6,4,0,13,11,53.7,79,68,53.7% (79/68),24
Beñat Prados,Athletic Club,MF,1715,32,1.0,1.1,1,0,20,78,56.9,29,22,56.9% (29/22),98
Gorka Guruzeta,Athletic Club,FW,1840,64,6.7,1.5,7,2,8,31,34.3,36,69,34.3% (36/69),39
Iñaki Williams,Athletic Club,FW,2652,302,7.6,7.8,6,8,107,76,60.0,30,20,60.0% (30/20),183
Iñigo Ruiz de Galarreta,Athletic Club,MF,1477,39,0.5,2.9,0,4,27,137,40.0,8,12,40.0% (8/12),164
Maroan Sannadi,Athletic Club,FW,754,67,3.5,0.6,1,1,21,15,45.2,14,17,45.2% (14/17),36
Mikel Jauregizar,Athletic Club,MF,2244,31,1.1,1.4,2,1,14,118,49.3,34,35,49.3% (34/35),132
Mikel Vesga,Athletic Club,MF,988,22,1.2,1.0,0,0,10,64,61.0,25,16,61.0% (25/16),74
Nico Williams,Athletic Club,FW,1996,254,4.2,3.5,5,5,118,69,39.3,11,17,39.3% (11/17),187
Oihan Sancet,Athletic Club,MF,1620,115,9.7,1.9,12,1,52,90,48.0,12,13,48.0% (12/13),142
Unai Gómez,Athletic Club,"MF,FW",1284,49,1.9,0.8,1,3,19,23,48.3,29,31,48.3% (29/31),42
Álex Berenguer,Athletic Club,"FW,MF",2339,216,6.8,5.0,6,7,65,78,35.1,27,50,35.1% (27/50),143
Álvaro djaló,Athletic Club,FW,659,60,0.8,0.9,1,0,22,13,34.5,10,19,34.5% (10/19),35
Alexander Sørloth,Atlético Madrid,FW,1566,81,16.8,1.6,19,2,32,31,66.2,98,50,66.2% (98/50),63
Antoine Griezmann,Atlético Madrid,"FW,MF",2469,177,7.4,7.1,7,7,46,143,47.7,21,23,47.7% (21/23),189
Conor Gallagher,Atlético Madrid,MF,1633,64,2.8,1.2,3,3,24,64,30.0,9,21,30.0% (9/21),88
Giuliano Simeone,Atlético Madrid,MF,1926,189,2.2,5.2,2,6,69,49,32.4,11,23,32.4% (11/23),118
Julián Álvarez,Atlético Madrid,FW,2509,162,14.1,5.3,13,4,79,92,29.5,13,31,29.5% (13/31),171
Koke,Atlético Madrid,MF,1926,18,1.1,1.4,1,1,22,132,47.1,8,9,47.1% (8/9),154
Pablo Barrios,Atlético Madrid,MF,2330,69,1.3,2.4,1,4,29,142,62.5,35,21,62.5% (35/21),171
Rodrigo De Paul,Atlético Madrid,MF,2106,64,1.3,5.6,3,5,85,231,36.4,4,7,36.4% (4/7),316
Ángel Correa,Atlético Madrid,"FW,MF",805,85,4.5,2.1,4,1,30,25,11.1,1,8,11.1% (1/8),55
Dani Olmo,Barcelona,"MF,FW",1212,97,6.5,3.0,8,3,33,81,50.0,9,9,50.0% (9/9),114
Fermin López,Barcelona,"MF,FW",1252,108,5.6,3.9,6,5,31,79,33.3,9,18,33.3% (9/18),110
Ferrán Torres,Barcelona,"FW,MF",1106,98,8.0,3.1,10,6,23,35,35.7,5,9,35.7% (5/9),58
Frenkie de Jong,Barcelona,MF,1143,24,0.7,2.0,2,2,36,120,58.8,10,7,58.8% (10/7),156
Gavi,Barcelona,"MF,FW",1085,42,0.9,1.6,1,1,13,77,44.7,21,26,44.7% (21/26),90
Lamine Yamal,Barcelona,FW,2856,433,9.8,13.9,9,13,181,160,25.0,1,3,25.0% (1/3),341
Marc Casado,Barcelona,MF,1611,24,1.1,1.4,1,3,12,107,25.8,8,23,25.8% (8/23),119
Pedri,Barcelona,MF,2879,136,2.2,7.4,4,5,92,360,53.8,7,6,53.8% (7/6),452
Raphinha,Barcelona,"FW,MF",2839,349,19.2,12.7,16,9,94,135,60.0,9,6,60.0% (9/6),229
Robert Lewandowski,Barcelona,FW,2667,164,27.1,2.3,24,2,27,48,48.7,37,39,48.7% (37/39),75
Abde Ezzalzouli,Betis,"FW,MF",1984,215,8.0,2.0,2,2,117,68,41.3,26,37,41.3% (26/37),185
Antony,Betis,FW,1362,157,2.9,3.5,5,2,94,67,26.3,5,14,26.3% (5/14),161
Cucho,Betis,FW,1139,82,3.8,1.5,5,1,27,34,45.3,29,35,45.3% (29/35),61
Cédric Bakambu,Betis,FW,710,43,3.2,0.6,2,2,9,14,31.6,12,26,31.6% (12/26),23
Ezequiel Ávila,Betis,FW,677,48,1.5,1.0,2,0,12,18,42.9,6,8,42.9% (6/8),30
Giovani Lo Celso,Betis,"MF,FW",1457,66,4.8,4.9,6,3,26,132,31.3,5,11,31.3% (5/11),158
Isco,Betis,MF,1547,112,8.6,4.4,4,8,38,152,38.2,13,21,38.2% (13/21),190
Jesus Rodríguez,Betis,FW,1111,99,2.3,0.2,2,0,53,35,27.3,3,8,27.3% (3/8),88
Johnny Cardoso,Betis,MF,2144,28,2.0,0.9,3,1,19,71,61.7,29,18,61.7% (29/18),90
Marc Roca,Betis,MF,906,13,1.1,1.0,2,2,11,59,27.8,5,13,27.8% (5/13),70
Pablo Fornals,Betis,"MF,FW",1827,85,1.8,3.3,2,0,32,146,46.2,18,21,46.2% (18/21),178
Sergi Altimira,Betis,MF,1972,30,1.7,1.7,0,1,25,99,33.3,11,22,33.3% (11/22),124
Vitor Roque,Betis,FW,1235,57,6.1,1.2,4,0,24,17,34.1,15,29,34.1% (15/29),41
Alfon,Celta Vigo,"FW,MF",1371,170,4.6,2.6,5,2,89,22,17.6,3,14,17.6% (3/14),111
Anastasios Douvikas,Celta Vigo,FW,700,43,4.4,0.2,3,1,6,6,37.8,14,23,37.8% (14/23),12
Borja Iglesias,Celta Vigo,FW,1952,108,9.3,3.2,11,3,22,28,34.1,14,27,34.1% (14/27),50
Damián Rodríguez,Celta Vigo,MF,927,12,0.1,0.8,0,0,8,71,0.0,0,4,0.0% (0/4),79
Fer López,Celta Vigo,"FW,MF",671,58,2.7,1.9,2,0,27,43,18.2,2,9,18.2% (2/9),70
Fran Beltrán,Celta Vigo,MF,2421,29,1.0,1.8,2,1,28,152,41.3,19,27,41.3% (19/27),180
Hugo Sotelo,Celta Vigo,MF,1254,38,0.2,1.7,0,0,21,83,16.7,2,10,16.7% (2/10),104
Iago Aspas,Celta Vigo,"FW,MF",1745,143,8.7,4.6,5,5,50,132,46.7,7,8,46.7% (7/8),182
Ilaix Moriba,Celta Vigo,MF,2132,64,1.7,1.5,1,1,34,119,49.0,24,25,49.0% (24/25),153
Jonathan Bamba,Celta Vigo,"FW,MF",811,71,0.8,1.8,0,1,31,30,33.3,5,10,33.3% (5/10),61
Pablo Durán,Celta Vigo,"FW,MF",1394,124,3.6,2.8,4,4,24,30,28.9,13,32,28.9% (13/32),54
Williot Swedberg,Celta Vigo,"FW,MF",1348,116,5.2,2.6,4,5,34,28,34.8,8,15,34.8% (8/15),62
Alejo Véliz,Espanyol,FW,1127,27,2.3,0.6,1,0,2,8,46.8,51,58,46.8% (51/58),10
Alex Král,Espanyol,MF,2714,79,1.5,1.5,0,1,49,78,57.6,38,28,57.6% (38/28),127
Antoniu,Espanyol,"FW,MF",1022,63,0.9,1.1,0,1,35,28,25.0,6,18,25.0% (6/18),63
Edu Expósito,Espanyol,MF,1045,41,1.0,3.2,0,2,23,64,50.0,11,11,50.0% (11/11),87
Irvin Cardona,Espanyol,"FW,MF",606,43,1.1,0.6,1,1,14,15,42.1,8,11,42.1% (8/11),29
Javi Puado,Espanyol,"FW,MF",2974,113,11.6,3.0,7,4,73,75,23.1,9,30,23.1% (9/30),148
Jofre,Espanyol,"MF,FW",2165,156,2.5,2.5,3,3,65,48,22.7,5,17,22.7% (5/17),113
Pol Lozano,Espanyol,MF,1943,12,0.2,0.8,0,1,18,115,38.5,10,16,38.5% (10/16),133
Roberto Férnandez,Espanyol,FW,1497,50,3.6,0.6,6,0,7,17,38.6,34,54,38.6% (34/54),24
Urko González,Espanyol,MF,1374,8,0.5,0.7,0,2,18,62,57.1,20,15,57.1% (20/15),80
Walid Cheddira,Espanyol,FW,640,34,1.0,1.2,1,1,8,12,37.5,15,25,37.5% (15/25),20
Alex Sola,Getafe,"MF,FW",1029,61,1.0,0.7,0,1,24,23,39.1,18,28,39.1% (18/28),47
Bertuğ Yıldırım,Getafe,FW,1083,48,2.5,1.2,1,0,8,14,53.7,73,63,53.7% (73/63),22
Borja Mayoral,Getafe,FW,1114,43,3.4,0.9,4,1,10,13,29.3,17,41,29.3% (17/41),23
Carles Pérez,Getafe,"MF,FW",1431,77,2.4,1.5,3,0,31,20,32.5,13,27,32.5% (13/27),51
Christantus Uche,Getafe,"FW,MF",2486,148,3.8,2.9,4,6,43,49,42.3,91,124,42.3% (91/124),92
Coba da Costa,Getafe,"MF,FW",1006,83,1.1,1.4,1,1,46,16,50.0,19,19,50.0% (19/19),62
Juanmi,Getafe,"FW,MF",696,28,2.9,0.3,0,0,6,8,42.9,6,8,42.9% (6/8),14
Luis Milla,Getafe,MF,2875,30,1.8,3.9,0,4,32,152,47.0,31,35,47.0% (31/35),184
Mauro Arambarri,Getafe,MF,2661,55,8.2,0.6,7,0,17,75,52.2,59,54,52.2% (59/54),92
Ramón Terrats,Getafe,"MF,FW",1219,37,2.2,2.5,4,1,8,36,51.9,14,13,51.9% (14/13),44
Álvaro Rodríguez,Getafe,FW,852,50,1.2,0.3,2,0,6,13,55.3,104,84,55.3% (104/84),19
Abel Ruiz,Girona,FW,1346,71,4.6,0.5,3,0,21,23,32.1,9,19,32.1% (9/19),44
Arnaut Danjuma,Girona,"FW,MF",1335,185,3.6,1.7,2,0,91,41,25.0,1,3,25.0% (1/3),132
Arthur Melo,Girona,MF,941,17,0.2,0.2,0,0,24,70,0.0,0,3,0.0% (0/3),94
Bojan Miovski,Girona,FW,869,33,2.7,0.2,2,1,4,4,37.1,13,22,37.1% (13/22),8
Bryan Gil,Girona,"FW,MF",1721,210,2.3,2.9,3,3,76,74,0.0,0,5,0.0% (0/5),150
Cristhian Stuani,Girona,FW,1078,36,8.1,0.6,8,2,2,10,56.4,22,17,56.4% (22/17),12
Donny van de Beek,Girona,MF,1421,85,1.5,3.2,2,2,17,45,52.6,10,9,52.6% (10/9),62
Iván Martín,Girona,MF,2039,76,1.8,1.9,1,1,57,131,18.2,4,18,18.2% (4/18),188
Oriol Romeu,Girona,MF,1356,8,0.1,0.3,0,0,22,73,41.9,13,18,41.9% (13/18),95
Portu,Girona,"FW,MF",779,79,1.6,1.7,1,2,20,16,45.5,10,12,45.5% (10/12),36
Viktor Tsyhankov,Girona,"FW,MF",1913,195,2.8,3.9,2,5,62,65,33.3,9,18,33.3% (9/18),127
Yangel Herrera,Girona,MF,2257,99,3.6,1.5,4,3,31,110,52.6,50,45,52.6% (50/45),141
Yaser Asprilla,Girona,"FW,MF",1405,140,2.1,2.8,3,1,72,77,57.1,4,3,57.1% (4/3),149
Alberto Moleiro,Las Palmas,"FW,MF",2714,179,5.6,3.3,6,1,97,116,18.5,5,22,18.5% (5/22),213
Dario Essugo,Las Palmas,MF,1938,8,0.7,0.4,1,0,18,76,48.4,30,32,48.4% (30/32),94
Enzo Loiodice,Las Palmas,MF,684,3,0.3,0.2,0,0,3,31,46.7,7,8,46.7% (7/8),34
Fábio Silva,Las Palmas,FW,1866,119,8.8,2.0,8,3,30,26,49.5,51,52,49.5% (51/52),56
Jaime Mata,Las Palmas,"FW,MF",656,48,2.6,0.1,0,0,6,10,46.4,26,30,46.4% (26/30),16
José Campaña,Las Palmas,MF,1189,15,0.1,0.9,0,3,11,87,78.9,15,4,78.9% (15/4),98
Kirian Rodríguez,Las Palmas,MF,1758,39,1.6,1.5,0,3,25,128,43.3,13,17,43.3% (13/17),153
Manuel Fuster,Las Palmas,"FW,MF",1003,75,0.7,1.8,2,1,23,71,18.8,3,13,18.8% (3/13),94
Oliver McBurnie,Las Palmas,FW,1837,75,4.8,2.8,3,6,7,27,48.3,87,93,48.3% (87/93),34
Sandro Ramírez,Las Palmas,"FW,MF",2034,121,4.1,3.4,8,3,52,52,42.9,12,16,42.9% (12/16),104
Dani Raba,Leganés,"FW,MF",1879,101,7.5,5.3,4,6,42,69,25.0,5,15,25.0% (5/15),111
Darko Brašanac,Leganés,MF,1617,53,1.8,0.4,1,2,6,43,34.5,20,38,34.5% (20/38),49
Diego,Leganés,FW,1195,49,3.8,0.2,3,0,9,16,34.1,43,83,34.1% (43/83),25
Juan Cruz,Leganés,"FW,MF",2257,131,2.7,4.1,5,4,59,66,44.1,15,19,44.1% (15/19),125
Miguel,Leganés,FW,1724,90,4.9,1.4,0,3,14,16,23.2,29,96,23.2% (29/96),30
Munir El Haddadi,Leganés,"FW,MF",862,42,1.6,0.8,4,0,11,29,29.4,10,24,29.4% (10/24),40
Seydouba Cissé,Leganés,MF,2435,42,3.0,1.0,3,1,26,110,39.7,25,38,39.7% (25/38),136
Yvan Neyou,Leganés,MF,2312,30,0.6,0.6,1,1,24,96,53.7,22,19,53.7% (22/19),120
Óscar Rodríguez Arnaiz,Leganés,"MF,FW",1330,66,2.1,2.2,1,4,24,60,33.3,12,24,33.3% (12/24),84
Cyle Larin,Mallorca,FW,1764,95,6.9,1.4,6,2,20,20,43.4,66,86,43.4% (66/86),40
Dani Rodríguez,Mallorca,"MF,FW",2162,108,2.8,3.1,4,7,37,78,42.2,27,37,42.2% (27/37),115
Manu Morlanes,Mallorca,MF,1338,39,0.6,0.3,0,0,16,88,38.5,10,16,38.5% (10/16),104
Omar Mascarell,Mallorca,MF,1992,12,0.5,0.2,1,0,10,75,63.8,44,25,63.8% (44/25),85
Roberto Navarro,Mallorca,"MF,FW",1278,85,2.0,1.9,1,0,45,51,35.7,5,9,35.7% (5/9),96
Samu Costa,Mallorca,MF,2649,69,1.8,1.2,0,2,24,116,63.0,68,40,63.0% (68/40),140
Sergi Darder,Mallorca,"MF,FW",2744,83,2.1,3.7,2,6,37,142,56.5,13,10,56.5% (13/10),179
Takuma Asano,Mallorca,"FW,MF",1054,76,2.7,0.7,2,1,28,20,16.1,5,26,16.1% (5/26),48
Vedat Muriqi,Mallorca,FW,2058,103,9.7,2.2,5,2,23,30,57.9,135,98,57.9% (135/98),53
Aimar Oroz,Osasuna,MF,2966,142,4.2,2.9,4,4,74,163,45.0,18,22,45.0% (18/22),237
Ante Budimir,Osasuna,FW,2952,134,18.3,1.7,13,4,23,24,50.7,136,132,50.7% (136/132),47
Bryan Zaragoza,Osasuna,"FW,MF",1836,140,2.7,3.2,1,6,105,50,16.7,2,10,16.7% (2/10),155
Iker Muñoz,Osasuna,MF,610,10,0.5,1.0,0,1,6,24,45.5,10,12,45.5% (10/12),30
Jon Moncayola,Osasuna,MF,2099,51,1.6,3.7,0,0,25,107,48.4,15,16,48.4% (15/16),132
Lucas Torró,Osasuna,MF,2957,30,2.3,1.2,3,0,10,109,70.4,159,67,70.4% (159/67),119
Moi Gómez,Osasuna,"MF,FW",796,16,0.5,0.8,0,0,13,49,36.8,7,12,36.8% (7/12),62
Pablo Ibáñez,Osasuna,MF,1294,31,1.6,1.6,1,1,21,51,44.2,19,24,44.2% (19/24),72
Raúl,Osasuna,"FW,MF",750,49,3.5,0.7,4,0,10,16,47.6,20,22,47.6% (20/22),26
Rubén García,Osasuna,"FW,MF",2413,157,3.2,3.6,5,5,37,112,43.1,28,37,43.1% (28/37),149
Adri Embarba,Rayo Vallecano,"FW,MF",1607,114,2.1,2.7,1,1,47,45,28.3,13,33,28.3% (13/33),92
Gerard Gumbau,Rayo Vallecano,MF,849,21,1.1,1.3,0,1,2,41,43.6,17,22,43.6% (17/22),43
Isaac Palazón Camacho,Rayo Vallecano,"MF,FW",2162,123,4.7,4.4,4,4,30,117,31.0,18,40,31.0% (18/40),147
Jorge de Frutos,Rayo Vallecano,"FW,MF",2495,201,6.3,3.4,6,3,77,44,38.5,15,24,38.5% (15/24),121
Pedro Díaz,Rayo Vallecano,MF,1211,49,2.4,2.1,3,0,27,62,38.5,5,8,38.5% (5/8),89
Randy Nteka,Rayo Vallecano,FW,1129,44,2.6,0.5,3,0,10,8,44.6,41,51,44.6% (41/51),18
Sergio Camello,Rayo Vallecano,FW,1134,68,4.1,2.0,3,2,20,27,29.7,11,26,29.7% (11/26),47
Unai López,Rayo Vallecano,MF,1707,40,1.6,1.0,3,1,22,112,35.7,10,18,35.7% (10/18),134
Álvaro García,Rayo Vallecano,"FW,MF",2559,245,7.6,5.0,4,5,68,71,33.3,9,18,33.3% (9/18),139
Óscar Valentín,Rayo Vallecano,MF,1835,8,0.4,0.9,0,0,13,86,45.8,33,39,45.8% (33/39),99
Arda Güler,Real Madrid,"MF,FW",1250,86,3.3,4.5,3,4,34,93,38.9,7,11,38.9% (7/11),127
Brahim Díaz,Real Madrid,"FW,MF",1385,110,5.3,3.3,4,2,39,74,17.6,3,14,17.6% (3/14),113
Dani Ceballos,Real Madrid,MF,1215,17,0.4,1.6,0,0,42,150,66.7,2,1,66.7% (2/1),192
Jude Bellingham,Real Madrid,MF,2488,143,11.4,3.9,8,8,74,199,49.2,30,31,49.2% (30/31),273
Kylian Mbappé,Real Madrid,FW,2907,386,25.9,7.7,24,3,150,140,40.0,4,6,40.0% (4/6),290
Luka Modrić,Real Madrid,MF,1827,63,1.6,7.0,2,6,62,208,31.6,6,13,31.6% (6/13),270
Rodrygo,Real Madrid,"FW,MF",1928,253,4.0,3.0,6,5,113,108,30.4,7,16,30.4% (7/16),221
Vinicius Júnior,Real Madrid,FW,2253,256,10.4,8.0,9,8,169,85,12.5,1,7,12.5% (1/7),254
Ander Barrenetxea,Real Sociedad,"MF,FW",1263,152,1.6,1.9,1,3,43,48,33.3,7,14,33.3% (7/14),91
Beñat Turrientes,Real Sociedad,MF,942,28,0.6,0.2,0,0,18,42,35.7,10,18,35.7% (10/18),60
Brais Méndez,Real Sociedad,MF,1531,86,3.5,2.0,3,2,32,91,40.0,18,27,40.0% (18/27),123
Luka Sučić,Real Sociedad,MF,1792,56,3.3,2.6,1,1,30,79,51.0,26,25,51.0% (26/25),109
Martín Zubimendi,Real Sociedad,MF,2962,43,2.6,1.1,2,1,38,195,62.4,53,32,62.4% (53/32),233
Mikel Oyarzabal,Real Sociedad,FW,2250,133,9.9,2.4,5,3,31,28,30.5,32,73,30.5% (32/73),59
Olasagasti,Real Sociedad,MF,857,41,0.9,0.8,1,1,11,38,35.3,12,22,35.3% (12/22),49
Orri Steinn Óskarsson,Real Sociedad,FW,944,50,5.2,0.2,3,0,6,9,36.0,31,55,36.0% (31/55),15
Pablo Marín,Real Sociedad,MF,1239,47,1.4,1.0,1,2,20,45,40.9,18,26,40.9% (18/26),65
Sheraldo Becker,Real Sociedad,"FW,MF",995,110,2.0,2.0,2,1,51,23,30.4,7,16,30.4% (7/16),74
Takefusa Kubo,Real Sociedad,"MF,FW",2372,218,3.6,4.5,5,0,133,110,36.7,11,19,36.7% (11/19),243
Albert Sambi Lokonga,Sevilla,MF,1471,20,0.9,1.0,0,2,24,93,66.7,28,14,66.7% (28/14),117
Chidera Ejuke,Sevilla,FW,966,101,1.1,1.9,2,1,75,38,30.8,4,9,30.8% (4/9),113
Djibril Sow,Sevilla,MF,2062,50,2.4,1.6,2,1,23,100,51.1,24,23,51.1% (24/23),123
Dodi Lukebakio,Sevilla,FW,3092,247,10.1,4.5,10,2,131,93,46.2,18,21,46.2% (18/21),224
Isaac Romero,Sevilla,FW,2156,95,6.8,2.1,4,2,21,29,36.3,29,51,36.3% (29/51),50
Lucien Agoume,Sevilla,MF,2114,23,0.9,2.5,1,3,29,135,51.2,42,40,51.2% (42/40),164
Peque,Sevilla,"MF,FW",1134,44,2.5,1.2,1,1,14,35,23.5,8,26,23.5% (8/26),49
Ruben Vargas,Sevilla,"FW,MF",671,63,2.0,0.8,2,1,29,14,53.8,7,6,53.8% (7/6),43
Saúl Ñíguez,Sevilla,MF,1553,39,2.8,2.5,1,6,13,66,54.8,40,33,54.8% (40/33),79
Suso,Sevilla,"FW,MF",606,74,0.7,1.6,0,2,20,43,28.6,2,5,28.6% (2/5),63
Diego López,Valencia,"MF,FW",2737,219,6.6,5.0,8,5,76,85,20.3,14,55,20.3% (14/55),161
Domingos André Ribeiro Almeida,Valencia,"MF,FW",1977,77,1.2,3.2,0,4,45,142,25.0,5,15,25.0% (5/15),187
Enzo Barrenechea,Valencia,MF,2191,16,1.3,0.9,1,2,21,126,60.7,37,24,60.7% (37/24),147
Hugo Duro,Valencia,FW,2166,88,9.4,1.3,10,2,13,28,36.9,59,101,36.9% (59/101),41
Javier Guerra,Valencia,MF,2581,84,2.2,3.2,3,3,50,137,48.6,17,18,48.6% (17/18),187
José Luis García Vayá,Valencia,MF,1742,19,2.1,2.1,0,2,13,142,52.3,23,21,52.3% (23/21),155
Luis Rioja,Valencia,"MF,FW",2831,228,3.3,4.5,3,3,93,103,40.5,15,22,40.5% (15/22),196
Rafa Mir,Valencia,"FW,MF",753,28,3.0,0.7,1,2,10,20,36.4,12,21,36.4% (12/21),30
Umar Sadiq,Valencia,FW,825,49,3.4,0.7,5,0,9,7,54.8,23,19,54.8% (23/19),16
Anuar,Valladolid,"MF,FW",1720,68,1.7,1.2,2,0,24,30,39.7,23,35,39.7% (23/35),54
Chuky san jose,Valladolid,MF,728,27,2.2,1.2,2,0,6,15,16.7,2,10,16.7% (2/10),21
Darwin Machís,Valladolid,"MF,FW",639,43,0.9,0.5,0,1,17,19,75.0,6,2,75.0% (6/2),36
Florian Grillitsch,Valladolid,MF,623,7,0.1,0.7,0,0,9,38,55.6,5,4,55.6% (5/4),47
Iván Sánchez,Valladolid,"MF,FW",1404,93,0.7,2.9,2,1,60,77,50.0,11,11,50.0% (11/11),137
Juanmi Latasa,Valladolid,FW,1398,40,4.2,0.9,3,0,3,17,60.8,90,58,60.8% (90/58),20
Kike Pérez,Valladolid,MF,1191,28,2.1,1.0,2,0,19,67,44.4,12,15,44.4% (12/15),86
Mamadou Sylla,Valladolid,"FW,MF",1583,52,5.1,1.7,1,1,15,22,41.4,41,58,41.4% (41/58),37
Marcos André,Valladolid,FW,1188,39,2.7,0.8,1,2,11,16,51.6,47,44,51.6% (47/44),27
Mario Martín,Valladolid,MF,1748,22,1.8,1.4,0,1,18,66,47.7,31,34,47.7% (31/34),84
Raúl Moro,Valladolid,"MF,FW",2341,190,4.1,5.7,4,5,112,81,33.3,8,16,33.3% (8/16),193
Selim Amallah,Valladolid,MF,1376,27,3.5,1.1,2,1,24,57,23.8,5,16,23.8% (5/16),81
Stanko Jurić,Valladolid,MF,1729,8,0.8,0.5,0,0,5,57,69.4,50,22,69.4% (50/22),62
Alex Baena,Villarreal,"MF,FW",2595,154,7.1,11.7,7,9,91,189,45.7,16,19,45.7% (16/19),280
Ayoze Pérez,Villarreal,FW,1970,124,12.7,3.0,19,2,59,73,28.9,13,32,28.9% (13/32),132
Daniel Parejo,Villarreal,MF,2273,26,2.5,1.8,2,3,19,176,72.7,24,9,72.7% (24/9),195
Denis Suárez,Villarreal,MF,608,24,0.9,1.5,1,1,27,35,14.3,1,6,14.3% (1/6),62
Gerard Moreno,Villarreal,FW,721,60,4.2,3.6,0,2,19,53,81.0,17,4,81.0% (17/4),72
Nicolas Pépé,Villarreal,"FW,MF",1500,159,3.8,4.8,3,6,76,60,47.1,16,18,47.1% (16/18),136
Pape Gueye,Villarreal,MF,2224,69,3.4,1.1,4,0,36,156,57.4,31,23,57.4% (31/23),192
Santi Comesaña,Villarreal,MF,2560,58,4.6,2.0,4,2,39,154,39.5,32,49,39.5% (32/49),193
Thierno Barry,Villarreal,FW,2323,124,12.5,2.9,10,4,44,27,67.3,99,48,67.3% (99/48),71
Yeremi Pino,Villarreal,"MF,FW",1934,213,3.9,5.3,4,7,42,66,42.9,12,16,42.9% (12/16),108
Esteban Lepaul,Angers,FW,1629,68,5.1,0.8,9,0,26,20,42.7,35,47,42.7% (35/47),46
Farid El Melali,Angers,FW,1893,113,3.6,3.1,2,3,62,43,22.2,6,21,22.2% (6/21),105
Haris Belkebla,Angers,MF,1792,15,0.1,0.9,0,1,8,69,27.6,8,21,27.6% (8/21),77
Himad Abdelli,Angers,"MF,FW",2842,111,6.4,3.2,3,1,107,207,39.4,13,20,39.4% (13/20),314
Ibrahima Niane,Angers,FW,943,50,5.7,1.0,2,1,19,9,41.3,26,37,41.3% (26/37),28
Jean-Eudes Aholou,Angers,MF,1959,16,1.8,1.0,2,0,15,68,62.3,38,23,62.3% (38/23),83
Jim Allevinah,Angers,FW,1750,99,4.2,2.5,1,3,57,48,29.4,10,24,29.4% (10/24),105
Yassin Belkhdim,Angers,MF,1523,31,0.8,0.6,1,1,17,37,25.0,5,15,25.0% (5/15),54
Zinedine Ferhat,Angers,"FW,MF",849,64,1.4,2.4,2,0,16,40,45.9,17,20,45.9% (17/20),56
Ado Onaiwu,Auxerre,"MF,FW",957,74,4.0,1.1,4,1,17,33,58.7,37,26,58.7% (37/26),50
Assane Dioussé,Auxerre,MF,663,6,0.1,0.2,0,0,1,33,25.0,1,3,25.0% (1/3),34
Elisha Owusu,Auxerre,MF,2344,33,0.4,1.0,1,3,8,78,38.1,16,26,38.1% (16/26),86
Gaëtan Perrin,Auxerre,"MF,FW",2691,125,6.1,7.8,10,11,83,142,18.8,3,13,18.8% (3/13),225
Hamed Junior Traorè,Auxerre,MF,2093,146,7.9,2.7,10,2,66,99,37.5,12,20,37.5% (12/20),165
Han-Noah Massengo,Auxerre,MF,1046,13,0.4,0.4,0,0,13,28,38.9,7,11,38.9% (7/11),41
Kévin Danois,Auxerre,MF,1460,50,1.5,2.2,0,0,19,95,43.8,14,18,43.8% (14/18),114
Lassine Sinayoko,Auxerre,"FW,MF",2299,193,6.5,5.5,4,8,53,62,29.7,27,64,29.7% (27/64),115
Theo Bair,Auxerre,FW,939,42,3.0,1.2,2,1,15,16,54.5,55,46,54.5% (55/46),31
Abdallah Sima,Brest,"FW,MF",1238,92,5.9,1.0,7,2,36,24,48.2,41,44,48.2% (41/44),60
Hugo Magnetti,Brest,MF,2323,20,0.8,0.4,1,0,21,80,50.0,10,10,50.0% (10/10),101
Kamory Doumbia,Brest,"MF,FW",1322,54,2.7,1.2,3,2,17,72,31.3,10,22,31.3% (10/22),89
Ludovic Ajorque,Brest,FW,2495,124,10.4,3.1,13,2,10,41,52.4,133,121,52.4% (133/121),51
Mahdi Camara,Brest,"MF,FW",2659,112,4.1,2.0,5,3,58,111,35.4,17,31,35.4% (17/31),169
Mama Samba Baldé,Brest,FW,1149,100,3.0,2.1,2,3,35,22,41.7,35,49,41.7% (35/49),57
Mathias Pereira Lage,Brest,"FW,MF",1571,100,3.3,3.5,2,7,32,41,46.1,35,41,46.1% (35/41),73
Pierre Lees-Melou,Brest,MF,1526,36,1.3,2.8,2,2,23,105,36.4,4,7,36.4% (4/7),128
Romain Del Castillo,Brest,FW,1259,106,4.7,3.4,3,4,29,61,40.0,8,12,40.0% (8/12),90
Romain Faivre,Brest,"MF,FW",899,49,2.6,1.9,2,2,24,44,41.2,7,10,41.2% (7/10),68
Abdoulaye Touré,Le Havre,MF,2324,28,9.4,0.4,2,1,17,109,61.2,30,19,61.2% (30/19),126
André Ayew,Le Havre,FW,1453,43,4.3,0.2,4,1,5,18,37.0,37,63,37.0% (37/63),23
Antoine Joujou,Le Havre,"MF,FW",943,85,0.6,3.0,0,2,44,18,21.7,5,18,21.7% (5/18),62
Emmanuel Sabbi,Le Havre,"FW,MF",653,39,1.9,0.6,0,0,11,15,40.9,9,13,40.9% (9/13),26
Issa Soumaré,Le Havre,"FW,MF",1902,144,3.8,3.1,5,4,61,45,60.0,84,56,60.0% (84/56),106
Josué Casimir,Le Havre,"FW,MF",1997,151,3.3,3.4,4,4,71,41,28.1,9,23,28.1% (9/23),112
Junior Mwanga,Le Havre,MF,952,15,1.3,1.0,1,2,15,42,56.3,9,7,56.3% (9/7),57
Koka,Le Havre,FW,851,20,4.9,0.6,2,1,0,12,48.8,20,21,48.8% (20/21),12
Oussama Targhalline,Le Havre,MF,990,34,0.1,0.7,0,0,25,66,57.1,8,6,57.1% (8/6),91
Rassoul Ndiaye,Le Havre,MF,1061,30,1.7,0.6,1,0,6,46,38.2,13,21,38.2% (13/21),52
Yassine Kechta,Le Havre,"MF,FW",2096,85,2.5,1.2,2,0,44,97,27.0,10,27,27.0% (10/27),141
Adrien Thomasson,Lens,MF,2615,138,5.9,6.0,3,7,30,149,27.4,17,45,27.4% (17/45),179
Anass Zaroury,Lens,"FW,MF",1405,107,1.7,2.9,2,2,49,65,28.6,2,5,28.6% (2/5),114
Andy Diouf,Lens,MF,2225,94,2.9,2.8,1,2,82,116,36.7,18,31,36.7% (18/31),198
Angelo Fulgini,Lens,"MF,FW",1045,113,2.4,3.8,1,1,29,69,37.5,9,15,37.5% (9/15),98
Florian Sotoca,Lens,"FW,MF",1794,170,4.6,1.5,1,1,44,105,62.3,43,26,62.3% (43/26),149
Goduine Koyalipou,Lens,FW,885,68,4.8,0.8,4,0,15,20,40.0,16,24,40.0% (16/24),35
M'Bala Nzola,Lens,FW,1460,118,8.6,1.3,6,1,26,22,51.4,38,36,51.4% (38/36),48
Neil El Aynaoui,Lens,MF,1588,29,4.0,2.0,5,1,11,75,61.5,24,15,61.5% (24/15),86
Rémy Labeau Lascary,Lens,"FW,MF",637,71,2.5,1.1,2,1,17,7,46.2,6,7,46.2% (6/7),24
Wesley Saïd,Lens,FW,905,53,3.2,1.0,3,0,16,24,38.5,10,16,38.5% (10/16),40
André Gomes,Lille,MF,1276,28,0.5,0.7,0,0,18,101,56.3,9,7,56.3% (9/7),119
Angel Gomes,Lille,MF,736,47,1.7,2.1,1,1,15,49,45.5,5,6,45.5% (5/6),64
Ayyoub Bouaddi,Lille,MF,1151,26,0.1,1.0,0,1,11,37,50.0,9,9,50.0% (9/9),48
Benjamin André,Lille,MF,2692,72,1.4,1.9,0,3,29,209,53.4,94,82,53.4% (94/82),238
Chuba Akpom,Lille,FW,639,38,5.0,0.5,2,1,6,7,60.7,17,11,60.7% (17/11),13
Edon Zhegrova,Lille,"FW,MF",978,81,2.3,2.2,4,1,37,54,60.0,3,2,60.0% (3/2),91
Hákon Arnar Haraldsson,Lille,"MF,FW",1755,143,3.8,2.8,5,3,52,102,12.5,2,14,12.5% (2/14),154
Jonathan David,Lille,FW,2554,184,16.2,4.4,10,5,40,65,27.6,16,42,27.6% (16/42),105
Matias Fernandez-Pardo,Lille,"FW,MF",1065,85,2.9,2.8,4,2,46,26,0.0,0,11,0.0% (0/11),72
Ngal'Ayel Mukau,Lille,MF,1190,43,0.8,0.7,0,1,19,57,50.0,14,14,50.0% (14/14),76
Osame Sahraoui,Lille,"FW,MF",1293,159,2.9,3.6,3,3,69,89,0.0,0,8,0.0% (0/8),158
Rémy Cabella,Lille,"FW,MF",1011,130,4.0,2.3,1,2,45,77,27.3,3,8,27.3% (3/8),122
Alexandre Lacazette,Lyon,FW,2051,159,16.3,3.4,10,2,24,66,33.3,16,32,33.3% (16/32),90
Corentin Tolisso,Lyon,MF,2329,133,5.3,4.9,7,4,31,166,48.2,54,58,48.2% (54/58),197
Ernest Nuamah,Lyon,"FW,MF",1052,131,2.2,1.5,3,1,44,33,48.1,13,14,48.1% (13/14),77
Georges Mikautadze,Lyon,FW,1449,140,10.3,4.3,8,6,37,54,27.3,15,40,27.3% (15/40),91
Jordan Veretout,Lyon,MF,1553,60,1.9,0.6,2,0,35,99,44.4,12,15,44.4% (12/15),134
Malick Fofana,Lyon,FW,1589,205,3.8,3.7,5,4,112,45,14.3,2,12,14.3% (2/12),157
Nemanja Matić,Lyon,MF,2010,15,0.1,1.3,0,1,35,150,53.6,15,13,53.6% (15/13),185
Rayan Cherki,Lyon,"FW,MF",2041,184,5.0,11.1,8,11,106,206,33.3,4,8,33.3% (4/8),312
Saïd Benrahma,Lyon,"FW,MF",735,109,2.0,2.1,1,3,41,32,,0,0,<NA>% (0/0),73
Tanner Tessmann,Lyon,MF,1234,27,1.0,0.6,1,0,11,56,17.4,4,19,17.4% (4/19),67
Thiago Almada,Lyon,"MF,FW",951,50,2.0,2.6,1,4,38,97,33.3,1,2,33.3% (1/2),135
Adrien Rabiot,Marseille,MF,2485,174,7.3,3.8,9,4,79,168,56.7,34,26,56.7% (34/26),247
Amine Gouiri,Marseille,"FW,MF",1048,97,8.4,3.6,10,3,17,20,16.7,2,10,16.7% (2/10),37
Ismaël Bennacer,Marseille,MF,646,8,0.1,1.8,0,2,14,72,33.3,2,4,33.3% (2/4),86
Jon Rowe,Marseille,"FW,MF",807,96,3.5,4.5,3,3,30,31,33.3,7,14,33.3% (7/14),61
Mason Greenwood,Marseille,"FW,MF",2804,295,16.3,5.7,14,5,126,157,53.3,8,7,53.3% (8/7),283
Neal Maupay,Marseille,FW,1042,81,4.1,2.2,4,4,12,37,36.4,8,14,36.4% (8/14),49
Pierre Højbjerg,Marseille,MF,2664,43,3.3,3.9,2,4,36,263,53.8,21,18,53.8% (21/18),299
Aleksandr Golovin,Monaco,"MF,FW",1153,72,2.3,2.4,3,0,39,112,40.9,9,13,40.9% (9/13),151
Breel Embolo,Monaco,"FW,MF",1841,140,10.8,5.6,6,4,22,55,50.0,30,30,50.0% (30/30),77
Denis Zakaria,Monaco,MF,2144,36,5.2,1.4,4,4,27,113,60.0,18,12,60.0% (18/12),140
Eliesse Ben Seghir,Monaco,"MF,FW",1750,170,5.5,5.2,4,3,85,122,37.1,13,22,37.1% (13/22),207
Folarin Balogun,Monaco,FW,615,73,4.8,0.9,4,0,21,9,16.7,4,20,16.7% (4/20),30
George Ilenikhena,Monaco,FW,717,58,5.1,1.4,3,2,8,10,46.7,14,16,46.7% (14/16),18
Lamine Camara,Monaco,MF,2054,46,2.3,4.4,2,7,25,141,50.0,21,21,50.0% (21/21),166
Maghnes Akliouche,Monaco,"FW,MF",2406,226,9.2,7.3,4,10,127,173,17.9,5,23,17.9% (5/23),300
Mika Biereth,Monaco,FW,1228,110,11.3,4.5,12,2,14,24,38.3,18,29,38.3% (18/29),38
Soungoutou Magassa,Monaco,MF,1025,11,0.5,0.9,0,1,6,63,38.2,13,21,38.2% (13/21),69
Takumi Minamino,Monaco,"MF,FW",2231,193,8.9,6.6,6,3,51,114,38.8,19,30,38.8% (19/30),165
Akor Adams,Montpellier,FW,1075,45,4.3,1.0,3,1,11,6,50.9,28,27,50.9% (28/27),17
Andy Delort,Montpellier,FW,607,20,1.3,0.9,0,0,4,6,45.0,27,33,45.0% (27/33),10
Arnaud Nordin,Montpellier,FW,1166,111,4.1,0.9,3,1,51,23,38.7,12,19,38.7% (12/19),74
Jordan Ferri,Montpellier,MF,1773,42,0.4,0.9,0,2,19,137,46.4,13,15,46.4% (13/15),156
Joris Chotard,Montpellier,MF,1892,35,1.3,0.5,1,0,20,80,59.3,16,11,59.3% (16/11),100
Khalil Fayad,Montpellier,"MF,FW",1028,42,1.3,0.3,0,0,25,50,60.0,9,6,60.0% (9/6),75
Musa Al-Taamari,Montpellier,"FW,MF",1116,76,2.6,1.5,2,1,55,30,44.4,8,10,44.4% (8/10),85
Rabby Nzingoula,Montpellier,MF,1689,38,1.0,1.6,1,0,25,40,45.9,17,20,45.9% (17/20),65
Tanguy Coulibaly,Montpellier,"FW,MF",1485,97,3.5,1.3,3,0,48,20,45.2,19,23,45.2% (19/23),68
Téji Savanier,Montpellier,MF,2363,108,3.8,6.9,0,5,26,183,43.9,18,23,43.9% (18/23),209
Wahbi Khazri,Montpellier,"FW,MF",1118,53,2.3,2.2,1,1,24,33,27.6,8,21,27.6% (8/21),57
Douglas,Nantes,MF,2307,34,3.4,1.5,4,2,14,125,39.7,23,35,39.7% (23/35),139
Johann Lepenant,Nantes,MF,2048,62,1.4,0.9,2,1,25,89,52.6,20,18,52.6% (20/18),114
Matthis Abline,Nantes,FW,2768,169,8.5,3.8,8,2,75,48,45.7,64,76,45.7% (64/76),123
Moses Simon,Nantes,"FW,MF",2609,222,5.8,6.7,4,10,147,59,20.8,10,38,20.8% (10/38),206
Mostafa Mohamed,Nantes,FW,1252,50,5.5,0.4,5,0,11,20,53.8,57,49,53.8% (57/49),31
Pedro Chirivella,Nantes,MF,2348,25,0.5,1.8,0,2,16,170,41.7,10,14,41.7% (10/14),186
Sorba Thomas,Nantes,"FW,MF",1321,93,1.5,3.7,1,3,41,34,29.2,7,17,29.2% (7/17),75
Badredine Bouanani,Nice,"MF,FW",1099,93,2.7,2.4,2,3,47,44,11.1,2,16,11.1% (2/16),91
Baptiste Santamaria,Nice,MF,927,11,0.9,1.0,0,0,10,45,64.9,24,13,64.9% (24/13),55
Evann Guessand,Nice,"FW,MF",2565,162,9.2,5.4,12,8,87,79,41.9,26,36,41.9% (26/36),166
Gaëtan Laborde,Nice,FW,1829,131,11.7,3.5,7,4,30,40,50.5,48,47,50.5% (48/47),70
Hicham Boudaoui,Nice,MF,2435,75,2.7,3.0,2,3,54,124,32.0,16,34,32.0% (16/34),178
Jeremie Boga,Nice,"MF,FW",1054,75,2.3,2.8,1,2,64,39,42.9,3,4,42.9% (3/4),103
Mohamed Ali Cho,Nice,"FW,MF",1621,133,4.0,4.0,3,4,81,59,32.5,13,27,32.5% (13/27),140
Sofiane Diop,Nice,"MF,FW",1064,70,6.0,2.9,6,4,26,64,27.3,3,8,27.3% (3/8),90
Tanguy Ndombele,Nice,MF,1131,36,2.4,2.4,1,2,22,61,23.1,3,10,23.1% (3/10),83
Bradley Barcola,Paris S-G,FW,2181,374,13.4,10.1,14,10,137,96,66.7,14,7,66.7% (14/7),233
Désiré Doué,Paris S-G,"FW,MF",1730,232,5.1,7.8,6,6,97,139,44.4,8,10,44.4% (8/10),236
Fabián Ruiz Peña,Paris S-G,MF,1923,92,4.3,4.7,4,5,47,205,38.5,5,8,38.5% (5/8),252
Gonçalo Ramos,Paris S-G,FW,1066,63,13.6,2.2,8,3,11,24,57.1,20,15,57.1% (20/15),35
Khvicha Kvaratskhelia,Paris S-G,FW,916,131,3.3,4.9,4,3,50,43,37.5,3,5,37.5% (3/5),93
Lee Kang-in,Paris S-G,"FW,MF",1663,138,3.5,5.6,6,6,50,143,33.3,5,10,33.3% (5/10),193
Marco Asensio,Paris S-G,"FW,MF",618,49,5.6,2.7,2,4,19,36,33.3,1,2,33.3% (1/2),55
Ousmane Dembélé,Paris S-G,FW,1730,252,16.6,8.2,20,6,127,137,40.0,4,6,40.0% (4/6),264
Senny Mayulu,Paris S-G,MF,808,56,2.9,2.1,2,2,29,46,9.1,1,10,9.1% (1/10),75
Vitinha,Paris S-G,MF,2042,57,3.4,2.6,3,1,53,224,16.7,1,5,16.7% (1/5),277
Amadou Koné,Reims,MF,1293,12,0.5,0.3,0,0,19,68,50.0,22,22,50.0% (22/22),87
Junya Ito,Reims,"FW,MF",2690,256,4.6,7.1,4,3,100,133,37.8,17,28,37.8% (17/28),233
Keito Nakamura,Reims,"FW,MF",2649,197,9.1,2.9,11,2,90,82,33.3,7,14,33.3% (7/14),172
Mamadou Diakhon,Reims,"FW,MF",858,77,1.0,1.1,2,1,61,17,7.1,1,13,7.1% (1/13),78
Marshall Munetsi,Reims,MF,1692,48,4.0,2.0,4,2,8,26,46.1,41,48,46.1% (41/48),34
Oumar Diakité,Reims,FW,1628,93,5.5,1.1,4,1,24,44,29.8,25,59,29.8% (25/59),68
Teddy Teuma,Reims,MF,750,34,1.4,1.1,0,0,9,47,33.3,4,8,33.3% (4/8),56
Valentin Atangana Edoa,Reims,MF,2854,38,2.5,1.1,1,0,41,93,58.0,47,34,58.0% (47/34),134
Yaya Kader Fofana,Reims,"MF,FW",634,29,0.6,1.7,1,1,19,22,28.6,4,10,28.6% (4/10),41
Albert Grønbaek,Rennes,"MF,FW",813,58,1.5,1.0,2,1,23,30,26.7,4,11,26.7% (4/11),53
Amine Gouiri,Rennes,"MF,FW",1037,63,3.5,0.4,3,2,22,46,34.8,8,15,34.8% (8/15),68
Arnaud Kalimuendo,Rennes,"FW,MF",2578,167,14.9,2.0,12,3,50,72,27.2,22,59,27.2% (22/59),122
Azor Matusiwa,Rennes,MF,2078,26,1.2,1.8,1,3,19,134,60.9,28,18,60.9% (28/18),153
Djaoui Cissé,Rennes,MF,1121,14,0.4,0.2,1,0,16,84,23.5,4,13,23.5% (4/13),100
Glen Kamara,Rennes,MF,662,22,0.2,0.2,0,1,5,34,25.0,2,6,25.0% (2/6),39
Jordan James,Rennes,MF,1178,15,0.9,1.9,0,1,21,67,58.8,10,7,58.8% (10/7),88
Ludovic Blas,Rennes,"MF,FW",2293,184,5.0,4.6,6,8,83,116,22.9,11,37,22.9% (11/37),199
Seko Fofana,Rennes,MF,844,38,1.8,1.2,1,1,32,72,70.0,7,3,70.0% (7/3),104
Aimen Moueffek,Saint-Étienne,MF,1039,31,1.1,1.1,0,1,20,43,34.6,9,17,34.6% (9/17),63
Augustine Boakye,Saint-Étienne,"FW,MF",733,60,1.8,0.9,3,0,25,35,26.3,5,14,26.3% (5/14),60
Benjamin Bouchouari,Saint-Étienne,MF,1772,54,0.6,0.9,1,0,48,133,26.1,6,17,26.1% (6/17),181
Florian Tardieu,Saint-Étienne,MF,1252,44,0.6,1.3,2,4,11,139,63.6,14,8,63.6% (14/8),150
Ibrahim Sissoko,Saint-Étienne,FW,819,36,4.3,0.6,2,1,14,12,38.2,26,42,38.2% (26/42),26
Irvin Cardona,Saint-Étienne,FW,1063,135,4.5,1.4,5,3,30,32,55.6,10,8,55.6% (10/8),62
Louis Mouton,Saint-Étienne,MF,1045,51,1.3,1.3,0,1,18,54,31.3,5,11,31.3% (5/11),72
Lucas Stassin,Saint-Étienne,FW,1887,149,7.0,3.4,12,4,26,35,34.1,15,29,34.1% (15/29),61
Mathieu Cafaro,Saint-Étienne,"MF,FW",732,51,1.5,1.3,1,0,19,16,42.9,3,4,42.9% (3/4),35
Mathis Amougou,Saint-Étienne,MF,859,17,0.5,0.4,0,0,8,36,20.0,3,12,20.0% (3/12),44
Pierre Ekwah Elimby,Saint-Étienne,MF,2575,21,0.7,1.0,1,0,20,146,69.8,30,13,69.8% (30/13),166
Zuriko Davitashvili,Saint-Étienne,"FW,MF",2778,224,8.1,4.7,7,8,95,73,23.0,14,47,23.0% (14/47),168
Andrey Santos,Strasbourg,MF,2855,26,5.1,3.3,10,3,29,149,60.7,37,24,60.7% (37/24),178
Emanuel Emegha,Strasbourg,FW,2293,104,17.0,2.4,14,3,37,14,40.0,26,39,40.0% (26/39),51
Félix Lemaréchal,Strasbourg,"MF,FW",1779,90,3.5,2.9,4,3,35,58,35.9,14,25,35.9% (14/25),93
Habib Diarra,Strasbourg,"MF,FW",2352,114,3.3,4.5,2,5,61,116,42.9,12,16,42.9% (12/16),177
Sebastian Nanasi,Strasbourg,"MF,FW",2107,127,6.5,4.9,6,4,53,126,21.4,3,11,21.4% (3/11),179
Sekou Mara,Strasbourg,"FW,MF",768,47,2.0,1.0,1,1,9,11,45.2,19,23,45.2% (19/23),20
Cristian Cásseres Jr.,Toulouse,MF,2696,46,1.0,2.6,1,3,31,128,58.5,24,17,58.5% (24/17),159
Frank Magri,Toulouse,"FW,MF",1516,80,6.0,1.5,5,1,17,25,32.8,40,82,32.8% (40/82),42
Joshua King,Toulouse,"FW,MF",1673,108,6.6,2.0,6,3,39,29,40.7,35,51,40.7% (35/51),68
Shavy Babicka,Toulouse,"MF,FW",1186,122,3.9,1.6,4,2,36,21,29.2,7,17,29.2% (7/17),57
Vincent Sierro,Toulouse,MF,2402,27,4.2,3.6,3,1,15,147,47.0,31,35,47.0% (31/35),162
Yann Gboho,Toulouse,"MF,FW",2333,189,5.4,3.5,5,4,116,103,15.6,5,27,15.6% (5/27),219
Zakaria Aboukhlal,Toulouse,"MF,FW",1901,164,10.2,1.6,6,2,34,22,36.7,22,38,36.7% (22/38),56
Alexis Claude-Maurice,Augsburg,"MF,FW",2109,102,4.7,1.2,9,2,59,61,37.8,14,23,37.8% (14/23),120
Arne Maier,Augsburg,MF,938,56,1.5,1.5,0,0,19,44,36.4,4,7,36.4% (4/7),63
Elvis Rexhbeçaj,Augsburg,MF,1785,82,1.4,1.1,1,1,31,94,34.5,10,19,34.5% (10/19),125
Frank Onyeka,Augsburg,MF,2586,71,1.4,1.3,0,1,46,106,43.2,16,21,43.2% (16/21),152
Fredrik Jensen,Augsburg,MF,763,58,0.7,0.7,0,0,16,20,31.6,6,13,31.6% (6/13),36
Kristijan Jakić,Augsburg,MF,2306,49,0.8,1.2,0,1,24,106,53.8,35,30,53.8% (35/30),130
Mert Kömür,Augsburg,MF,654,46,1.1,1.5,2,1,18,11,37.9,11,18,37.9% (11/18),29
Phillip Tietz,Augsburg,FW,1686,113,6.1,1.2,6,2,8,29,47.9,78,85,47.9% (78/85),37
Samuel Essende,Augsburg,FW,1636,118,4.2,1.3,7,2,33,21,43.8,57,73,43.8% (57/73),54
Aleksandar Pavlovic,Bayern Munich,MF,1451,33,0.6,0.2,1,0,15,128,54.5,12,10,54.5% (12/10),143
Harry Kane,Bayern Munich,FW,2381,143,20.3,5.3,17,9,29,97,59.2,29,20,59.2% (29/20),126
Jamal Musiala,Bayern Munich,MF,1798,156,9.3,4.5,12,2,71,107,33.3,7,14,33.3% (7/14),178
Joshua Kimmich,Bayern Munich,MF,2847,77,1.8,7.4,3,7,51,362,57.1,12,9,57.1% (12/9),413
João Palhinha,Bayern Munich,MF,673,7,0.7,0.2,0,0,3,32,64.5,20,11,64.5% (20/11),35
Kingsley Coman,Bayern Munich,FW,1282,215,4.3,3.3,5,4,66,45,40.7,11,16,40.7% (11/16),111
Leroy Sané,Bayern Munich,FW,1637,266,10.2,5.5,11,5,75,64,53.8,7,6,53.8% (7/6),139
Michael Olise,Bayern Munich,"FW,MF",2334,381,9.7,12.0,12,15,119,184,47.8,11,12,47.8% (11/12),303
Serge Gnabry,Bayern Munich,"FW,MF",1242,149,7.5,5.1,7,5,44,48,28.6,4,10,28.6% (4/10),92
Thomas Müller,Bayern Munich,"MF,FW",1225,143,3.8,2.9,1,4,24,50,39.6,19,29,39.6% (19/29),74
Anthony Losilla,Bochum,MF,1137,11,0.1,0.4,0,0,3,45,55.8,29,23,55.8% (29/23),48
Dani de Wit,Bochum,"MF,FW",1153,37,2.1,0.5,2,1,5,33,46.1,41,48,46.1% (41/48),38
Giorgos Masouras,Bochum,"FW,MF",1055,82,3.9,1.1,2,1,26,19,41.9,26,36,41.9% (26/36),45
Ibrahima Sissoko,Bochum,MF,2610,69,1.7,1.6,2,1,35,105,58.5,76,54,58.5% (76/54),140
Matúš Bero,Bochum,MF,2565,111,4.0,3.7,5,2,29,143,33.8,22,43,33.8% (22/43),172
Moritz Broschinski,Bochum,"FW,MF",1390,130,4.2,1.8,1,3,37,20,42.5,31,42,42.5% (31/42),57
Myron Boadu,Bochum,FW,1042,70,7.7,1.1,8,1,12,18,48.7,19,20,48.7% (19/20),30
Philipp Hofmann,Bochum,FW,2277,112,5.5,3.3,3,3,8,53,56.6,164,126,56.6% (164/126),61
Tom Krauß,Bochum,MF,1077,20,0.4,0.7,0,0,16,84,52.9,9,8,52.9% (9/8),100
Donyell Malen,Dortmund,"FW,MF",614,75,2.9,0.2,3,0,23,17,25.0,1,3,25.0% (1/3),40
Felix Nmecha,Dortmund,MF,1509,27,1.3,1.1,4,1,21,85,53.5,23,20,53.5% (23/20),106
Jamie Gittens,Dortmund,"FW,MF",1776,180,3.6,2.5,8,3,113,42,41.7,5,7,41.7% (5/7),155
Julian Brandt,Dortmund,MF,2303,199,4.8,8.5,5,10,61,149,27.5,11,29,27.5% (11/29),210
Karim Adeyemi,Dortmund,"FW,MF",1433,153,5.5,6.0,7,6,68,28,40.9,9,13,40.9% (9/13),96
Marcel Sabitzer,Dortmund,MF,1616,70,1.8,1.6,1,0,24,97,56.7,17,13,56.7% (17/13),121
Maximilian Beier,Dortmund,"FW,MF",1591,124,7.7,3.3,8,5,24,33,53.5,23,20,53.5% (23/20),57
Serhou Guirassy,Dortmund,FW,2598,128,22.7,3.9,18,4,25,43,52.9,109,97,52.9% (109/97),68
Can Uzun,Eint Frankfurt,"MF,FW",675,45,3.0,1.1,4,1,11,42,62.5,5,3,62.5% (5/3),53
Ellyes Skhiri,Eint Frankfurt,MF,2231,27,1.4,1.4,1,2,17,105,50.0,19,19,50.0% (19/19),122
Fares Chaïbi,Eint Frankfurt,"MF,FW",1013,73,2.6,2.9,1,3,20,52,43.2,16,21,43.2% (16/21),72
Hugo Ekitike,Eint Frankfurt,FW,2563,215,21.6,6.8,14,8,93,53,46.8,52,59,46.8% (52/59),146
Hugo Larsson,Eint Frankfurt,MF,2393,33,3.1,2.1,3,1,16,121,48.1,13,14,48.1% (13/14),137
Jean Mattéo Bahoya,Eint Frankfurt,"MF,FW",921,93,1.9,1.7,2,3,24,28,65.0,13,7,65.0% (13/7),52
Mario Götze,Eint Frankfurt,"MF,FW",1542,96,2.9,3.1,3,2,29,88,23.1,3,10,23.1% (3/10),117
Omar Marmoush,Eint Frankfurt,FW,1448,125,8.8,6.2,13,9,73,50,33.3,7,14,33.3% (7/14),123
Oscar Højlund,Eint Frankfurt,MF,722,9,1.0,1.1,1,0,17,49,29.2,7,17,29.2% (7/17),66
Eren Dinkçi,Freiburg,"MF,FW",1196,71,1.1,2.2,0,3,33,35,30.0,6,14,30.0% (6/14),68
Junior Adamu,Freiburg,FW,1545,84,5.5,2.4,2,2,8,14,32.9,53,108,32.9% (53/108),22
Lucas Höler,Freiburg,"FW,MF",1867,122,7.7,2.9,6,4,21,47,56.7,80,61,56.7% (80/61),68
Maximilian Eggestein,Freiburg,MF,2845,41,2.0,1.5,2,0,34,141,51.7,60,56,51.7% (60/56),175
Merlin Röhl,Freiburg,"MF,FW",965,60,0.8,1.7,0,1,20,22,29.2,14,34,29.2% (14/34),42
Michael Gregoritsch,Freiburg,FW,639,36,1.8,0.4,2,1,6,19,47.7,31,34,47.7% (31/34),25
Nicolas Höfler,Freiburg,MF,794,3,0.2,0.1,0,0,1,30,65.1,28,15,65.1% (28/15),31
Patrick Osterhage,Freiburg,MF,2267,50,1.7,1.4,1,0,26,73,46.3,31,36,46.3% (31/36),99
Ritsu Doan,Freiburg,"FW,MF",2862,178,6.6,3.7,10,7,64,130,30.8,16,36,30.8% (16/36),194
Vincenzo Grifo,Freiburg,"FW,MF",2432,147,7.9,6.9,8,11,58,128,48.4,15,16,48.4% (15/16),186
Alassane Pléa,Gladbach,"MF,FW",1902,141,7.4,3.1,10,4,51,116,31.9,15,32,31.9% (15/32),167
Franck Honorat,Gladbach,FW,1439,124,4.5,5.3,4,7,63,45,42.9,9,12,42.9% (9/12),108
Julian Weigl,Gladbach,MF,2881,9,0.7,1.1,0,2,11,122,67.2,39,19,67.2% (39/19),133
Kevin Stöger,Gladbach,MF,1551,95,3.9,5.3,1,3,40,121,25.0,5,15,25.0% (5/15),161
Nathan N'Goumou,Gladbach,FW,828,85,1.9,1.3,2,1,30,16,34.6,9,17,34.6% (9/17),46
Philipp Sander,Gladbach,MF,1400,29,1.2,0.6,1,0,16,60,62.7,32,19,62.7% (32/19),76
Robin Hack,Gladbach,"FW,MF",2172,141,5.4,3.6,4,7,51,95,41.3,19,27,41.3% (19/27),146
Rocco Reitz,Gladbach,MF,1830,30,1.7,2.1,2,1,18,91,52.9,18,16,52.9% (18/16),109
Tim Kleindienst,Gladbach,FW,2737,145,13.6,6.2,15,7,45,63,54.8,149,123,54.8% (149/123),108
Tomáš Čvančara,Gladbach,FW,831,50,3.8,0.9,2,0,15,23,44.8,13,16,44.8% (13/16),38
Adrian Beck,Heidenheim,"MF,FW",1598,83,3.3,1.2,4,1,37,69,59.2,29,20,59.2% (29/20),106
Budu Zivzivadze,Heidenheim,FW,958,43,1.7,1.5,2,3,11,20,26.7,23,63,26.7% (23/63),31
Jan Schöppner,Heidenheim,MF,2681,48,3.9,3.4,4,3,35,107,48.7,57,60,48.7% (57/60),142
Lennard Maloney,Heidenheim,MF,760,0,0.3,0.0,0,0,1,14,57.1,16,12,57.1% (16/12),15
Léo Scienza,Heidenheim,"FW,MF",1153,90,2.0,3.7,3,3,70,30,18.8,3,13,18.8% (3/13),100
Marvin Pieringer,Heidenheim,"FW,MF",2206,115,8.9,4.0,4,4,23,59,37.1,73,124,37.1% (73/124),82
Niklas Dorsch,Heidenheim,MF,1335,21,1.0,1.1,2,2,13,57,43.8,7,9,43.8% (7/9),70
Paul Wanner,Heidenheim,"MF,FW",1771,65,3.7,1.3,2,2,28,64,40.0,12,18,40.0% (12/18),92
Sirlord Conteh,Heidenheim,"FW,MF",892,75,2.1,2.6,1,1,29,19,44.4,16,20,44.4% (16/20),48
Adam Hložek,Hoffenheim,"FW,MF",1871,102,5.6,3.5,8,4,54,68,50.6,40,39,50.6% (40/39),122
Andrej Kramarić,Hoffenheim,"MF,FW",2767,202,11.8,4.3,8,8,75,143,25.8,8,23,25.8% (8/23),218
Bazoumana Touré,Hoffenheim,"FW,MF",609,56,1.4,1.9,0,3,24,14,41.4,12,17,41.4% (12/17),38
Dennis Geiger,Hoffenheim,"MF,FW",734,21,0.2,0.5,0,0,12,37,33.3,2,4,33.3% (2/4),49
Finn Ole Becker,Hoffenheim,MF,670,7,0.1,0.3,0,1,3,45,77.8,7,2,77.8% (7/2),48
Florian Grillitsch,Hoffenheim,MF,601,4,0.2,0.2,0,0,4,44,31.8,7,15,31.8% (7/15),48
Gift Orban,Hoffenheim,FW,687,35,3.4,0.2,4,0,8,7,37.0,10,17,37.0% (10/17),15
Haris Tabakovic,Hoffenheim,FW,821,45,3.3,1.2,3,1,4,7,54.9,45,37,54.9% (45/37),11
Tom Bischof,Hoffenheim,"MF,FW",2559,102,2.2,3.6,5,2,47,138,42.4,14,19,42.4% (14/19),185
Alexander Bernhardsson,Holstein Kiel,"FW,MF",1263,72,4.1,1.3,7,2,25,33,35.8,19,34,35.8% (19/34),58
Armin Gigovic,Holstein Kiel,MF,1895,45,1.9,2.1,5,1,37,50,48.6,18,19,48.6% (18/19),87
Benedikt Pichler,Holstein Kiel,FW,785,58,2.3,1.1,1,2,18,19,56.9,41,31,56.9% (41/31),37
Jann-Fiete Arp,Holstein Kiel,"FW,MF",713,66,3.8,1.0,1,0,14,21,13.3,2,13,13.3% (2/13),35
Lewis Holtby,Holstein Kiel,MF,1238,34,0.5,1.5,0,1,14,47,40.0,8,12,40.0% (8/12),61
Magnus Knudsen,Holstein Kiel,MF,1850,25,0.7,1.3,0,1,16,54,26.3,10,28,26.3% (10/28),70
Nicolai Remberg,Holstein Kiel,MF,2417,31,1.5,0.8,0,1,25,80,62.3,86,52,62.3% (86/52),105
Phil Harres,Holstein Kiel,FW,1544,71,5.9,1.3,8,1,12,16,45.4,54,65,45.4% (54/65),28
Shuto Machino,Holstein Kiel,"FW,MF",1953,108,6.5,3.0,9,2,30,59,39.1,27,42,39.1% (27/42),89
Steven Skrzybski,Holstein Kiel,"MF,FW",1323,71,3.5,2.9,5,3,17,64,24.0,6,19,24.0% (6/19),81
Aleix García,Leverkusen,MF,1455,47,1.0,4.9,3,4,27,120,27.3,3,8,27.3% (3/8),147
Amine Adli,Leverkusen,"MF,FW",766,100,2.7,0.7,2,0,37,24,44.7,21,26,44.7% (21/26),61
Exequiel Palacios,Leverkusen,MF,1155,40,1.5,2.3,1,6,15,97,11.1,1,8,11.1% (1/8),112
Florian Wirtz,Leverkusen,"MF,FW",2351,309,9.4,7.0,8,12,131,176,20.0,9,36,20.0% (9/36),307
Granit Xhaka,Leverkusen,MF,2888,72,0.9,4.4,2,7,42,318,61.2,41,26,61.2% (41/26),360
Nathan Tella,Leverkusen,"MF,FW",1359,130,3.1,1.5,2,4,38,22,30.6,11,25,30.6% (11/25),60
Patrik Schick,Leverkusen,FW,1684,107,12.7,0.6,20,0,7,21,45.0,45,55,45.0% (45/55),28
Victor Boniface,Leverkusen,FW,1008,61,7.8,1.1,8,1,26,23,59.3,32,22,59.3% (32/22),49
Armindo Sieb,Mainz 05,"FW,MF",762,64,2.8,1.1,2,2,28,18,37.5,15,25,37.5% (15/25),46
Jonathan Burkardt,Mainz 05,FW,2109,157,14.8,3.1,16,2,32,42,19.0,20,85,19.0% (20/85),74
Kaishu Sano,Mainz 05,MF,3043,46,0.9,1.2,0,0,53,159,52.9,83,74,52.9% (83/74),212
Lee Jae-sung,Mainz 05,MF,2650,165,5.3,5.0,7,6,28,105,41.0,50,72,41.0% (50/72),133
Nadiem Amiri,Mainz 05,MF,2473,64,5.5,6.6,5,5,50,204,48.5,16,17,48.5% (16/17),254
Nelson Weiper,Mainz 05,"FW,MF",704,62,4.1,1.9,3,2,12,13,43.6,34,44,43.6% (34/44),25
Paul Nebel,Mainz 05,MF,2345,219,5.8,4.1,10,4,67,91,22.7,17,58,22.7% (17/58),158
Amadou Haidara,RB Leipzig,MF,1320,24,1.4,0.9,0,1,7,65,51.7,30,28,51.7% (30/28),72
Arthur Vermeeren,RB Leipzig,MF,1572,20,0.4,0.9,0,2,14,77,28.6,8,20,28.6% (8/20),91
Benjamin Šeško,RB Leipzig,"FW,MF",2380,141,10.0,2.1,11,5,47,46,58.8,70,49,58.8% (70/49),93
Christoph Baumgartner,RB Leipzig,MF,1610,95,4.5,1.3,2,1,37,53,51.3,41,39,51.3% (41/39),90
Kevin Kampl,RB Leipzig,MF,1593,32,0.8,1.4,1,0,21,106,18.8,3,13,18.8% (3/13),127
Loïs Openda,RB Leipzig,"FW,MF",2453,229,9.0,3.4,9,5,58,47,38.0,19,31,38.0% (19/31),105
Xavi Simons,RB Leipzig,MF,2150,185,5.1,6.3,10,6,85,140,42.2,19,26,42.2% (19/26),225
Carlo Boukhalfa,St. Pauli,MF,1646,44,1.5,1.1,2,0,10,41,35.4,23,42,35.4% (23/42),51
Danel Sinani,St. Pauli,"FW,MF",1250,64,1.7,3.0,2,2,16,60,23.8,10,32,23.8% (10/32),76
Elias Saad,St. Pauli,"FW,MF",900,76,2.8,0.8,3,2,29,27,26.7,8,22,26.7% (8/22),56
Jackson Irvine,St. Pauli,MF,2610,58,3.2,3.9,0,6,19,117,56.7,85,65,56.7% (85/65),136
Johannes Eggestein,St. Pauli,FW,1853,138,4.7,2.1,2,4,25,43,24.8,28,85,24.8% (28/85),68
Morgan Guilavogui,St. Pauli,"FW,MF",1807,135,7.1,1.9,6,2,42,41,46.8,66,75,46.8% (66/75),83
Noah Weißhaupt,St. Pauli,"FW,MF",1160,94,2.1,1.8,1,0,42,33,44.1,15,19,44.1% (15/19),75
Oladapo Afolayan,St. Pauli,"FW,MF",1639,108,3.1,3.8,3,1,53,32,29.7,19,45,29.7% (19/45),85
Angelo Stiller,Stuttgart,MF,2741,69,1.8,7.2,1,8,39,289,39.1,18,28,39.1% (18/28),328
Atakan Karazor,Stuttgart,MF,2618,33,2.3,2.6,2,4,19,140,56.4,57,44,56.4% (57/44),159
Chris Führich,Stuttgart,"MF,FW",1981,202,2.9,3.7,2,3,114,95,38.5,5,8,38.5% (5/8),209
Deniz Undav,Stuttgart,"FW,MF",1726,141,11.7,3.6,9,3,31,70,40.4,21,31,40.4% (21/31),101
Enzo Millot,Stuttgart,"MF,FW",1843,123,7.6,3.1,6,5,44,118,29.6,8,19,29.6% (8/19),162
Ermedin Demirović,Stuttgart,FW,1855,115,14.1,1.9,15,1,20,31,42.0,34,47,42.0% (34/47),51
Fabian Rieder,Stuttgart,"MF,FW",867,61,1.4,2.0,1,3,20,38,23.5,4,13,23.5% (4/13),58
Jamie Leweling,Stuttgart,"MF,FW",1663,164,1.6,3.8,2,2,55,51,60.0,6,4,60.0% (6/4),106
Nick Woltemade,Stuttgart,"FW,MF",1622,141,10.2,4.6,10,2,31,52,43.1,47,62,43.1% (47/62),83
Aljoscha Kemlein,Union Berlin,MF,922,19,0.9,0.6,1,0,5,42,57.6,19,14,57.6% (19/14),47
Andrej Ilic,Union Berlin,FW,937,59,4.9,0.3,6,0,5,13,48.1,52,56,48.1% (52/56),18
András Schäfer,Union Berlin,MF,1534,42,0.6,0.9,1,1,23,55,59.6,28,19,59.6% (28/19),78
Benedict Hollerbach,Union Berlin,"FW,MF",2540,214,7.0,1.6,9,1,103,68,30.9,29,65,30.9% (29/65),171
Jeong Woo-yeong,Union Berlin,"MF,FW",1263,93,2.8,1.7,3,2,32,63,34.1,14,27,34.1% (14/27),95
Jordan Pefok,Union Berlin,FW,908,40,3.2,0.9,0,1,3,12,55.7,44,35,55.7% (44/35),15
Rani Khedira,Union Berlin,MF,2723,34,1.4,0.6,1,1,12,80,50.0,42,42,50.0% (42/42),92
Tim Skarke,Union Berlin,"FW,MF",1164,96,2.1,1.2,0,2,26,25,20.0,10,40,20.0% (10/40),51
Yorbe Vertessen,Union Berlin,"MF,FW",718,42,1.3,1.6,1,0,18,16,35.3,6,11,35.3% (6/11),34
Jens Stage,Werder Bremen,MF,2204,89,7.2,2.8,10,5,28,104,56.7,34,26,56.7% (34/26),132
Justin Njinmah,Werder Bremen,"FW,MF",952,103,3.7,1.6,3,2,33,23,42.9,15,20,42.9% (15/20),56
Leonardo Bittencourt,Werder Bremen,MF,982,38,1.6,1.6,2,1,19,64,25.0,5,15,25.0% (5/15),83
Marco Grüll,Werder Bremen,"FW,MF",1181,93,4.0,1.8,6,1,24,38,20.8,5,19,20.8% (5/19),62
Marvin Ducksch,Werder Bremen,FW,2418,166,10.1,8.5,7,8,26,86,39.6,19,29,39.6% (19/29),112
Oliver Burke,Werder Bremen,FW,908,88,4.1,1.7,5,0,22,15,65.6,40,21,65.6% (40/21),37
Romano Schmid,Werder Bremen,MF,2834,201,4.3,6.2,4,4,107,279,45.1,23,28,45.1% (23/28),386
Senne Lynen,Werder Bremen,MF,2733,28,1.1,0.6,0,1,9,91,47.2,25,28,47.2% (25/28),100
Bence Dárdai,Wolfsburg,MF,1304,24,1.0,1.0,1,1,5,39,40.0,10,15,40.0% (10/15),44
Jonas Wind,Wolfsburg,"FW,MF",1966,94,5.7,4.2,8,3,17,100,49.5,98,100,49.5% (98/100),117
Mattias Svanberg,Wolfsburg,MF,1219,39,3.6,1.7,3,1,11,36,37.5,12,20,37.5% (12/20),47
Maximilian Arnold,Wolfsburg,MF,2356,16,0.9,3.5,3,5,9,128,37.8,14,23,37.8% (14/23),137
Mohamed Amoura,Wolfsburg,FW,2467,244,8.7,4.0,8,9,81,61,29.7,19,45,29.7% (19/45),142
Patrick Wimmer,Wolfsburg,"MF,FW",1770,75,3.7,2.9,3,4,46,91,42.4,36,49,42.4% (36/49),137
Ridle Baku,Wolfsburg,"FW,MF",1170,78,1.5,1.3,2,1,16,44,23.8,5,16,23.8% (5/16),60
Tiago Tomás,Wolfsburg,"FW,MF",1884,125,5.4,2.6,6,1,31,50,23.1,9,30,23.1% (9/30),81
Ademola Lookman,Atalanta,"MF,FW",2247,316,10.3,7.1,14,5,142,73,56.7,17,13,56.7% (17/13),215
Charles De Ketelaere,Atalanta,"MF,FW",2070,211,7.3,6.0,7,7,108,140,48.6,36,38,48.6% (36/38),248
Lazar Samardzic,Atalanta,MF,1169,99,2.0,2.9,2,1,54,92,14.8,4,23,14.8% (4/23),146
Marco Brescianini,Atalanta,MF,991,69,3.1,1.0,4,2,46,36,54.5,12,10,54.5% (12/10),82
Mario Pašalić,Atalanta,MF,1967,68,6.6,3.3,3,4,44,149,50.8,30,29,50.8% (30/29),193
Mateo Retegui,Atalanta,FW,2383,199,18.9,4.9,21,8,21,46,42.9,51,68,42.9% (51/68),67
Éderson,Atalanta,MF,2881,79,4.1,4.3,4,1,40,216,59.6,53,36,59.6% (53/36),256
Benjamín Domínguez,Bologna,FW,1281,123,2.2,0.8,3,2,50,32,8.7,2,21,8.7% (2/21),82
Dan Ndoye,Bologna,FW,2143,231,7.0,3.8,6,4,132,74,40.0,14,21,40.0% (14/21),206
Giovanni Fabbian,Bologna,MF,1023,43,2.3,1.3,3,1,14,17,35.2,19,35,35.2% (19/35),31
Jens Odgaard,Bologna,"MF,FW",1952,99,3.6,1.8,6,1,35,50,41.0,43,62,41.0% (43/62),85
Lewis Ferguson,Bologna,MF,983,26,1.0,1.1,0,1,20,53,53.3,16,14,53.3% (16/14),73
Michel Aebischer,Bologna,MF,724,17,0.4,0.4,0,0,8,33,35.7,5,9,35.7% (5/9),41
Nicolò Cambiaghi,Bologna,FW,620,63,0.8,1.9,1,3,45,25,27.3,3,8,27.3% (3/8),70
Nikola Moro,Bologna,MF,1208,21,0.5,0.8,0,2,17,93,51.5,17,16,51.5% (17/16),110
Remo Freuler,Bologna,MF,3204,56,1.3,1.5,1,2,39,208,50.0,28,28,50.0% (28/28),247
Riccardo Orsolini,Bologna,FW,1878,186,10.1,3.7,12,4,61,69,54.8,23,19,54.8% (23/19),130
Santiago Castro,Bologna,FW,2294,136,7.7,2.9,8,4,17,39,35.2,37,68,35.2% (37/68),56
Thijs Dallinga,Bologna,FW,1154,84,4.3,0.6,3,2,9,17,53.2,41,36,53.2% (41/36),26
Tommaso Pobega,Bologna,MF,1178,23,2.1,1.4,2,2,12,42,46.7,14,16,46.7% (14/16),54
Alessandro Deiola,Cagliari,MF,1432,36,1.7,0.6,2,1,11,40,56.1,37,29,56.1% (37/29),51
Antoine Makoumbou,Cagliari,MF,2150,14,0.3,0.9,0,3,11,92,18.2,4,18,18.2% (4/18),103
Gianluca Gaetano,Cagliari,"MF,FW",1009,82,4.9,2.2,2,4,11,41,33.3,10,20,33.3% (10/20),52
Mattia Felici,Cagliari,"MF,FW",925,75,0.6,1.0,0,3,39,19,41.2,7,10,41.2% (7/10),58
Michel Ndary Adopo,Cagliari,MF,2409,61,1.1,2.3,1,1,20,106,54.7,29,24,54.7% (29/24),126
Nicolas Viola,Cagliari,"FW,MF",1267,70,2.2,1.9,3,1,21,46,46.7,21,24,46.7% (21/24),67
Roberto Piccoli,Cagliari,FW,3127,165,12.7,0.9,9,1,30,37,42.8,110,147,42.8% (110/147),67
Răzvan Marin,Cagliari,MF,1406,29,2.4,3.6,1,2,22,84,34.6,9,17,34.6% (9/17),106
Zito Luvumbo,Cagliari,"FW,MF",1606,125,2.1,3.1,2,2,70,31,26.1,6,17,26.1% (6/17),101
Assane Diao,Como,"FW,MF",1252,116,4.0,0.4,8,1,50,36,32.0,16,34,32.0% (16/34),86
Gabriel Strefezza,Como,"FW,MF",2619,190,3.7,3.9,6,4,80,106,29.4,10,24,29.4% (10/24),186
Lucas Da Cunha,Como,MF,2613,85,2.0,3.8,3,2,63,154,39.0,16,25,39.0% (16/25),217
Maxence Caqueret,Como,MF,1087,46,0.8,1.5,2,3,15,76,23.1,3,10,23.1% (3/10),91
Máximo Perrone,Como,MF,1857,19,0.9,2.2,0,3,16,98,44.0,11,14,44.0% (11/14),114
Nicolás Paz,Como,"MF,FW",2687,171,9.3,6.0,6,8,77,163,57.4,31,23,57.4% (31/23),240
Patrick Cutrone,Como,FW,2047,155,7.1,2.1,7,4,53,31,25.8,23,66,25.8% (23/66),84
Sergi Roberto,Como,MF,696,19,0.7,0.7,0,1,10,36,43.8,7,9,43.8% (7/9),46
Alberto Grassi,Empoli,MF,2203,24,1.0,0.8,1,0,18,74,58.0,29,21,58.0% (29/21),92
Faustino Anjorin,Empoli,MF,1114,35,0.9,1.7,2,3,28,55,37.5,9,15,37.5% (9/15),83
Jacopo Fazzini,Empoli,MF,1383,88,3.1,0.5,4,1,34,49,44.2,19,24,44.2% (19/24),83
Liam Henderson,Empoli,MF,2337,54,0.7,3.9,0,4,18,108,39.4,13,20,39.4% (13/20),126
Lorenzo Colombo,Empoli,"FW,MF",2233,116,5.9,2.9,5,2,27,48,30.5,53,121,30.5% (53/121),75
Ola Solbakken,Empoli,"MF,FW",760,32,0.8,0.4,0,0,18,20,32.1,9,19,32.1% (9/19),38
Sebastiano Esposito,Empoli,"FW,MF",2331,106,5.7,2.1,7,0,31,93,31.7,26,56,31.7% (26/56),124
Youssef Maleh,Empoli,MF,1510,37,0.9,0.9,0,1,10,72,33.3,9,18,33.3% (9/18),82
Albert Guðmundsson,Fiorentina,"FW,MF",1273,59,4.5,1.8,4,1,35,37,25.0,4,12,25.0% (4/12),72
Amir Richardson,Fiorentina,MF,1099,31,0.9,0.6,1,1,19,47,54.3,19,16,54.3% (19/16),66
Andrea Colpani,Fiorentina,"FW,MF",1450,129,2.7,1.3,2,1,37,57,40.0,10,15,40.0% (10/15),94
Christian Kouamé,Fiorentina,"FW,MF",622,46,1.1,1.5,0,1,7,16,60.4,29,19,60.4% (29/19),23
Danilo Cataldi,Fiorentina,MF,1728,16,1.1,0.8,3,0,18,90,54.5,6,5,54.5% (6/5),108
Edoardo Bove,Fiorentina,"MF,FW",851,24,0.6,1.5,1,2,12,37,42.3,11,15,42.3% (11/15),49
Lucas Beltrán,Fiorentina,"FW,MF",1953,94,5.4,3.0,3,4,23,64,37.6,32,53,37.6% (32/53),87
Michael Folorunsho,Fiorentina,"FW,MF",650,33,1.1,0.6,0,0,13,21,59.3,16,11,59.3% (16/11),34
Moise Kean,Fiorentina,FW,2704,143,19.4,1.9,18,3,42,26,51.5,51,48,51.5% (51/48),68
Nicolò Fagioli,Fiorentina,MF,962,19,0.5,3.0,1,2,15,50,20.0,1,4,20.0% (1/4),65
Riccardo Sottil,Fiorentina,"FW,MF",833,100,0.9,0.9,1,1,71,18,30.8,4,9,30.8% (4/9),89
Rolando Mandragora,Fiorentina,MF,1931,34,2.7,4.8,3,3,11,92,46.7,14,16,46.7% (14/16),103
Yacine Adli,Fiorentina,MF,1234,30,1.0,2.4,4,6,24,103,23.8,5,16,23.8% (5/16),127
Andrea Pinamonti,Genoa,FW,2850,132,7.7,1.7,10,1,20,46,42.8,83,111,42.8% (83/111),66
Fabio Miretti,Genoa,"MF,FW",1677,100,3.1,2.0,3,3,33,54,32.4,11,23,32.4% (11/23),87
Jeff Ekhator,Genoa,"FW,MF",769,51,1.3,1.0,1,1,4,14,31.9,15,32,31.9% (15/32),18
Junior Messias,Genoa,"MF,FW",847,49,2.4,0.7,1,1,32,32,35.0,14,26,35.0% (14/26),64
Milan Badelj,Genoa,MF,1472,14,1.0,1.1,1,0,8,83,62.5,10,6,62.5% (10/6),91
Morten Frendrup,Genoa,MF,3103,29,1.6,0.9,2,0,24,106,44.8,30,37,44.8% (30/37),130
Morten Thorsby,Genoa,"MF,FW",1898,76,2.8,2.1,0,1,24,58,51.9,107,99,51.9% (107/99),82
Patrizio Masini,Genoa,MF,1538,27,0.4,0.2,1,0,16,44,53.8,28,24,53.8% (28/24),60
Vitinha,Genoa,"FW,MF",1328,71,1.6,3.3,2,3,38,19,52.5,31,28,52.5% (31/28),57
Amin Sarr,Hellas Verona,FW,1907,103,3.2,2.1,4,1,31,41,41.7,65,91,41.7% (65/91),72
Casper Tengstedt,Hellas Verona,FW,1517,85,5.3,0.9,5,1,29,29,24.7,20,61,24.7% (20/61),58
Cheikh Tidiane Niasse,Hellas Verona,MF,755,15,0.4,0.1,0,0,5,25,47.5,19,21,47.5% (19/21),30
Dailon Livramento,Hellas Verona,"FW,MF",940,67,1.8,0.9,1,1,23,13,38.6,32,51,38.6% (32/51),36
Daniel Mosquera,Hellas Verona,FW,1375,83,6.6,1.3,5,1,17,25,47.0,79,89,47.0% (79/89),42
Grigoris Kastanos,Hellas Verona,"MF,FW",872,27,1.0,1.7,1,1,12,34,46.9,15,17,46.9% (15/17),46
Ondrej Duda,Hellas Verona,MF,2395,26,1.0,3.2,1,3,23,117,48.3,14,15,48.3% (14/15),140
Reda Belahyane,Hellas Verona,MF,1658,13,0.2,1.0,0,2,22,73,25.0,5,15,25.0% (5/15),95
Suat Serdar,Hellas Verona,MF,1376,35,1.9,1.0,2,1,18,56,50.0,14,14,50.0% (14/14),74
Tomáš Suslov,Hellas Verona,"MF,FW",2080,77,1.6,1.9,0,1,39,82,16.7,5,25,16.7% (5/25),121
Davide Frattesi,Inter,MF,1225,50,4.0,0.8,5,1,23,31,43.5,10,13,43.5% (10/13),54
Hakan Çalhanoğlu,Inter,MF,1947,51,4.4,5.6,2,6,52,173,47.1,16,18,47.1% (16/18),225
Henrikh Mkhitaryan,Inter,MF,2396,93,1.5,2.7,1,4,72,199,63.9,23,13,63.9% (23/13),271
Joaquín Correa,Inter,"FW,MF",731,45,2.1,2.0,2,2,22,42,25.0,6,18,25.0% (6/18),64
Kristjan Asllani,Inter,MF,988,20,2.5,1.9,0,2,7,55,57.1,4,3,57.1% (4/3),62
Lautaro Martínez,Inter,FW,2564,197,13.5,4.3,12,3,34,68,47.9,35,38,47.9% (35/38),102
Marcus Thuram,Inter,FW,2290,170,9.9,4.4,14,4,62,53,57.0,45,34,57.0% (45/34),115
Mehdi Taremi,Inter,FW,816,47,3.5,1.6,0,2,10,25,44.2,19,24,44.2% (19/24),35
Nicolò Barella,Inter,MF,2493,133,2.2,4.5,3,6,63,235,51.0,26,25,51.0% (26/25),298
Piotr Zieliński,Inter,MF,980,24,2.6,0.9,0,2,26,65,75.0,9,3,75.0% (9/3),91
Dušan Vlahović,Juventus,FW,1784,117,12.3,1.3,6,4,27,22,48.1,39,42,48.1% (39/42),49
Francisco Conceição,Juventus,"FW,MF",1340,143,2.3,4.3,3,3,95,35,18.2,2,9,18.2% (2/9),130
Kenan Yıldız,Juventus,"FW,MF",2402,223,4.3,5.0,7,4,115,121,23.5,8,26,23.5% (8/26),236
Khéphren Thuram,Juventus,MF,2326,52,3.5,3.6,4,5,74,123,49.1,28,29,49.1% (28/29),197
Manuel Locatelli,Juventus,MF,2822,33,1.8,2.5,1,2,33,294,61.4,35,22,61.4% (35/22),327
Nicolás González,Juventus,"FW,MF",1750,123,4.1,1.1,3,2,35,69,55.7,59,47,55.7% (59/47),104
Randal Kolo Muani,Juventus,FW,1160,100,4.7,1.6,7,1,21,20,27.0,10,27,27.0% (10/27),41
Samuel Mbangula,Juventus,FW,709,44,0.6,1.4,3,3,25,17,22.2,2,7,22.2% (2/7),42
Teun Koopmeiners,Juventus,"MF,FW",1994,127,3.9,2.9,3,3,32,89,50.0,22,22,50.0% (22/22),121
Boulaye Dia,Lazio,"MF,FW",2177,114,7.1,4.2,9,3,23,51,27.3,21,56,27.3% (21/56),74
Fisayo Dele-Bashiru,Lazio,"MF,FW",947,57,1.1,0.8,3,1,23,26,18.8,3,13,18.8% (3/13),49
Gustav Isaksen,Lazio,FW,2210,249,5.2,2.1,4,2,95,46,35.1,13,24,35.1% (13/24),141
Loum Tchaouna,Lazio,"FW,MF",660,66,2.5,0.6,1,0,22,20,16.1,5,26,16.1% (5/26),42
Mattia Zaccagni,Lazio,FW,2686,264,6.4,4.6,6,6,91,114,47.5,19,21,47.5% (19/21),205
Mattéo Guendouzi,Lazio,MF,3270,64,1.4,3.2,1,3,89,316,45.0,18,22,45.0% (18/22),405
Matías Vecino,Lazio,MF,877,14,2.3,2.4,2,3,4,29,51.7,30,28,51.7% (30/28),33
Nicolò Rovella,Lazio,MF,2718,42,1.5,2.2,0,3,45,159,36.7,11,19,36.7% (11/19),204
Pedro,Lazio,"FW,MF",1102,89,5.3,1.7,8,1,48,76,14.3,1,6,14.3% (1/6),124
Tijjani Noslin,Lazio,"FW,MF",861,56,2.0,1.6,2,2,13,16,48.2,27,29,48.2% (27/29),29
Valentín Castellanos,Lazio,FW,2384,149,13.4,3.6,8,3,27,66,53.1,68,60,53.1% (68/60),93
Ante Rebić,Lecce,"FW,MF",788,63,2.1,2.1,1,0,17,36,42.2,27,37,42.2% (27/37),53
Balthazar Pierret,Lecce,MF,1723,13,0.2,0.4,0,0,13,82,45.0,27,33,45.0% (27/33),95
Hamza Rafia,Lecce,MF,1058,32,0.5,1.4,0,0,13,51,27.8,5,13,27.8% (5/13),64
Lameck Banda,Lecce,"FW,MF",610,46,1.2,1.1,0,1,27,7,13.3,2,13,13.3% (2/13),34
Lassana Coulibaly,Lecce,MF,2667,49,0.8,0.9,1,0,21,93,43.1,31,41,43.1% (31/41),114
Medon Berisha,Lecce,MF,716,17,0.7,0.6,0,1,13,42,50.0,7,7,50.0% (7/7),55
Nikola Krstović,Lecce,FW,3057,149,12.1,2.9,9,5,42,56,41.6,91,128,41.6% (91/128),98
Santiago Pierotti,Lecce,FW,1937,85,3.1,2.4,4,2,43,38,44.5,49,61,44.5% (49/61),81
Tete Morente,Lecce,"FW,MF",2021,144,2.9,1.6,3,2,48,102,61.7,37,23,61.7% (37/23),150
Ylber Ramadani,Lecce,MF,1807,7,0.6,1.1,1,1,9,60,37.5,15,25,37.5% (15/25),69
Þórir Jóhann Helgason,Lecce,MF,1156,58,1.2,1.1,0,4,20,38,50.0,17,17,50.0% (17/17),58
Christian Pulisic,Milan,"FW,MF",2478,191,12.0,6.4,8,9,121,105,20.8,11,42,20.8% (11/42),226
João Félix,Milan,MF,760,56,2.7,1.2,2,0,20,40,50.0,7,7,50.0% (7/7),60
Rafael Leão,Milan,FW,2323,262,7.6,8.4,8,8,123,93,56.5,26,20,56.5% (26/20),216
Ruben Loftus-Cheek,Milan,MF,1037,32,0.7,1.9,0,0,27,51,62.1,18,11,62.1% (18/11),78
Samuel Chukwueze,Milan,"FW,MF",925,116,2.7,3.0,3,2,48,36,37.5,6,10,37.5% (6/10),84
Santiago Giménez,Milan,FW,669,38,4.8,0.9,5,2,13,6,38.9,7,11,38.9% (7/11),19
Tammy Abraham,Milan,FW,1183,69,7.1,2.2,2,4,8,26,52.2,36,33,52.2% (36/33),34
Tijjani Reijnders,Milan,MF,3128,121,7.5,3.5,10,4,111,230,25.0,5,15,25.0% (5/15),341
Youssouf Fofana,Milan,MF,2504,32,1.3,3.4,1,6,44,176,34.4,11,21,34.4% (11/21),220
Yunus Musah,Milan,"MF,FW",1571,74,1.9,1.8,0,2,51,84,36.4,8,14,36.4% (8/14),135
Álvaro Morata,Milan,"FW,MF",1099,63,3.9,0.8,5,0,18,26,41.2,14,20,41.2% (14/20),44
Alessandro Bianco,Monza,MF,2600,24,1.3,1.2,1,0,35,125,36.4,16,28,36.4% (16/28),160
Daniel Maldini,Monza,"MF,FW",1306,66,4.8,0.9,3,0,41,34,44.9,22,27,44.9% (22/27),75
Dany Mota,Monza,"FW,MF",2104,139,5.1,1.8,5,2,53,47,45.8,60,71,45.8% (60/71),100
Gianluca Caprari,Monza,"MF,FW",1651,104,4.2,2.4,1,2,43,81,22.2,4,14,22.2% (4/14),124
Jean-Daniel Akpa-Akpro,Monza,MF,966,22,0.3,0.2,0,0,21,19,42.3,11,15,42.3% (11/15),40
Keita Baldé,Monza,FW,638,29,1.1,0.2,2,0,19,35,31.3,5,11,31.3% (5/11),54
Matteo Pessina,Monza,MF,854,20,0.2,0.1,0,0,8,28,55.6,10,8,55.6% (10/8),36
Milan Đurić,Monza,FW,1270,30,2.9,1.1,4,1,2,21,72.5,132,50,72.5% (132/50),23
Warren Bondo,Monza,MF,1618,21,0.4,0.3,0,0,25,39,38.5,5,8,38.5% (5/8),64
Andre-Frank Zambo Anguissa,Napoli,MF,2852,119,4.4,2.4,6,4,24,144,57.3,67,50,57.3% (67/50),168
Billy Gilmour,Napoli,MF,1177,18,0.5,1.8,0,1,11,67,47.4,9,10,47.4% (9/10),78
David Neres,Napoli,FW,1283,143,2.7,3.5,2,4,73,32,23.1,3,10,23.1% (3/10),105
Giacomo Raspadori,Napoli,"FW,MF",1103,57,4.0,2.4,6,1,18,42,31.3,5,11,31.3% (5/11),60
Khvicha Kvaratskhelia,Napoli,"FW,MF",1178,89,4.1,3.7,4,3,74,57,44.4,4,5,44.4% (4/5),131
Matteo Politano,Napoli,"FW,MF",2804,278,3.1,4.8,3,4,135,129,23.1,6,20,23.1% (6/20),264
Romelu Lukaku,Napoli,FW,2843,219,13.0,4.0,11,10,31,36,42.9,42,56,42.9% (42/56),67
Scott McTominay,Napoli,MF,2938,131,7.4,2.7,12,4,56,112,56.9,66,50,56.9% (66/50),168
Stanislav Lobotka,Napoli,MF,2636,32,0.3,1.2,0,1,30,118,50.0,6,6,50.0% (6/6),148
Adrian Bernabe,Parma,MF,1453,20,1.3,1.1,1,1,37,115,50.0,4,4,50.0% (4/4),152
Ange-Yoan Bonny,Parma,FW,2529,163,9.4,2.9,4,4,41,53,24.7,23,70,24.7% (23/70),94
Dennis Man,Parma,"FW,MF",1995,142,5.5,4.2,4,4,67,60,34.6,9,17,34.6% (9/17),127
Hernani,Parma,MF,1327,40,2.8,1.5,0,3,29,78,48.6,18,19,48.6% (18/19),107
Mandela Keita,Parma,MF,1826,5,0.1,1.0,0,2,13,50,50.0,14,14,50.0% (14/14),63
Mateo Pellegrino,Parma,FW,737,37,3.3,0.7,3,1,6,15,52.7,49,44,52.7% (49/44),21
Matteo Cancellieri,Parma,"FW,MF",1424,79,2.7,0.7,3,0,40,24,50.9,29,28,50.9% (29/28),64
Nahuel Estévez,Parma,MF,657,4,0.1,0.8,0,0,3,30,82.4,14,3,82.4% (14/3),33
Pontus Almqvist,Parma,"FW,MF",1112,85,2.1,1.3,1,1,42,12,37.5,9,15,37.5% (9/15),54
Simon Sohm,Parma,MF,2989,67,3.1,2.1,4,0,69,140,50.0,29,29,50.0% (29/29),209
Valentin Mihaila,Parma,"FW,MF",1288,72,2.4,1.2,0,3,25,41,32.5,13,27,32.5% (13/27),66
Artem Dovbyk,Roma,FW,2418,175,11.9,2.4,10,2,24,16,41.2,42,60,41.2% (42/60),40
Bryan Cristante,Roma,MF,2045,41,2.1,1.4,4,2,25,145,51.3,61,58,51.3% (61/58),170
Eldor Shomurodov,Roma,"FW,MF",1097,62,4.7,1.3,4,4,19,21,40.6,26,38,40.6% (26/38),40
Leandro Paredes,Roma,MF,1373,14,2.3,1.5,1,1,17,106,81.8,9,2,81.8% (9/2),123
Lorenzo Pellegrini,Roma,MF,1626,82,4.7,2.5,1,1,27,61,33.3,10,20,33.3% (10/20),88
Manu Koné,Roma,MF,2572,50,3.4,1.7,2,1,70,144,37.7,20,33,37.7% (20/33),214
Niccolò Pisilli,Roma,MF,1227,44,2.7,0.7,2,1,22,63,12.5,3,21,12.5% (3/21),85
Paulo Dybala,Roma,"FW,MF",1417,122,6.4,5.0,3,3,41,79,32.0,8,17,32.0% (8/17),120
Tommaso Baldanzi,Roma,"MF,FW",832,57,1.4,1.0,1,1,39,23,25.0,1,3,25.0% (1/3),62
Antonio Sanabria,Torino,FW,1318,54,2.9,0.5,2,1,6,18,31.0,26,58,31.0% (26/58),24
Cesare Casadei,Torino,MF,1017,12,1.2,0.4,1,1,14,36,71.9,64,25,71.9% (64/25),50
Che Adams,Torino,FW,2652,153,9.0,2.0,9,3,23,40,36.7,36,62,36.7% (36/62),63
Elif Elmas,Torino,"FW,MF",1021,58,1.4,0.4,4,0,42,34,40.0,2,3,40.0% (2/3),76
Gvidas Gineitis,Torino,MF,1430,43,1.3,2.0,3,1,15,36,43.8,14,18,43.8% (14/18),51
Ivan Ilić,Torino,MF,920,41,0.9,1.1,1,0,24,45,22.2,4,14,22.2% (4/14),69
Karol Linetty,Torino,MF,1540,19,1.1,0.9,1,0,18,47,36.4,8,14,36.4% (8/14),65
Nikola Vlašić,Torino,"MF,FW",2117,110,3.4,2.4,3,4,53,94,48.2,27,29,48.2% (27/29),147
Samuele Ricci,Torino,MF,2825,30,1.3,0.6,1,1,43,116,48.3,14,15,48.3% (14/15),159
Yann Karamoh,Torino,"MF,FW",1046,80,1.2,0.9,0,1,37,28,35.7,5,9,35.7% (5/9),65
Arthur Atta,Udinese,"MF,FW",1251,77,1.3,1.4,0,1,31,57,41.2,14,20,41.2% (14/20),88
Florian Thauvin,Udinese,"FW,MF",1956,148,8.1,3.8,7,3,92,90,33.3,5,10,33.3% (5/10),182
Iker Bravo,Udinese,"FW,MF",682,39,0.9,0.4,2,1,7,18,30.0,12,28,30.0% (12/28),25
Jesper Karlström,Udinese,MF,3186,46,0.7,1.1,0,3,23,135,50.0,31,31,50.0% (31/31),158
Jurgen Ekkelenkamp,Udinese,MF,1892,86,2.8,1.3,3,2,34,72,58.1,18,13,58.1% (18/13),106
Keinan Davis,Udinese,FW,1066,77,2.9,2.1,2,1,26,22,48.1,37,40,48.1% (37/40),48
Lorenzo Lucca,Udinese,FW,2353,98,7.6,1.6,11,1,15,18,46.5,59,68,46.5% (59/68),33
Martín Payero,Udinese,MF,1381,44,1.2,1.3,1,1,33,51,51.2,21,20,51.2% (21/20),84
Oier Zarraga,Udinese,MF,896,23,0.4,0.4,1,0,7,28,35.3,6,11,35.3% (6/11),35
Sandi Lovrić,Udinese,MF,2308,71,2.6,3.4,2,3,60,120,5.6,1,17,5.6% (1/17),180
Alfred Duncan,Venezia,MF,957,12,0.8,1.1,0,0,11,53,55.6,10,8,55.6% (10/8),64
Christian Gytkjær,Venezia,FW,754,52,2.4,0.5,1,1,3,5,28.8,23,57,28.8% (23/57),8
Gaetano Oristanio,Venezia,"FW,MF",2315,131,4.1,2.6,3,3,72,64,26.9,14,38,26.9% (14/38),136
Gianluca Busio,Venezia,MF,2518,135,2.4,1.6,2,0,60,95,48.5,32,34,48.5% (32/34),155
Hans Nicolussi Caviglia,Venezia,MF,2861,22,2.4,2.1,4,2,20,140,54.0,27,23,54.0% (27/23),160
Issa Doumbia,Venezia,MF,939,29,1.0,0.1,0,0,12,22,46.2,18,21,46.2% (18/21),34
Joel Pohjanpalo,Venezia,FW,1603,72,7.5,1.7,3,0,9,29,43.8,46,59,43.8% (46/59),38
John Yeboah,Venezia,"FW,MF",1226,88,3.0,1.9,1,1,50,42,37.5,6,10,37.5% (6/10),92
Kike Pérez,Venezia,MF,1114,31,0.9,1.2,1,0,18,60,46.7,14,16,46.7% (14/16),78
Magnus Kofod Andersen,Venezia,MF,695,18,0.3,0.5,1,1,7,24,53.3,8,7,53.3% (8/7),31
