jogador,time,posicao,idade,Minutos,G-PK,Assist,Xg,xAG,xG+xAg,Prgc,PrgP,Cross,Faltas Sofridas,KeyPass,1/3,passPA,crossPA,Dribles tentados,Dribles Certos,Corridas 1/3,Corridas PA,PrgR
Bukayo Saka,Arsenal,"FW,MF",22,1729,5,10,6.8,7.6,13.7,96,70,117,39,58,15,38,12,90,41,32,51,255
Declan Rice,Arsenal,MF,25,2825,4,7,3.5,6.6,10.1,90,192,164,16,59,137,35,5,29,14,58,16,94
Ethan Nwaneri,Arsenal,"FW,MF",17,895,4,2,1.2,1.2,2.4,46,33,54,5,16,17,16,6,62,37,25,17,113
Gabriel Jesus,Arsenal,FW,27,608,3,0,3.0,0.7,3.7,15,19,7,10,8,10,9,1,22,9,6,11,57
Gabriel Martinelli,Arsenal,"FW,MF",23,2290,8,4,7.4,5.0,12.4,124,52,92,21,40,11,37,15,109,33,33,64,289
Jorginho,Arsenal,MF,32,704,0,0,0.1,0.4,0.5,12,48,1,17,3,44,10,0,4,1,13,0,6
Kai Havertz,Arsenal,"FW,MF",25,1875,9,3,9.5,2.4,12.0,35,61,11,23,17,27,9,1,38,9,23,18,113
Leandro Trossard,Arsenal,FW,29,2546,8,7,7.2,6.1,13.3,80,101,86,46,41,45,48,10,86,38,55,30,226
Martin Ødegaard,Arsenal,MF,25,2325,2,8,4.8,5.4,9.5,92,258,86,23,63,132,86,5,59,25,85,26,154
Mikel Merino,Arsenal,"MF,FW",28,1586,7,2,5.9,2.0,7.9,11,69,13,23,17,40,24,4,23,9,13,4,94
Amadou Onana,Aston Villa,MF,22,1617,3,0,2.1,0.7,2.8,29,75,2,30,10,69,12,2,20,14,25,1,16
Boubacar Kamara,Aston Villa,MF,24,1726,1,0,0.8,0.9,1.7,19,85,1,35,11,91,10,0,27,9,13,2,7
Jacob Ramsey,Aston Villa,"FW,MF",23,1623,1,3,1.6,2.3,3.9,61,68,12,28,21,31,21,1,46,25,31,21,114
John McGinn,Aston Villa,"MF,FW",29,2223,1,4,3.1,3.5,6.3,32,103,60,69,31,70,29,8,47,20,17,7,87
Jáder Durán,Aston Villa,FW,20,638,7,0,4.9,0.2,5.1,7,13,3,15,4,10,1,0,14,3,7,2,44
Leon Bailey,Aston Villa,"FW,MF",26,1139,1,2,1.7,1.5,3.3,58,35,34,18,16,16,20,2,57,22,23,34,121
Marco Asensio,Aston Villa,MF,28,743,3,1,4.4,1.0,3.8,22,45,38,8,16,20,11,2,19,12,21,5,38
Morgan Rogers,Aston Villa,"FW,MF",22,3114,8,10,6.6,7.8,14.4,114,123,27,51,51,73,56,3,160,66,68,33,188
Ollie Watkins,Aston Villa,FW,28,2598,14,8,15.3,3.3,17.1,55,31,7,33,24,12,13,0,41,10,21,38,165
Youri Tielemans,Aston Villa,MF,27,3026,3,7,3.3,7.0,9.5,39,235,119,56,60,229,38,4,61,31,26,9,48
Alex Scott,Bournemouth,MF,20,755,0,0,0.7,0.9,1.6,15,52,7,26,12,41,5,1,26,6,10,3,33
Antoine Semenyo,Bournemouth,FW,24,3203,11,5,10.0,5.8,15.8,140,109,59,37,46,49,45,8,135,69,69,67,282
Dango Ouattara,Bournemouth,FW,22,2005,7,4,8.4,5.5,13.8,79,43,88,19,35,21,26,11,82,39,35,38,191
David Brooks,Bournemouth,"FW,MF",27,960,2,0,2.5,1.9,4.4,35,35,52,18,20,22,18,6,34,11,25,10,83
Evanilson,Bournemouth,FW,24,2319,10,1,12.5,1.9,13.6,29,28,0,53,26,14,6,0,21,7,18,15,99
Justin Kluivert,Bournemouth,MF,25,2340,6,6,10.3,4.8,10.5,81,105,85,33,45,45,35,6,87,36,55,38,173
Marcus Tavernier,Bournemouth,"FW,MF",25,1939,3,5,5.5,4.0,9.5,53,128,108,28,43,80,40,14,65,28,51,9,129
Ryan Christie,Bournemouth,MF,29,2117,2,3,1.8,3.5,5.4,34,137,48,31,41,118,33,5,48,23,40,8,44
Tyler Adams,Bournemouth,MF,25,1965,0,3,1.6,1.0,2.6,14,76,3,21,18,67,4,1,18,4,22,1,10
Bryan Mbeumo,Brentford,FW,24,3414,15,7,12.3,8.3,15.9,130,141,202,44,70,63,59,19,111,52,69,75,351
Christian Nørgaard,Brentford,MF,30,2819,5,4,4.3,1.3,5.6,14,154,17,28,18,137,27,4,14,7,16,4,42
Kevin Schade,Brentford,FW,22,2293,11,2,8.2,3.7,11.9,61,38,38,38,23,32,11,3,89,30,28,38,165
Mathias Jensen,Brentford,MF,28,862,0,2,0.2,1.7,1.9,6,61,33,10,16,42,19,3,17,9,12,0,27
Mikkel Damsgaard,Brentford,"MF,FW",24,2911,2,10,2.8,8.4,11.2,73,234,144,27,63,167,73,17,97,50,54,9,137
Vitaly Janelt,Brentford,MF,26,2254,1,3,0.8,2.2,3.0,17,80,30,15,14,78,23,7,12,3,18,3,38
Yehor Yarmoliuk,Brentford,MF,20,1450,0,0,0.6,0.9,1.5,15,63,16,13,9,71,8,4,27,13,19,3,47
Yoane Wissa,Brentford,FW,27,2919,19,4,18.5,2.6,21.1,60,67,20,51,27,44,13,1,49,15,26,34,154
Brajan Gruda,Brighton,"MF,FW",20,687,1,4,1.2,2.1,3.3,22,26,29,12,23,12,12,1,30,13,19,13,57
Carlos Baleba,Brighton,MF,20,2661,3,1,3.1,1.3,4.4,43,118,9,48,21,109,23,3,57,33,45,3,29
Danny Welbeck,Brighton,FW,33,2115,9,4,9.6,1.4,10.1,21,47,3,23,23,18,14,0,37,13,23,8,95
Georginio Rutter,Brighton,"MF,FW",22,1656,5,3,4.6,2.5,7.1,42,67,9,45,19,30,16,1,71,27,36,16,79
João Pedro,Brighton,"FW,MF",22,1948,5,6,8.9,5.0,10.0,66,78,22,46,30,42,36,5,86,29,39,30,128
Kaoru Mitoma,Brighton,"FW,MF",27,2603,10,4,9.2,4.6,13.8,146,89,75,24,37,36,36,8,131,52,82,56,291
Matt O'Riley,Brighton,MF,23,938,1,2,2.8,2.4,4.4,22,38,51,13,21,30,8,1,13,8,12,8,52
Simon Adingra,Brighton,"FW,MF",22,1097,2,2,2.5,2.5,4.9,50,18,41,4,16,5,17,6,50,21,21,27,136
Yankuba Minteh,Brighton,"FW,MF",20,1838,6,4,4.1,5.0,9.1,90,48,91,11,29,14,36,9,98,46,24,67,201
Yasin Ayari,Brighton,MF,20,1965,2,1,2.4,2.3,4.8,30,75,69,26,30,55,18,4,45,18,25,6,61
Christopher Nkunku,Chelsea,FW,26,921,3,2,4.8,2.1,6.9,17,25,4,11,14,26,7,0,27,10,16,13,68
Cole Palmer,Chelsea,"MF,FW",22,3191,11,8,17.3,10.9,24.2,120,214,144,60,87,163,64,17,113,51,76,41,187
Enzo Fernández,Chelsea,MF,23,2947,6,7,6.1,6.8,12.9,60,212,109,54,77,167,41,7,55,26,55,9,126
Jadon Sancho,Chelsea,FW,24,1764,3,4,2.2,3.7,5.8,102,90,25,11,38,28,48,0,97,45,35,57,225
Nicolas Jackson,Chelsea,FW,23,2220,10,5,12.3,4.3,16.6,47,38,3,29,28,22,10,1,61,18,25,32,129
Noni Madueke,Chelsea,FW,22,2033,7,3,9.6,4.2,13.9,154,69,63,25,32,16,35,8,102,45,50,93,226
Pedro Neto,Chelsea,FW,24,2269,4,6,3.5,6.7,10.2,126,60,149,33,46,30,37,23,104,34,57,45,253
Roméo Lavia,Chelsea,MF,20,797,0,1,0.3,0.7,1.0,3,31,0,7,7,49,3,0,16,10,9,0,7
Adam Wharton,Crystal Palace,MF,20,1318,0,2,0.4,3.0,3.4,14,107,39,21,26,78,18,5,10,2,23,2,11
Daichi Kamada,Crystal Palace,MF,27,1564,0,0,1.1,1.9,3.0,25,88,32,21,20,48,14,3,19,7,19,6,56
Eberechi Eze,Crystal Palace,"MF,FW",26,2588,7,8,10.4,6.2,15.1,68,97,110,51,58,49,39,4,137,67,48,22,153
Eddie Nketiah,Crystal Palace,"FW,MF",25,1034,3,1,5.7,1.7,7.4,41,19,5,29,13,11,5,0,31,11,25,14,78
Ismaila Sarr,Crystal Palace,MF,26,2711,8,6,10.8,8.5,19.3,76,86,55,56,44,28,42,9,61,17,47,28,183
Jean-Philippe Mateta,Crystal Palace,FW,27,2648,12,2,13.6,3.2,15.2,45,53,26,28,29,35,16,2,46,20,21,11,122
Will Hughes,Crystal Palace,MF,29,2108,0,3,1.1,3.1,4.2,20,87,71,31,33,76,15,3,16,5,24,1,27
Abdoulaye Doucouré,Everton,MF,31,2564,3,2,4.1,2.4,6.6,42,82,23,5,28,44,15,0,45,24,26,8,96
Beto,Everton,FW,26,1534,8,0,8.2,1.2,9.4,15,16,4,23,12,7,8,1,38,19,12,9,77
Carlos Alcaraz,Everton,"FW,MF",21,764,2,3,1.7,1.6,3.4,19,42,11,12,13,20,18,3,18,9,21,2,21
Dominic Calvert-Lewin,Everton,FW,27,1609,3,1,6.7,0.6,7.4,23,20,6,23,7,20,5,1,25,10,8,17,112
Dwight McNeil,Everton,"MF,FW",24,1371,4,6,1.1,5.2,6.3,38,69,105,18,37,40,36,10,45,24,34,5,80
Idrissa Gana Gueye,Everton,MF,34,3063,0,3,1.1,1.7,2.8,27,145,7,46,19,154,10,3,39,18,27,4,27
Iliman Ndiaye,Everton,FW,24,2430,7,0,6.2,1.9,6.5,86,59,38,52,18,42,14,5,143,68,44,32,122
Jack Harrison,Everton,FW,27,2076,1,0,3.5,3.7,7.2,73,51,131,28,33,28,25,11,75,24,36,17,127
Jesper Lindstrøm,Everton,FW,24,1239,0,1,2.1,2.0,4.1,30,25,71,10,19,18,12,7,43,8,19,7,81
Orel Mangala,Everton,MF,26,1261,1,0,1.1,0.6,1.8,6,34,6,17,8,50,8,1,24,14,6,3,19
Adama Traoré,Fulham,"FW,MF",28,1772,2,7,4.0,4.9,8.9,100,68,100,32,42,36,38,22,97,48,45,33,161
Alex Iwobi,Fulham,"FW,MF",28,2981,9,6,4.7,7.0,11.8,144,213,126,18,59,115,86,19,97,48,105,37,246
Andreas Pereira,Fulham,MF,28,2013,2,4,3.8,4.6,7.6,29,104,171,24,57,67,19,4,30,14,38,9,81
Emile Smith Rowe,Fulham,MF,24,2043,6,3,4.5,1.4,6.0,53,126,16,14,24,80,15,1,35,16,40,12,127
Harry Wilson,Fulham,"FW,MF",27,1162,6,1,4.2,1.1,5.3,22,51,41,22,20,26,15,1,24,9,18,11,96
Raúl Jiménez,Fulham,FW,33,2494,9,3,12.0,3.3,12.9,35,62,23,41,24,41,14,3,50,21,24,17,125
Rodrigo Muniz,Fulham,FW,23,964,8,1,5.8,0.7,6.5,6,27,1,31,7,13,3,0,18,6,4,3,31
Sander Berge,Fulham,MF,26,2224,0,0,0.4,0.6,1.0,29,124,3,10,18,116,5,0,20,11,25,2,9
Saša Lukić,Fulham,MF,27,2344,0,2,1.2,2.7,3.9,39,98,62,26,26,104,17,7,17,8,40,4,33
Tom Cairney,Fulham,MF,33,628,2,0,0.8,1.1,1.8,18,53,20,19,11,53,7,3,13,5,17,4,33
Conor Chaplin,Ipswich Town,"MF,FW",27,857,1,1,1.5,0.7,2.2,13,29,9,7,8,21,7,2,8,4,9,0,23
George Hirst,Ipswich Town,FW,25,661,3,1,2.1,0.3,2.5,9,13,3,12,4,1,4,0,6,2,2,7,31
Jack Clarke,Ipswich Town,"FW,MF",23,1181,0,4,1.2,2.3,3.5,39,44,13,23,28,27,9,0,50,25,21,12,57
Jack Taylor,Ipswich Town,MF,26,860,1,0,0.7,0.5,1.3,11,43,7,5,5,30,8,1,11,4,10,1,23
Jens Cajuste,Ipswich Town,MF,24,1959,1,1,0.7,0.8,1.5,26,59,10,22,13,51,6,1,53,28,23,3,20
Julio Enciso,Ipswich Town,"MF,FW",20,869,2,3,1.7,1.4,3.1,23,28,21,21,13,18,8,1,66,30,25,9,44
Kalvin Phillips,Ipswich Town,MF,28,1237,0,0,0.4,0.2,0.7,4,51,20,20,5,49,6,1,12,5,5,0,4
Liam Delap,Ipswich Town,FW,21,2593,10,2,9.3,1.9,9.7,61,30,5,51,21,17,6,0,86,40,46,30,110
Nathan Broadhead,Ipswich Town,"MF,FW",26,702,2,0,1.7,0.7,2.4,20,14,9,13,7,12,6,0,34,17,16,5,33
Omari Hutchinson,Ipswich Town,"MF,FW",20,2583,3,2,2.9,3.5,6.4,97,75,81,46,31,45,27,15,137,51,39,37,159
Sam Morsy,Ipswich Town,MF,32,2751,1,1,0.4,1.2,1.6,22,120,15,27,24,149,17,4,29,17,24,3,13
Sammie Szmodics,Ipswich Town,"FW,MF",28,992,4,0,3.4,0.2,3.6,16,19,14,8,5,11,4,1,12,4,8,7,47
Bilal El Khannouss,Leicester City,"MF,FW",20,2182,2,3,1.3,4.6,5.8,73,128,89,13,42,89,31,6,60,34,45,12,89
Bobby De Cordova-Reid,Leicester City,FW,31,744,1,2,0.8,1.2,2.0,14,15,15,9,6,9,5,0,10,0,5,6,48
Boubakary Soumaré,Leicester City,MF,25,2171,0,0,0.3,0.4,0.7,34,105,10,23,11,95,16,3,45,27,19,4,23
Facundo Buonanotte,Leicester City,"FW,MF",19,1523,5,2,3.9,3.1,7.0,39,54,43,35,24,41,13,2,83,28,26,9,74
Harry Winks,Leicester City,MF,28,1538,0,2,0.2,1.2,1.5,19,101,34,13,17,110,7,5,12,3,13,0,11
Jamie Vardy,Leicester City,FW,37,2823,8,4,11.2,3.0,12.6,29,22,11,23,19,11,10,1,23,11,13,16,120
Jordan Ayew,Leicester City,"FW,MF",32,1638,4,0,3.2,1.1,3.5,49,46,60,59,16,25,14,7,64,26,37,11,86
Kasey McAteer,Leicester City,FW,22,852,1,1,1.0,0.7,1.7,19,14,21,15,9,13,6,2,25,6,11,9,71
Oliver Skipp,Leicester City,MF,23,1129,0,0,0.4,0.3,0.6,16,35,5,13,9,32,4,0,12,7,7,3,19
Patson Daka,Leicester City,"FW,MF",25,736,1,0,1.3,0.1,1.3,11,8,3,19,1,6,1,0,15,2,7,6,36
Stephy Mavididi,Leicester City,FW,26,1615,4,1,1.8,2.6,4.4,91,57,69,18,22,32,26,7,95,35,40,27,138
Wilfred Ndidi,Leicester City,MF,27,2324,0,5,2.0,1.9,3.9,18,70,30,18,17,68,11,3,33,13,23,2,75
Alexis Mac Allister,Liverpool,MF,25,2599,5,5,2.8,4.7,7.5,36,177,86,40,45,122,35,2,42,16,43,5,80
Cody Gakpo,Liverpool,FW,25,1935,10,4,7.1,4.4,11.5,59,52,74,31,38,24,27,8,61,31,34,28,278
Darwin Núñez,Liverpool,FW,25,1133,5,2,5.8,1.3,7.1,23,27,3,14,11,9,3,1,23,8,19,12,78
Diogo Jota,Liverpool,FW,27,1196,6,3,7.9,1.8,9.8,37,34,8,14,11,29,3,1,33,11,23,21,88
Dominik Szoboszlai,Liverpool,MF,23,2491,6,6,7.3,7.4,14.7,72,131,41,24,56,88,33,5,41,21,49,18,127
Luis Díaz,Liverpool,FW,27,2399,13,5,12.0,5.0,17.1,108,110,32,31,56,48,46,6,116,53,55,56,293
Mohamed Salah,Liverpool,FW,32,3371,20,18,25.2,14.2,32.4,154,144,79,39,88,53,93,15,137,58,59,126,488
Ryan Gravenberch,Liverpool,MF,22,3160,0,4,1.1,3.1,4.2,70,181,7,52,26,151,35,2,81,37,75,10,55
Bernardo Silva,Manchester City,"MF,FW",29,2670,4,4,3.9,5.1,9.0,101,134,60,32,53,87,40,7,61,28,65,32,200
Erling Haaland,Manchester City,FW,24,2736,19,3,22.0,3.0,21.8,24,20,3,13,29,10,8,1,36,13,15,23,124
Jack Grealish,Manchester City,"FW,MF",28,721,1,1,1.1,1.8,3.0,69,52,20,25,24,23,16,0,29,13,23,46,118
Jeremy Doku,Manchester City,"FW,MF",22,1516,3,6,1.3,4.8,6.1,213,69,59,33,32,12,48,6,201,107,95,109,286
Kevin De Bruyne,Manchester City,"MF,FW",33,1702,4,7,5.1,8.0,13.1,51,157,145,18,57,88,59,13,34,13,51,20,150
Mateo Kovačić,Manchester City,MF,30,2198,6,2,1.9,3.6,5.5,56,164,0,26,33,206,30,0,41,22,78,3,16
Nicolás González,Manchester City,MF,22,760,1,0,0.5,0.1,0.5,9,50,1,5,1,52,4,0,6,1,12,3,11
Omar Marmoush,Manchester City,"FW,MF",25,1175,7,0,5.5,2.8,8.3,29,37,28,20,15,10,29,4,46,20,20,15,78
Phil Foden,Manchester City,"MF,FW",24,1777,7,2,5.2,4.8,9.9,50,103,80,34,43,41,39,6,43,14,30,17,128
Sávio,Manchester City,"FW,MF",20,1766,1,8,5.0,6.9,11.9,137,67,84,28,46,19,47,8,113,52,45,75,246
İlkay Gündoğan,Manchester City,MF,33,2223,1,6,3.2,3.5,6.7,64,127,60,27,44,108,23,2,41,17,57,11,96
Alejandro Garnacho,Manchester Utd,"MF,FW",20,2199,6,2,7.3,4.5,11.8,141,56,56,43,37,22,25,5,89,26,72,67,290
Amad Diallo,Manchester Utd,"MF,FW",22,1901,8,6,4.7,4.9,9.6,109,60,42,28,49,27,35,7,88,41,53,66,200
Bruno Fernandes,Manchester Utd,MF,29,3018,5,10,9.9,8.5,16.1,77,325,186,40,91,214,85,11,67,28,65,14,129
Casemiro,Manchester Utd,MF,32,1494,1,0,1.9,2.3,4.2,4,84,20,19,22,81,23,6,6,3,10,0,28
Christian Eriksen,Manchester Utd,MF,32,1061,0,2,1.4,3.2,3.8,13,55,85,3,31,54,13,6,4,0,14,1,29
Joshua Zirkzee,Manchester Utd,"FW,MF",23,1402,3,1,4.8,1.5,6.3,14,44,4,13,12,26,6,0,35,11,21,4,69
Kobbie Mainoo,Manchester Utd,MF,19,1651,0,0,0.7,1.6,2.3,22,65,7,21,14,50,12,1,50,23,17,10,47
Manuel Ugarte Ribeiro,Manchester Utd,MF,23,1785,1,2,1.0,1.1,2.1,16,61,7,33,10,59,9,3,32,18,16,1,20
Marcus Rashford,Manchester Utd,"FW,MF",26,978,4,1,1.7,2.1,3.8,20,21,27,7,15,13,16,8,39,9,19,12,79
Mason Mount,Manchester Utd,MF,25,622,1,0,3.2,0.6,3.8,15,33,13,9,8,19,8,2,10,1,11,2,41
Rasmus Højlund,Manchester Utd,FW,21,2004,4,0,5.3,1.8,7.1,28,18,8,28,16,14,5,1,33,9,13,17,101
Alexander Isak,Newcastle Utd,FW,24,2756,19,6,20.3,4.3,21.6,83,88,16,14,41,35,31,1,91,42,42,43,217
Anthony Gordon,Newcastle Utd,"FW,MF",23,2434,5,5,8.0,5.0,11.4,121,98,131,71,51,65,55,17,103,38,62,56,214
Bruno Guimarães,Newcastle Utd,MF,26,3271,5,6,4.3,6.1,10.4,64,271,28,108,52,180,77,6,78,34,46,15,96
Harvey Barnes,Newcastle Utd,FW,26,1755,9,4,7.2,4.0,11.2,93,83,47,22,26,25,41,9,64,24,48,47,192
Jacob Murphy,Newcastle Utd,FW,29,2360,8,12,5.7,8.9,14.6,79,83,120,15,42,58,41,15,69,35,40,27,231
Joe Willock,Newcastle Utd,"MF,FW",24,1086,0,2,1.6,2.1,3.8,38,41,18,13,22,28,8,0,35,12,28,16,86
Joelinton,Newcastle Utd,"MF,FW",27,2393,4,3,3.9,2.5,6.4,40,116,16,35,23,80,17,2,46,15,26,9,110
Sandro Tonali,Newcastle Utd,MF,24,2630,4,2,4.4,2.2,6.6,37,128,54,49,28,104,30,5,37,20,40,6,53
Sean Longstaff,Newcastle Utd,MF,26,798,0,0,0.6,0.2,0.8,4,40,5,6,4,26,1,0,7,2,10,2,22
Anthony Elanga,Nott'ham Forest,"FW,MF",22,2501,6,11,4.5,5.7,10.1,102,63,185,47,50,32,26,8,83,25,45,48,229
Callum Hudson-Odoi,Nott'ham Forest,"FW,MF",23,2194,5,2,2.5,2.7,5.2,130,71,79,25,44,38,33,11,63,37,61,47,189
Chris Wood,Nott'ham Forest,FW,32,2959,17,3,13.4,2.6,13.6,14,42,1,24,22,19,12,1,13,4,11,5,94
Elliot Anderson,Nott'ham Forest,MF,21,2728,2,6,2.1,3.3,5.4,52,143,86,58,37,121,19,2,75,36,32,21,94
Jota Silva,Nott'ham Forest,"FW,MF",24,854,3,1,2.1,2.9,5.0,21,18,21,23,14,4,9,3,34,10,13,9,59
Morgan Gibbs-White,Nott'ham Forest,MF,24,2803,7,8,6.3,5.0,11.2,69,164,45,40,51,128,41,10,77,31,52,13,137
Nicolás Domínguez,Nott'ham Forest,"MF,FW",26,1963,0,1,1.5,1.3,2.8,16,83,7,18,13,81,11,1,9,3,14,2,33
Ryan Yates,Nott'ham Forest,MF,26,1915,2,1,2.3,1.2,3.5,18,53,8,49,18,48,4,0,18,9,19,1,16
Adam Armstrong,Southampton,"FW,MF",27,1248,2,2,3.3,1.2,3.5,25,21,14,5,9,10,8,2,14,6,13,6,79
Cameron Archer,Southampton,FW,23,1441,2,0,5.7,0.5,5.4,22,14,3,13,5,7,7,0,37,15,10,14,66
Flynn Downes,Southampton,MF,25,2151,1,0,0.6,1.1,1.7,29,66,4,39,15,62,12,0,20,8,21,4,29
Kamaldeen Sulemana,Southampton,"FW,MF",22,1402,1,1,1.5,1.0,2.5,63,27,26,11,10,6,13,7,103,39,37,28,87
Lesley Ugochukwu,Southampton,MF,20,1655,1,1,0.9,1.0,1.9,29,49,6,16,14,54,7,1,28,19,15,6,20
Mateus Fernandes,Southampton,MF,20,2909,2,4,4.0,3.0,7.0,76,145,113,55,34,98,27,6,109,49,70,9,108
Paul Onuachu,Southampton,FW,30,1050,4,1,3.6,0.5,4.1,7,13,0,16,8,13,2,0,26,8,5,2,40
Tyler Dibling,Southampton,"FW,MF",18,1874,2,0,2.5,1.5,4.1,69,64,28,50,20,27,20,1,110,45,50,26,96
William Smallbone,Southampton,MF,24,690,1,0,0.6,0.7,1.3,5,27,36,3,10,13,4,3,6,4,9,1,25
Brennan Johnson,Tottenham,FW,23,2177,11,3,10.4,2.3,12.7,60,71,53,26,19,25,35,6,44,19,23,35,197
Dejan Kulusevski,Tottenham,"MF,FW",24,2389,7,4,4.2,6.2,10.4,120,124,89,38,65,62,52,6,117,38,67,40,210
Dominic Solanke,Tottenham,FW,26,2201,8,3,10.9,2.9,13.1,31,47,4,36,14,28,9,0,51,17,23,14,88
James Maddison,Tottenham,MF,27,1809,9,7,5.8,4.2,10.0,45,164,98,64,41,123,32,5,77,33,39,20,95
Lucas Bergvall,Tottenham,MF,18,1212,0,1,0.7,0.6,1.3,33,49,21,17,11,53,7,3,45,21,21,4,31
Mathys Tel,Tottenham,FW,19,911,1,1,3.0,2.5,4.7,28,21,35,16,14,12,14,4,52,15,24,11,72
Pape Matar Sarr,Tottenham,MF,21,1913,3,2,3.7,1.6,5.3,33,88,14,35,15,85,12,2,30,11,37,5,53
Rodrigo Bentancur,Tottenham,MF,27,1645,2,0,1.3,0.4,1.7,28,100,4,10,10,109,13,2,19,9,24,5,34
Son Heung-min,Tottenham,FW,32,2110,6,9,7.2,8.2,13.8,96,111,79,28,50,41,51,6,83,29,49,44,265
Wilson Odobert,Tottenham,"FW,MF",19,850,1,0,1.6,1.0,2.6,45,27,25,3,6,11,12,3,32,12,25,18,66
Yves Bissouma,Tottenham,MF,27,1408,2,0,0.6,0.3,0.9,15,75,2,18,6,61,10,1,21,7,17,0,3
Carlos Soler,West Ham,"MF,FW",27,1409,1,1,1.8,1.4,3.2,17,56,34,19,18,43,13,0,18,8,17,4,37
Crysencio Summerville,West Ham,"FW,MF",22,786,1,1,1.6,1.7,3.3,29,18,21,23,17,13,12,5,39,13,15,13,71
Edson Álvarez,West Ham,MF,26,1772,0,1,0.4,0.8,1.2,24,85,6,18,12,92,12,3,33,14,22,2,18
Guido Rodríguez,West Ham,MF,30,1149,0,1,0.2,0.2,0.4,4,33,5,12,4,37,1,0,6,3,5,2,7
James Ward-Prowse,West Ham,MF,29,1039,1,1,1.6,1.9,3.6,11,54,49,4,20,76,5,2,5,2,16,0,9
Jarrod Bowen,West Ham,"FW,MF",27,2973,12,8,8.6,6.8,14.7,109,91,106,51,51,41,46,8,130,44,46,61,212
Lucas Paquetá,West Ham,"MF,FW",26,2380,2,0,5.3,3.1,6.8,26,155,29,62,36,132,44,4,47,21,34,2,85
Michail Antonio,West Ham,FW,34,836,1,1,2.2,1.6,3.8,29,18,25,7,9,11,6,2,27,9,13,9,59
Mohammed Kudus,West Ham,"FW,MF",23,2590,5,3,6.9,3.1,10.0,98,79,81,64,31,46,29,15,208,92,59,42,216
Niclas Füllkrug,West Ham,FW,31,790,3,2,2.2,1.9,4.1,7,14,1,6,14,12,5,0,8,1,4,2,31
Tomáš Souček,West Ham,MF,29,2567,9,1,6.7,1.0,7.8,9,74,14,25,14,62,8,1,12,6,12,3,68
André,Wolves,MF,23,2472,0,0,0.4,0.8,1.3,10,109,0,34,18,111,5,0,32,16,17,0,11
Gonçalo Guedes,Wolves,"MF,FW",27,995,2,4,3.2,1.3,4.5,41,40,22,17,14,18,17,5,28,9,27,8,79
Hwang Hee-chan,Wolves,"MF,FW",28,661,2,0,0.8,0.1,0.9,15,12,8,9,3,7,4,2,14,2,5,7,42
Jean-Ricner Bellegarde,Wolves,"MF,FW",26,1677,2,7,1.5,3.8,5.3,52,43,44,47,27,30,18,8,61,14,38,11,89
João Gomes,Wolves,MF,23,2974,3,1,2.9,1.2,4.1,59,165,29,47,23,122,24,1,65,30,51,6,76
Jørgen Strand Larsen,Wolves,FW,24,2587,14,4,10.3,3.0,13.3,17,29,6,19,21,19,4,1,20,8,14,9,112
Marshall Munetsi,Wolves,"MF,FW",28,1078,2,1,3.3,1.8,5.1,9,10,10,10,9,7,3,2,11,3,4,4,35
Matheus Cunha,Wolves,"MF,FW",25,2597,15,6,8.6,7.7,16.4,112,144,142,71,56,92,58,10,137,61,95,41,161
Pablo Sarabia,Wolves,"MF,FW",32,814,3,2,2.9,1.8,4.6,15,60,47,15,15,39,20,3,15,6,15,0,62
Ander Guevara,Alavés,MF,27,1947,0,1,0.9,0.6,1.5,14,112,5,18,12,95,11,1,15,9,16,0,19
Antonio Blanco,Alavés,MF,24,2727,0,1,0.8,1.6,2.4,13,146,29,27,15,142,19,9,21,15,17,0,19
Carles Aleñá,Alavés,"MF,FW",26,1090,0,2,0.7,1.3,2.0,18,58,31,24,19,35,14,2,24,12,25,2,43
Carlos Martín,Alavés,"FW,MF",22,1333,2,2,2.3,2.7,5.0,13,21,24,28,13,15,7,4,36,9,11,4,67
Carlos Vicente,Alavés,"FW,MF",25,3092,4,5,3.5,5.4,8.1,104,68,269,62,63,36,38,29,106,34,48,28,226
Joan Jordán,Alavés,MF,30,1414,2,2,4.8,2.3,4.0,7,104,106,11,31,102,15,5,7,6,19,1,35
Jon Guridi,Alavés,"MF,FW",29,2080,2,1,4.2,1.2,4.6,27,79,17,14,17,55,11,3,26,8,31,4,90
Kiké,Alavés,FW,34,2542,10,0,9.6,0.9,8.2,25,50,13,59,13,30,6,1,35,13,18,10,158
Stoichkov,Alavés,"MF,FW",30,699,0,1,1.1,1.2,2.3,9,26,13,16,7,16,10,1,18,6,5,3,41
Tomás Conechny,Alavés,"FW,MF",26,847,1,0,2.4,0.3,2.7,14,23,31,11,7,14,11,8,13,6,18,2,61
Toni Martínez,Alavés,FW,27,1012,4,0,3.6,0.6,4.2,13,11,7,13,11,11,4,1,15,9,9,7,57
Beñat Prados,Athletic Club,MF,23,1715,1,0,1.0,1.1,2.1,20,78,9,15,11,70,6,1,30,15,19,1,32
Gorka Guruzeta,Athletic Club,FW,27,1840,7,2,6.7,1.5,8.1,8,31,5,21,15,23,2,0,20,11,12,2,64
Iñaki Williams,Athletic Club,FW,30,2652,6,8,7.6,7.8,15.4,107,76,115,39,43,38,51,15,101,33,39,49,302
Iñigo Ruiz de Galarreta,Athletic Club,MF,30,1477,0,4,0.5,2.9,3.4,27,137,29,17,28,101,25,3,23,16,14,3,39
Maroan Sannadi,Athletic Club,FW,23,754,1,1,3.5,0.6,4.1,21,15,6,30,7,13,8,0,30,14,7,9,67
Mikel Jauregizar,Athletic Club,MF,20,2244,2,1,1.1,1.4,2.5,14,118,27,42,23,106,11,1,42,20,25,1,31
Mikel Vesga,Athletic Club,MF,31,988,0,0,1.2,1.0,1.4,10,64,8,4,12,51,5,0,12,7,13,3,22
Nico Williams,Athletic Club,FW,22,1996,5,5,4.2,3.5,7.7,118,69,107,35,40,23,29,8,187,68,58,58,254
Oihan Sancet,Athletic Club,MF,24,1620,12,1,9.7,1.9,9.2,52,90,18,24,21,66,15,1,50,24,39,8,115
Unai Gómez,Athletic Club,"MF,FW",21,1284,1,3,1.9,0.8,2.7,19,23,23,18,10,20,1,0,29,12,17,3,49
Álex Berenguer,Athletic Club,"FW,MF",29,2339,6,7,6.8,5.0,11.0,65,78,178,30,46,49,28,11,82,33,40,27,216
Álvaro djaló,Athletic Club,FW,24,659,1,0,0.8,0.9,1.7,22,13,14,14,4,6,6,4,36,14,23,6,60
Alexander Sørloth,Atlético Madrid,FW,28,1566,19,2,16.8,1.6,17.6,32,31,5,13,13,19,10,1,37,14,13,15,81
Antoine Griezmann,Atlético Madrid,"FW,MF",33,2469,7,7,7.4,7.1,12.9,46,143,138,26,48,105,47,11,35,15,56,6,177
Conor Gallagher,Atlético Madrid,MF,24,1633,3,3,2.8,1.2,3.9,24,64,13,39,12,47,14,1,42,17,23,7,64
Giuliano Simeone,Atlético Madrid,MF,21,1926,2,6,2.2,5.2,7.4,69,49,49,42,24,30,27,10,68,30,42,24,189
Julián Álvarez,Atlético Madrid,FW,24,2509,13,4,14.1,5.3,16.3,79,92,69,9,41,45,38,5,65,34,51,29,162
Koke,Atlético Madrid,MF,32,1926,1,1,1.1,1.4,2.5,22,132,22,16,16,134,22,6,22,9,21,0,18
Pablo Barrios,Atlético Madrid,MF,21,2330,1,4,1.3,2.4,3.7,29,142,26,27,26,148,24,5,42,25,35,6,69
Rodrigo De Paul,Atlético Madrid,MF,30,2106,3,5,1.3,5.6,6.9,85,231,59,49,42,180,58,13,35,14,66,3,64
Ángel Correa,Atlético Madrid,"FW,MF",29,805,4,1,4.5,2.1,6.6,30,25,24,11,14,19,10,1,38,13,20,13,85
Dani Olmo,Barcelona,"MF,FW",26,1212,8,3,6.5,3.0,7.9,33,81,21,27,26,49,29,1,45,23,35,7,97
Fermin López,Barcelona,"MF,FW",21,1252,6,5,5.6,3.9,9.5,31,79,47,21,29,65,20,6,55,25,22,12,108
Ferrán Torres,Barcelona,"FW,MF",24,1106,10,6,8.0,3.1,11.0,23,35,17,16,19,17,18,2,21,11,14,13,98
Frenkie de Jong,Barcelona,MF,27,1143,2,2,0.7,2.0,2.6,36,120,6,18,21,140,12,0,8,5,38,1,24
Gavi,Barcelona,"MF,FW",19,1085,1,1,0.9,1.6,2.4,13,77,9,26,14,92,11,1,18,9,16,1,42
Lamine Yamal,Barcelona,FW,17,2856,9,13,9.8,13.9,23.8,181,160,108,60,64,78,95,16,316,161,96,95,433
Marc Casado,Barcelona,MF,20,1611,1,3,1.1,1.4,2.4,12,107,9,36,9,138,6,0,9,4,22,0,24
Pedri,Barcelona,MF,21,2879,4,5,2.2,7.4,9.6,92,360,58,51,70,331,79,4,61,40,103,8,136
Raphinha,Barcelona,"FW,MF",27,2839,16,9,19.2,12.7,30.3,94,135,215,37,91,87,67,18,103,52,66,46,349
Robert Lewandowski,Barcelona,FW,35,2667,24,2,27.1,2.3,26.3,27,48,5,39,19,31,9,0,35,20,11,16,164
Abde Ezzalzouli,Betis,"FW,MF",22,1984,2,2,8.0,2.0,9.3,117,68,49,38,27,42,19,2,103,46,75,58,215
Antony,Betis,FW,24,1362,5,2,2.9,3.5,6.3,94,67,40,27,36,34,43,7,63,24,77,30,157
Cucho,Betis,FW,25,1139,5,1,3.8,1.5,5.3,27,34,12,9,14,20,10,1,26,17,9,14,82
Cédric Bakambu,Betis,FW,33,710,2,2,3.2,0.6,3.7,9,14,2,7,8,9,5,0,7,1,4,7,43
Ezequiel Ávila,Betis,FW,30,677,2,0,1.5,1.0,2.5,12,18,29,18,15,1,11,6,11,5,7,4,48
Giovani Lo Celso,Betis,"MF,FW",28,1457,6,3,4.8,4.9,7.3,26,132,95,63,43,89,41,1,55,21,31,9,66
Isco,Betis,MF,32,1547,4,8,8.6,4.4,8.2,38,152,92,44,61,120,31,5,59,27,54,5,112
Jesus Rodríguez,Betis,FW,18,1111,2,0,2.3,0.2,2.5,53,35,18,38,8,15,19,2,84,30,36,39,99
Johnny Cardoso,Betis,MF,22,2144,3,1,2.0,0.9,3.0,19,71,3,27,9,63,4,0,42,26,16,1,28
Marc Roca,Betis,MF,27,906,2,2,1.1,1.0,2.1,11,59,10,5,12,51,6,2,5,4,14,0,13
Pablo Fornals,Betis,"MF,FW",28,1827,2,0,1.8,3.3,5.1,32,146,54,14,36,93,33,8,28,8,34,7,85
Sergi Altimira,Betis,MF,22,1972,0,1,1.7,1.7,3.3,25,99,5,33,22,91,13,0,24,16,14,1,30
Vitor Roque,Betis,FW,19,1235,4,0,6.1,1.2,7.3,24,17,6,30,12,4,10,3,39,10,14,16,57
Alfon,Celta Vigo,"FW,MF",25,1371,5,2,4.6,2.6,7.2,89,22,40,31,24,8,7,1,63,25,39,47,170
Anastasios Douvikas,Celta Vigo,FW,24,700,3,1,4.4,0.2,4.7,6,6,1,27,3,2,1,0,13,4,7,4,43
Borja Iglesias,Celta Vigo,FW,31,1952,11,3,9.3,3.2,12.6,22,28,6,34,18,20,9,0,32,11,13,13,108
Damián Rodríguez,Celta Vigo,MF,21,927,0,0,0.1,0.8,0.9,8,71,30,9,17,85,4,0,2,0,8,0,12
Fer López,Celta Vigo,"FW,MF",,671,2,0,2.7,1.9,4.6,27,43,2,8,14,19,12,0,34,18,20,7,58
Fran Beltrán,Celta Vigo,MF,25,2421,2,1,1.0,1.8,2.8,28,152,5,12,15,132,14,1,19,10,29,2,29
Hugo Sotelo,Celta Vigo,MF,20,1254,0,0,0.2,1.7,1.8,21,83,50,9,19,100,12,3,20,8,18,2,38
Iago Aspas,Celta Vigo,"FW,MF",36,1745,5,5,8.7,4.6,8.6,50,132,15,34,38,74,35,4,27,15,39,15,143
Ilaix Moriba,Celta Vigo,MF,21,2132,1,1,1.7,1.5,3.2,34,119,6,58,20,107,19,2,49,15,36,9,64
Jonathan Bamba,Celta Vigo,"FW,MF",28,811,0,1,0.8,1.8,2.6,31,30,25,17,12,20,13,6,38,15,15,8,71
Pablo Durán,Celta Vigo,"FW,MF",23,1394,4,4,3.6,2.8,6.5,24,30,18,18,17,21,10,3,42,12,14,13,124
Williot Swedberg,Celta Vigo,"FW,MF",20,1348,4,5,5.2,2.6,7.9,34,28,18,32,16,16,12,1,44,10,21,18,116
Alejo Véliz,Espanyol,FW,20,1127,1,0,2.3,0.6,2.8,2,8,0,33,3,9,0,0,5,1,3,0,27
Alex Král,Espanyol,MF,26,2714,0,1,1.5,1.5,3.0,49,78,38,23,12,74,12,4,55,29,33,7,79
Antoniu,Espanyol,"FW,MF",21,1022,0,1,0.9,1.1,1.9,35,28,20,23,7,10,7,3,54,29,23,5,63
Edu Expósito,Espanyol,MF,27,1045,0,2,1.0,3.2,4.2,23,64,66,22,28,36,14,4,28,15,20,4,41
Irvin Cardona,Espanyol,"FW,MF",26,606,1,1,1.1,0.6,1.7,14,15,14,8,9,9,11,4,13,3,14,6,43
Javi Puado,Espanyol,"FW,MF",26,2974,7,4,11.6,3.0,10.7,73,75,27,27,22,36,15,4,61,21,48,22,113
Jofre,Espanyol,"MF,FW",23,2165,3,3,2.5,2.5,5.0,65,48,54,59,24,17,15,9,112,39,51,27,156
Pol Lozano,Espanyol,MF,24,1943,0,1,0.2,0.8,1.0,18,115,19,14,17,95,11,4,19,5,12,0,12
Roberto Férnandez,Espanyol,FW,22,1497,6,0,3.6,0.6,4.2,7,17,2,25,8,9,7,0,27,11,10,3,50
Urko González,Espanyol,MF,23,1374,0,2,0.5,0.7,1.3,18,62,3,11,10,37,5,0,17,6,14,3,8
Walid Cheddira,Espanyol,FW,26,640,1,1,1.0,1.2,2.2,8,12,2,27,6,3,1,0,20,4,6,8,34
Alex Sola,Getafe,"MF,FW",25,1029,0,1,1.0,0.7,1.6,24,23,18,26,9,12,2,1,61,21,12,10,61
Bertuğ Yıldırım,Getafe,FW,22,1083,1,0,2.5,1.2,3.7,8,14,7,18,9,9,9,3,16,7,4,2,48
Borja Mayoral,Getafe,FW,27,1114,4,1,3.4,0.9,3.6,10,13,9,15,8,11,2,0,20,6,9,8,43
Carles Pérez,Getafe,"MF,FW",26,1431,3,0,2.4,1.5,3.9,31,20,42,11,17,17,14,8,50,21,33,9,77
Christantus Uche,Getafe,"FW,MF",21,2486,4,6,3.8,2.9,6.7,43,49,22,68,29,37,16,4,91,32,26,18,148
Coba da Costa,Getafe,"MF,FW",22,1006,1,1,1.1,1.4,2.6,46,16,41,10,9,14,10,7,56,19,23,25,83
Juanmi,Getafe,"FW,MF",31,696,0,0,2.9,0.3,3.2,6,8,0,10,4,3,4,0,10,4,5,1,28
Luis Milla,Getafe,MF,29,2875,0,4,1.8,3.9,4.9,32,152,201,48,70,149,26,10,39,21,37,4,30
Mauro Arambarri,Getafe,MF,28,2661,7,0,8.2,0.6,6.5,17,75,14,52,17,74,4,1,34,18,8,3,55
Ramón Terrats,Getafe,"MF,FW",23,1219,4,1,2.2,2.5,4.7,8,36,35,22,16,29,9,3,50,25,10,4,37
Álvaro Rodríguez,Getafe,FW,20,852,2,0,1.2,0.3,1.5,6,13,5,19,5,15,2,1,33,16,13,2,50
Abel Ruiz,Girona,FW,24,1346,3,0,4.6,0.5,3.5,21,23,4,13,8,14,5,0,20,7,12,10,71
Arnaut Danjuma,Girona,"FW,MF",27,1335,2,0,3.6,1.7,5.3,91,41,76,16,22,17,24,8,67,24,42,38,185
Arthur Melo,Girona,MF,27,941,0,0,0.2,0.2,0.4,24,70,7,27,5,70,4,1,14,8,18,0,17
Bojan Miovski,Girona,FW,25,869,2,1,2.7,0.2,2.9,4,4,3,11,4,2,1,1,7,3,1,4,33
Bryan Gil,Girona,"FW,MF",23,1721,3,3,2.3,2.9,5.2,76,74,78,40,21,27,33,7,104,41,43,34,210
Cristhian Stuani,Girona,FW,37,1078,8,2,8.1,0.6,6.5,2,10,2,7,6,1,3,0,5,2,0,2,36
Donny van de Beek,Girona,MF,27,1421,2,2,1.5,3.2,4.7,17,45,11,8,18,21,11,0,13,6,15,2,85
Iván Martín,Girona,MF,25,2039,1,1,1.8,1.9,3.6,57,131,21,14,22,101,15,3,47,25,55,1,76
Oriol Romeu,Girona,MF,32,1356,0,0,0.1,0.3,0.4,22,73,8,18,8,81,2,1,8,4,16,1,8
Portu,Girona,"FW,MF",32,779,1,2,1.6,1.7,3.3,20,16,26,10,14,12,7,3,10,4,15,4,79
Viktor Tsyhankov,Girona,"FW,MF",26,1913,2,5,2.8,3.9,6.7,62,65,124,28,33,38,24,6,35,15,46,27,195
Yangel Herrera,Girona,MF,26,2257,4,3,3.6,1.5,5.1,31,110,44,68,17,97,13,3,47,19,35,3,99
Yaser Asprilla,Girona,"FW,MF",20,1405,3,1,2.1,2.8,4.9,72,77,93,23,24,35,38,9,64,29,37,29,140
Alberto Moleiro,Las Palmas,"FW,MF",20,2714,6,1,5.6,3.3,8.9,97,116,32,40,41,75,29,5,150,64,71,28,179
Dario Essugo,Las Palmas,MF,19,1938,1,0,0.7,0.4,1.0,18,76,1,30,13,73,8,0,18,12,21,2,8
Enzo Loiodice,Las Palmas,MF,23,684,0,0,0.3,0.2,0.4,3,31,10,6,5,30,1,0,13,4,6,1,3
Fábio Silva,Las Palmas,FW,22,1866,8,3,8.8,2.0,8.4,30,26,21,43,16,13,14,3,53,21,11,21,119
Jaime Mata,Las Palmas,"FW,MF",35,656,0,0,2.6,0.1,2.8,6,10,9,14,3,8,3,1,9,5,3,2,48
José Campaña,Las Palmas,MF,31,1189,0,3,0.1,0.9,1.1,11,87,34,20,14,72,12,4,18,8,12,1,15
Kirian Rodríguez,Las Palmas,MF,28,1758,0,3,1.6,1.5,3.0,25,128,18,18,16,106,14,1,16,11,24,0,39
Manuel Fuster,Las Palmas,"FW,MF",26,1003,2,1,0.7,1.8,2.5,23,71,67,37,28,56,24,5,17,5,15,3,75
Oliver McBurnie,Las Palmas,FW,28,1837,3,6,4.8,2.8,7.6,7,27,2,19,24,23,7,1,34,16,4,7,75
Sandro Ramírez,Las Palmas,"FW,MF",29,2034,8,3,4.1,3.4,6.7,52,52,122,43,28,33,10,3,47,16,21,24,121
Dani Raba,Leganés,"FW,MF",28,1879,4,6,7.5,5.3,8.9,42,69,90,56,47,50,24,4,91,46,42,10,101
Darko Brašanac,Leganés,MF,32,1617,1,2,1.8,0.4,2.2,6,43,11,13,9,28,2,0,7,2,12,1,53
Diego,Leganés,FW,24,1195,3,0,3.8,0.2,4.0,9,16,5,23,6,8,3,1,10,4,11,5,49
Juan Cruz,Leganés,"FW,MF",24,2257,5,4,2.7,4.1,6.9,59,66,92,23,24,34,32,14,78,40,43,21,131
Miguel,Leganés,FW,24,1724,0,3,4.9,1.4,4.8,14,16,9,30,7,9,5,1,36,8,17,9,90
Munir El Haddadi,Leganés,"FW,MF",28,862,4,0,1.6,0.8,2.3,11,29,13,39,8,19,6,1,21,7,9,1,42
Seydouba Cissé,Leganés,MF,23,2435,3,1,3.0,1.0,4.0,26,110,10,25,17,86,15,1,45,30,34,3,42
Yvan Neyou,Leganés,MF,27,2312,1,1,0.6,0.6,1.3,24,96,15,50,13,86,10,1,42,19,26,1,30
Óscar Rodríguez Arnaiz,Leganés,"MF,FW",26,1330,1,4,2.1,2.2,4.3,24,60,55,25,19,31,21,7,52,21,24,8,66
Cyle Larin,Mallorca,FW,29,1764,6,2,6.9,1.4,7.5,20,20,6,31,8,11,3,0,30,8,18,9,95
Dani Rodríguez,Mallorca,"MF,FW",36,2162,4,7,2.8,3.1,6.0,37,78,116,40,33,42,17,6,34,16,38,5,108
Manu Morlanes,Mallorca,MF,25,1338,0,0,0.6,0.3,0.9,16,88,8,13,10,84,10,3,8,3,23,0,39
Omar Mascarell,Mallorca,MF,31,1992,1,0,0.5,0.2,0.7,10,75,5,13,3,72,3,0,15,10,13,1,12
Roberto Navarro,Mallorca,"MF,FW",22,1278,1,0,2.0,1.9,3.9,45,51,29,21,13,27,14,3,67,35,46,10,85
Samu Costa,Mallorca,MF,23,2649,0,2,1.8,1.2,3.0,24,116,20,63,15,117,14,5,33,13,18,1,69
Sergi Darder,Mallorca,"MF,FW",30,2744,2,6,2.1,3.7,5.8,37,142,163,37,54,122,33,15,74,34,58,7,83
Takuma Asano,Mallorca,"FW,MF",29,1054,2,1,2.7,0.7,3.4,28,20,20,15,6,8,3,2,25,6,12,12,76
Vedat Muriqi,Mallorca,FW,30,2058,5,2,9.7,2.2,9.5,23,30,10,41,26,23,6,0,26,9,12,10,103
Aimar Oroz,Osasuna,MF,22,2966,4,4,4.2,2.9,6.5,74,163,29,64,41,91,36,5,101,49,73,17,142
Ante Budimir,Osasuna,FW,33,2952,13,4,18.3,1.7,13.9,23,24,6,35,16,12,7,0,43,10,15,8,134
Bryan Zaragoza,Osasuna,"FW,MF",23,1836,1,6,2.7,3.2,5.9,105,50,104,39,36,23,34,20,131,57,62,51,140
Iker Muñoz,Osasuna,MF,21,610,0,1,0.5,1.0,1.4,6,24,7,14,6,30,6,2,4,2,3,0,10
Jon Moncayola,Osasuna,MF,26,2099,0,0,1.6,3.7,5.3,25,107,107,9,33,76,25,13,12,4,15,6,51
Lucas Torró,Osasuna,MF,30,2957,3,0,2.3,1.2,3.5,10,109,1,37,10,114,5,0,9,6,14,0,30
Moi Gómez,Osasuna,"MF,FW",30,796,0,0,0.5,0.8,1.2,13,49,28,6,11,46,13,9,26,14,10,1,16
Pablo Ibáñez,Osasuna,MF,25,1294,1,1,1.6,1.6,3.2,21,51,13,29,6,35,4,2,27,13,20,3,31
Raúl,Osasuna,"FW,MF",23,750,4,0,3.5,0.7,4.1,10,16,6,12,3,11,1,0,20,11,11,4,49
Rubén García,Osasuna,"FW,MF",31,2413,5,5,3.2,3.6,6.8,37,112,136,31,49,77,31,16,36,12,46,13,157
Adri Embarba,Rayo Vallecano,"FW,MF",32,1607,1,1,2.1,2.7,4.8,47,45,114,21,20,23,17,10,56,20,33,12,114
Gerard Gumbau,Rayo Vallecano,MF,29,849,0,1,1.1,1.3,2.4,2,41,38,11,17,37,3,1,4,2,9,0,21
Isaac Palazón Camacho,Rayo Vallecano,"MF,FW",29,2162,4,4,4.7,4.4,9.2,30,117,111,53,48,77,19,4,66,25,29,7,123
Jorge de Frutos,Rayo Vallecano,"FW,MF",27,2495,6,3,6.3,3.4,9.8,77,44,69,33,31,22,28,13,104,32,50,28,201
Pedro Díaz,Rayo Vallecano,MF,26,1211,3,0,2.4,2.1,3.7,27,62,42,6,26,45,17,2,34,20,30,2,49
Randy Nteka,Rayo Vallecano,FW,26,1129,3,0,2.6,0.5,3.1,10,8,4,15,9,5,2,0,15,5,3,5,44
Sergio Camello,Rayo Vallecano,FW,23,1134,3,2,4.1,2.0,6.1,20,27,6,10,19,12,7,0,23,13,16,8,68
Unai López,Rayo Vallecano,MF,28,1707,3,1,1.6,1.0,2.6,22,112,33,21,19,106,11,2,23,15,23,3,40
Álvaro García,Rayo Vallecano,"FW,MF",31,2559,4,5,7.6,5.0,12.6,68,71,109,19,50,27,44,18,27,10,28,25,245
Óscar Valentín,Rayo Vallecano,MF,29,1835,0,0,0.4,0.9,1.3,13,86,2,31,13,74,6,1,11,5,13,1,8
Arda Güler,Real Madrid,"MF,FW",19,1250,3,4,3.3,4.5,7.7,34,93,57,31,40,82,31,5,45,20,33,10,86
Brahim Díaz,Real Madrid,"FW,MF",24,1385,4,2,5.3,3.3,8.6,39,74,8,34,23,56,19,0,47,24,16,12,110
Dani Ceballos,Real Madrid,MF,27,1215,0,0,0.4,1.6,2.0,42,150,14,30,22,156,10,0,15,8,30,2,17
Jude Bellingham,Real Madrid,MF,21,2488,8,8,11.4,3.9,13.7,74,199,18,64,42,130,31,0,75,41,61,14,143
Kylian Mbappé,Real Madrid,FW,25,2907,24,3,25.9,7.7,26.3,150,140,35,40,51,75,52,3,187,83,95,96,386
Luka Modrić,Real Madrid,MF,38,1827,2,6,1.6,7.0,8.5,62,208,112,19,66,225,34,2,24,14,58,13,63
Rodrygo,Real Madrid,"FW,MF",23,1928,6,5,4.0,3.0,6.9,113,108,81,37,49,66,26,2,111,49,87,50,253
Vinicius Júnior,Real Madrid,FW,24,2253,9,8,10.4,8.0,16.2,169,85,56,70,58,53,36,6,191,82,87,106,256
Ander Barrenetxea,Real Sociedad,"MF,FW",22,1263,1,3,1.6,1.9,3.6,43,48,54,13,16,23,22,4,69,26,26,19,152
Beñat Turrientes,Real Sociedad,MF,22,942,0,0,0.6,0.2,0.7,18,42,19,23,3,40,2,1,24,13,17,1,28
Brais Méndez,Real Sociedad,MF,27,1531,3,2,3.5,2.0,5.5,32,91,52,45,23,68,13,3,50,14,17,8,86
Luka Sučić,Real Sociedad,MF,21,1792,1,1,3.3,2.6,5.9,30,79,18,15,25,52,13,2,53,25,34,5,56
Martín Zubimendi,Real Sociedad,MF,25,2962,2,1,2.6,1.1,3.7,38,195,12,19,19,172,23,1,28,19,34,5,43
Mikel Oyarzabal,Real Sociedad,FW,27,2250,5,3,9.9,2.4,9.2,31,28,10,22,15,19,10,3,20,9,18,16,133
Olasagasti,Real Sociedad,MF,23,857,1,1,0.9,0.8,1.7,11,38,10,7,6,34,8,0,13,3,16,2,41
Orri Steinn Óskarsson,Real Sociedad,FW,19,944,3,0,5.2,0.2,5.4,6,9,7,6,5,4,3,1,8,2,2,5,50
Pablo Marín,Real Sociedad,MF,21,1239,1,2,1.4,1.0,2.4,20,45,12,16,14,38,9,2,35,20,20,6,47
Sheraldo Becker,Real Sociedad,"FW,MF",29,995,2,1,2.0,2.0,4.0,51,23,64,15,8,6,17,5,11,4,16,14,110
Takefusa Kubo,Real Sociedad,"MF,FW",23,2372,5,0,3.6,4.5,8.0,133,110,85,73,45,59,45,11,157,75,63,57,218
Albert Sambi Lokonga,Sevilla,MF,24,1471,0,2,0.9,1.0,1.9,24,93,2,21,19,81,8,0,10,4,14,1,20
Chidera Ejuke,Sevilla,FW,26,966,2,1,1.1,1.9,3.0,75,38,22,16,21,18,20,5,85,47,35,26,101
Djibril Sow,Sevilla,MF,27,2062,2,1,2.4,1.6,4.0,23,100,9,41,21,87,10,1,25,10,16,3,50
Dodi Lukebakio,Sevilla,FW,26,3092,10,2,10.1,4.5,13.8,131,93,124,55,54,50,24,6,167,84,83,65,247
Isaac Romero,Sevilla,FW,24,2156,4,2,6.8,2.1,8.1,21,29,18,37,20,20,11,4,65,21,10,14,95
Lucien Agoume,Sevilla,MF,22,2114,1,3,0.9,2.5,3.3,29,135,18,6,27,126,19,3,30,22,23,2,23
Peque,Sevilla,"MF,FW",21,1134,1,1,2.5,1.2,3.7,14,35,10,26,12,25,6,1,26,11,12,1,44
Ruben Vargas,Sevilla,"FW,MF",25,671,2,1,2.0,0.8,2.7,29,14,37,9,13,11,9,5,33,12,15,11,63
Saúl Ñíguez,Sevilla,MF,29,1553,1,6,2.8,2.5,5.3,13,66,19,11,22,51,8,2,28,12,15,3,39
Suso,Sevilla,"FW,MF",30,606,0,2,0.7,1.6,2.3,20,43,59,16,22,31,13,4,32,14,22,2,74
Diego López,Valencia,"MF,FW",22,2737,8,5,6.6,5.0,11.6,76,85,67,33,38,43,34,9,77,23,51,24,219
Domingos André Ribeiro Almeida,Valencia,"MF,FW",24,1977,0,4,1.2,3.2,4.4,45,142,67,38,43,96,24,5,54,22,48,11,77
Enzo Barrenechea,Valencia,MF,23,2191,1,2,1.3,0.9,2.3,21,126,3,45,15,143,7,0,31,11,17,0,16
Hugo Duro,Valencia,FW,24,2166,10,2,9.4,1.3,9.9,13,28,7,50,14,18,3,0,20,7,8,7,88
Javier Guerra,Valencia,MF,21,2581,3,3,2.2,3.2,5.4,50,137,45,30,23,119,23,4,78,29,42,13,84
José Luis García Vayá,Valencia,MF,25,1742,0,2,2.1,2.1,2.6,13,142,109,19,32,163,6,3,13,8,16,1,19
Luis Rioja,Valencia,"MF,FW",30,2831,3,3,3.3,4.5,6.2,93,103,203,38,35,42,60,25,91,43,57,28,228
Rafa Mir,Valencia,"FW,MF",27,753,1,2,3.0,0.7,3.8,10,20,7,7,4,15,4,2,14,2,7,0,28
Umar Sadiq,Valencia,FW,27,825,5,0,3.4,0.7,4.1,9,7,0,16,6,4,0,0,25,11,8,3,49
Anuar,Valladolid,"MF,FW",29,1720,2,0,1.7,1.2,2.9,24,30,22,48,7,19,3,2,24,7,15,6,68
Chuky san jose,Valladolid,MF,20,728,2,0,2.2,1.2,3.4,6,15,24,10,8,10,5,3,9,4,5,1,27
Darwin Machís,Valladolid,"MF,FW",31,639,0,1,0.9,0.5,1.4,17,19,68,14,8,17,5,4,20,5,15,1,43
Florian Grillitsch,Valladolid,MF,28,623,0,0,0.1,0.7,0.8,9,38,6,12,8,29,5,0,15,11,4,0,7
Iván Sánchez,Valladolid,"MF,FW",31,1404,2,1,0.7,2.9,3.5,60,77,114,48,24,52,23,15,49,28,34,11,93
Juanmi Latasa,Valladolid,FW,23,1398,3,0,4.2,0.9,5.1,3,17,5,36,13,11,5,1,15,8,3,0,40
Kike Pérez,Valladolid,MF,27,1191,2,0,2.1,1.0,3.1,19,67,33,21,17,47,5,0,22,8,18,4,28
Mamadou Sylla,Valladolid,"FW,MF",30,1583,1,1,5.1,1.7,3.6,15,22,9,32,14,13,5,0,17,5,8,6,52
Marcos André,Valladolid,FW,27,1188,1,2,2.7,0.8,3.5,11,16,1,28,9,13,3,0,41,17,9,5,39
Mario Martín,Valladolid,MF,20,1748,0,1,1.8,1.4,3.2,18,66,11,44,12,52,3,1,38,19,16,2,22
Raúl Moro,Valladolid,"MF,FW",21,2341,4,5,4.1,5.7,9.8,112,81,149,16,44,41,38,22,132,57,69,60,190
Selim Amallah,Valladolid,MF,27,1376,2,1,3.5,1.1,3.8,24,57,31,28,13,42,11,0,68,33,17,6,27
Stanko Jurić,Valladolid,MF,27,1729,0,0,0.8,0.5,1.3,5,57,0,9,4,40,4,0,10,6,6,2,8
Alex Baena,Villarreal,"MF,FW",23,2595,7,9,7.1,11.7,18.1,91,189,207,47,95,95,72,19,56,21,93,15,154
Ayoze Pérez,Villarreal,FW,31,1970,19,2,12.7,3.0,15.7,59,73,15,39,32,37,21,5,78,34,31,33,124
Daniel Parejo,Villarreal,MF,35,2273,2,3,2.5,1.8,2.7,19,176,37,37,23,176,17,3,12,8,29,0,26
Denis Suárez,Villarreal,MF,30,608,1,1,0.9,1.5,2.4,27,35,25,7,14,21,8,3,17,10,18,5,24
Gerard Moreno,Villarreal,FW,32,721,0,2,4.2,3.6,5.5,19,53,10,11,17,30,15,2,31,18,14,9,60
Nicolas Pépé,Villarreal,"FW,MF",29,1500,3,6,3.8,4.8,8.6,76,60,44,25,33,25,27,3,64,27,40,30,159
Pape Gueye,Villarreal,MF,25,2224,4,0,3.4,1.1,4.5,36,156,20,62,17,118,23,2,33,11,28,7,69
Santi Comesaña,Villarreal,MF,27,2560,4,2,4.6,2.0,6.6,39,154,14,27,27,143,30,3,34,18,30,6,58
Thierno Barry,Villarreal,FW,21,2323,10,4,12.5,2.9,14.6,44,27,5,51,23,14,12,1,50,18,35,25,124
Yeremi Pino,Villarreal,"MF,FW",21,1934,4,7,3.9,5.3,9.2,42,66,47,30,37,35,32,8,58,25,26,21,213
Esteban Lepaul,Angers,FW,24,1629,9,0,5.1,0.8,6.0,26,20,15,17,7,13,7,2,21,6,15,10,68
Farid El Melali,Angers,FW,27,1893,2,3,3.6,3.1,6.7,62,43,87,46,25,18,14,2,119,52,39,31,113
Haris Belkebla,Angers,MF,30,1792,0,1,0.1,0.9,1.0,8,69,3,32,5,68,3,0,22,9,15,1,15
Himad Abdelli,Angers,"MF,FW",24,2842,3,1,6.4,3.2,6.4,107,207,44,32,39,171,38,3,121,57,90,17,111
Ibrahima Niane,Angers,FW,25,943,2,1,5.7,1.0,6.0,19,9,2,30,9,13,2,0,19,6,15,8,50
Jean-Eudes Aholou,Angers,MF,30,1959,2,0,1.8,1.0,2.8,15,68,2,25,10,46,7,0,28,12,8,2,16
Jim Allevinah,Angers,FW,29,1750,1,3,4.2,2.5,6.7,57,48,34,25,15,28,13,3,48,15,34,8,99
Yassin Belkhdim,Angers,MF,22,1523,1,1,0.8,0.6,1.4,17,37,16,15,5,27,3,1,15,2,7,2,31
Zinedine Ferhat,Angers,"FW,MF",31,849,2,0,1.4,2.4,3.7,16,40,68,15,17,24,13,3,22,10,10,4,64
Ado Onaiwu,Auxerre,"MF,FW",28,957,4,1,4.0,1.1,5.1,17,33,7,12,10,21,9,4,25,11,17,4,74
Assane Dioussé,Auxerre,MF,26,663,0,0,0.1,0.2,0.3,1,33,1,11,2,21,0,0,6,2,5,1,6
Elisha Owusu,Auxerre,MF,26,2344,1,3,0.4,1.0,1.4,8,78,8,21,14,53,6,1,23,9,10,2,33
Gaëtan Perrin,Auxerre,"MF,FW",28,2691,10,11,6.1,7.8,13.9,83,142,162,20,73,87,34,7,127,60,61,37,125
Hamed Junior Traorè,Auxerre,MF,24,2093,10,2,7.9,2.7,10.6,66,99,42,40,27,53,27,5,98,34,49,19,146
Han-Noah Massengo,Auxerre,MF,23,1046,0,0,0.4,0.4,0.8,13,28,9,21,3,23,3,2,29,10,12,2,13
Kévin Danois,Auxerre,MF,20,1460,0,0,1.5,2.2,3.7,19,95,14,18,25,62,11,2,41,21,19,5,50
Lassine Sinayoko,Auxerre,"FW,MF",24,2299,4,8,6.5,5.5,11.3,53,62,25,33,37,28,17,3,73,28,30,28,193
Theo Bair,Auxerre,FW,24,939,2,1,3.0,1.2,4.2,15,16,7,5,10,10,0,0,8,2,4,9,42
Abdallah Sima,Brest,"FW,MF",23,1238,7,2,5.9,1.0,6.9,36,24,16,25,13,13,6,1,23,6,16,20,92
Hugo Magnetti,Brest,MF,26,2323,1,0,0.8,0.4,1.2,21,80,18,22,6,70,6,1,24,9,15,5,20
Kamory Doumbia,Brest,"MF,FW",21,1322,3,2,2.7,1.2,3.9,17,72,48,22,26,56,9,1,35,19,20,3,54
Ludovic Ajorque,Brest,FW,30,2495,13,2,10.4,3.1,12.7,10,41,7,26,35,29,11,1,17,8,11,4,124
Mahdi Camara,Brest,"MF,FW",26,2659,5,3,4.1,2.0,6.2,58,111,46,46,26,79,17,10,65,29,40,14,112
Mama Samba Baldé,Brest,FW,28,1149,2,3,3.0,2.1,5.1,35,22,10,22,16,13,5,2,55,17,16,23,100
Mathias Pereira Lage,Brest,"FW,MF",27,1571,2,7,3.3,3.5,6.8,32,41,99,28,22,23,14,6,28,10,17,9,100
Pierre Lees-Melou,Brest,MF,31,1526,2,2,1.3,2.8,4.0,23,105,22,30,19,110,13,4,21,12,19,5,36
Romain Del Castillo,Brest,FW,28,1259,3,4,4.7,3.4,4.9,29,61,103,17,37,44,26,11,44,19,26,7,106
Romain Faivre,Brest,"MF,FW",26,899,2,2,2.6,1.9,3.7,24,44,26,23,10,34,8,1,42,17,23,9,49
Abdoulaye Touré,Le Havre,MF,30,2324,2,1,9.4,0.4,2.6,17,109,11,45,7,90,10,5,33,17,14,0,28
André Ayew,Le Havre,FW,34,1453,4,1,4.3,0.2,4.6,5,18,7,30,8,7,3,0,13,5,3,3,43
Antoine Joujou,Le Havre,"MF,FW",21,943,0,2,0.6,3.0,3.7,44,18,37,7,15,8,15,10,61,30,23,17,85
Emmanuel Sabbi,Le Havre,"FW,MF",26,653,0,0,1.9,0.6,2.5,11,15,15,16,4,5,5,1,29,11,4,3,39
Issa Soumaré,Le Havre,"FW,MF",23,1902,5,4,3.8,3.1,6.9,61,45,42,60,28,17,16,4,57,16,40,13,144
Josué Casimir,Le Havre,"FW,MF",22,1997,4,4,3.3,3.4,6.7,71,41,85,46,26,22,13,7,48,22,33,28,151
Junior Mwanga,Le Havre,MF,21,952,1,2,1.3,1.0,2.3,15,42,21,6,7,37,4,2,16,7,7,2,15
Koka,Le Havre,FW,31,851,2,1,4.9,0.6,4.8,0,12,0,2,5,8,2,0,12,6,2,0,20
Oussama Targhalline,Le Havre,MF,22,990,0,0,0.1,0.7,0.9,25,66,16,10,6,50,13,2,13,5,25,1,34
Rassoul Ndiaye,Le Havre,MF,22,1061,1,0,1.7,0.6,2.4,6,46,32,10,10,30,9,3,12,3,5,0,30
Yassine Kechta,Le Havre,"MF,FW",22,2096,2,0,2.5,1.2,3.7,44,97,36,33,15,60,18,5,35,13,33,4,85
Adrien Thomasson,Lens,MF,30,2615,3,7,5.9,6.0,11.9,30,149,58,48,56,99,29,7,60,26,34,9,138
Anass Zaroury,Lens,"FW,MF",23,1405,2,2,1.7,2.9,4.6,49,65,125,24,35,39,34,13,35,17,41,8,107
Andy Diouf,Lens,MF,21,2225,1,2,2.9,2.8,5.7,82,116,30,21,33,60,31,3,87,43,74,10,94
Angelo Fulgini,Lens,"MF,FW",27,1045,1,1,2.4,3.8,6.2,29,69,44,26,28,31,27,8,38,11,26,8,113
Florian Sotoca,Lens,"FW,MF",33,1794,1,1,4.6,1.5,6.1,44,105,75,20,18,74,29,9,39,16,43,7,170
Goduine Koyalipou,Lens,FW,24,885,4,0,4.8,0.8,5.6,15,20,2,6,10,4,6,0,25,12,8,8,68
M'Bala Nzola,Lens,FW,27,1460,6,1,8.6,1.3,9.9,26,22,1,13,20,7,9,0,38,14,10,14,118
Neil El Aynaoui,Lens,MF,23,1588,5,1,4.0,2.0,3.6,11,75,65,32,22,76,7,2,21,5,13,2,29
Rémy Labeau Lascary,Lens,"FW,MF",21,637,2,1,2.5,1.1,3.6,17,7,19,9,7,7,9,6,26,12,7,9,71
Wesley Saïd,Lens,FW,29,905,3,0,3.2,1.0,4.2,16,24,8,4,9,11,12,0,19,9,10,8,53
André Gomes,Lille,MF,31,1276,0,0,0.5,0.7,1.3,18,101,11,12,10,96,15,1,24,10,19,0,28
Angel Gomes,Lille,MF,23,736,1,1,1.7,2.1,3.0,15,49,10,11,14,32,14,3,10,5,17,3,47
Ayyoub Bouaddi,Lille,MF,16,1151,0,1,0.1,1.0,1.1,11,37,3,9,5,36,1,0,29,14,9,3,26
Benjamin André,Lille,MF,33,2692,0,3,1.4,1.9,3.3,29,209,16,49,21,207,18,3,22,9,33,1,72
Chuba Akpom,Lille,FW,28,639,2,1,5.0,0.5,3.9,6,7,1,15,5,1,4,0,9,4,4,2,38
Edon Zhegrova,Lille,"FW,MF",25,978,4,1,2.3,2.2,4.5,37,54,58,11,16,17,26,3,55,23,31,18,81
Hákon Arnar Haraldsson,Lille,"MF,FW",21,1755,5,3,3.8,2.8,6.6,52,102,59,27,35,64,42,5,49,27,45,11,143
Jonathan David,Lille,FW,24,2554,10,5,16.2,4.4,15.1,40,65,4,36,36,29,26,0,42,20,25,20,184
Matias Fernandez-Pardo,Lille,"FW,MF",19,1065,4,2,2.9,2.8,5.7,46,26,30,21,16,10,11,0,50,20,30,26,85
Ngal'Ayel Mukau,Lille,MF,19,1190,0,1,0.8,0.7,1.5,19,57,5,15,12,52,8,1,17,9,18,3,43
Osame Sahraoui,Lille,"FW,MF",23,1293,3,3,2.9,3.6,6.5,69,89,12,12,29,47,41,3,79,35,39,23,159
Rémy Cabella,Lille,"FW,MF",34,1011,1,2,4.0,2.3,6.2,45,77,60,19,26,39,25,8,38,19,35,12,130
Alexandre Lacazette,Lyon,FW,33,2051,10,2,16.3,3.4,15.0,24,66,17,33,26,34,25,4,31,14,11,10,159
Corentin Tolisso,Lyon,MF,29,2329,7,4,5.3,4.9,10.2,31,166,32,50,31,147,35,4,21,11,35,3,133
Ernest Nuamah,Lyon,"FW,MF",20,1052,3,1,2.2,1.5,3.7,44,33,30,11,18,11,17,4,43,22,26,18,131
Georges Mikautadze,Lyon,FW,23,1449,8,6,10.3,4.3,11.4,37,54,9,23,21,21,14,0,59,17,16,21,140
Jordan Veretout,Lyon,MF,31,1553,2,0,1.9,0.6,2.5,35,99,26,11,13,86,12,0,9,5,18,6,60
Malick Fofana,Lyon,FW,19,1589,5,4,3.8,3.7,7.6,112,45,70,36,25,20,32,13,59,24,57,39,205
Nemanja Matić,Lyon,MF,35,2010,0,1,0.1,1.3,1.3,35,150,9,7,17,164,16,1,13,8,35,8,15
Rayan Cherki,Lyon,"FW,MF",20,2041,8,11,5.0,11.1,16.1,106,206,118,34,75,97,77,3,97,48,91,41,184
Saïd Benrahma,Lyon,"FW,MF",28,735,1,3,2.0,2.1,4.0,41,32,43,6,14,21,19,3,29,8,20,15,109
Tanner Tessmann,Lyon,MF,22,1234,1,0,1.0,0.6,1.6,11,56,14,14,7,64,3,0,20,10,16,1,27
Thiago Almada,Lyon,"MF,FW",23,951,1,4,2.0,2.6,4.6,38,97,47,8,22,58,20,2,14,8,34,10,50
Adrien Rabiot,Marseille,MF,29,2485,9,4,7.3,3.8,11.1,79,168,40,33,28,147,24,5,50,26,52,16,174
Amine Gouiri,Marseille,"FW,MF",24,1048,10,3,8.4,3.6,12.1,17,20,57,7,26,8,8,0,22,10,10,11,97
Ismaël Bennacer,Marseille,MF,26,646,0,2,0.1,1.8,1.9,14,72,28,11,13,83,13,2,11,7,24,1,8
Jon Rowe,Marseille,"FW,MF",21,807,3,3,3.5,4.5,8.0,30,31,28,26,18,8,14,5,48,20,16,11,96
Mason Greenwood,Marseille,"FW,MF",22,2804,14,5,16.3,5.7,14.8,126,157,110,37,47,78,70,14,129,54,71,67,295
Neal Maupay,Marseille,FW,27,1042,4,4,4.1,2.2,6.3,12,37,1,17,13,15,12,0,14,6,14,7,81
Pierre Højbjerg,Marseille,MF,28,2664,2,4,3.3,3.9,7.1,36,263,19,39,43,231,29,0,24,7,33,6,43
Aleksandr Golovin,Monaco,"MF,FW",28,1153,3,0,2.3,2.4,4.7,39,112,23,20,24,77,31,3,37,22,36,9,72
Breel Embolo,Monaco,"FW,MF",27,1841,6,4,10.8,5.6,16.4,22,55,6,43,32,22,23,0,42,14,15,12,140
Denis Zakaria,Monaco,MF,27,2144,4,4,5.2,1.4,5.0,27,113,7,21,16,91,23,2,36,21,30,8,36
Eliesse Ben Seghir,Monaco,"MF,FW",19,1750,4,3,5.5,5.2,9.3,85,122,52,55,33,71,45,4,96,35,83,25,170
Folarin Balogun,Monaco,FW,23,615,4,0,4.8,0.9,5.6,21,9,5,9,6,5,1,0,18,4,12,12,73
George Ilenikhena,Monaco,FW,17,717,3,2,5.1,1.4,6.5,8,10,0,10,9,3,3,0,17,3,5,5,58
Lamine Camara,Monaco,MF,20,2054,2,7,2.3,4.4,6.7,25,141,118,39,44,133,26,4,25,12,29,3,46
Maghnes Akliouche,Monaco,"FW,MF",22,2406,4,10,9.2,7.3,15.7,127,173,53,38,49,90,64,3,103,50,98,47,226
Mika Biereth,Monaco,FW,21,1228,12,2,11.3,4.5,14.2,14,24,8,30,22,11,16,1,11,1,8,5,110
Soungoutou Magassa,Monaco,MF,20,1025,0,1,0.5,0.9,1.4,6,63,7,20,7,67,10,2,23,15,9,1,11
Takumi Minamino,Monaco,"MF,FW",29,2231,6,3,8.9,6.6,15.5,51,114,23,23,40,66,33,0,40,12,28,27,193
Akor Adams,Montpellier,FW,24,1075,3,1,4.3,1.0,5.3,11,6,5,8,12,8,0,0,14,7,5,7,45
Andy Delort,Montpellier,FW,32,607,0,0,1.3,0.9,2.2,4,6,11,12,7,5,2,2,5,3,2,2,20
Arnaud Nordin,Montpellier,FW,26,1166,3,1,4.1,0.9,3.4,51,23,35,40,15,6,12,6,51,23,21,22,111
Jordan Ferri,Montpellier,MF,32,1773,0,2,0.4,0.9,1.3,19,137,25,30,13,119,11,4,28,9,16,2,42
Joris Chotard,Montpellier,MF,22,1892,1,0,1.3,0.5,1.7,20,80,30,10,7,80,11,4,16,8,13,0,35
Khalil Fayad,Montpellier,"MF,FW",20,1028,0,0,1.3,0.3,1.5,25,50,20,27,7,35,5,2,38,17,15,7,42
Musa Al-Taamari,Montpellier,"FW,MF",27,1116,2,1,2.6,1.5,4.1,55,30,14,26,12,12,12,1,71,23,29,25,76
Rabby Nzingoula,Montpellier,MF,18,1689,1,0,1.0,1.6,2.6,25,40,16,43,8,32,6,0,52,25,30,6,38
Tanguy Coulibaly,Montpellier,"FW,MF",23,1485,3,0,3.5,1.3,4.8,48,20,21,21,18,8,5,2,54,29,26,20,97
Téji Savanier,Montpellier,MF,32,2363,0,5,3.8,6.9,9.1,26,183,199,62,67,165,31,12,67,27,36,4,108
Wahbi Khazri,Montpellier,"FW,MF",33,1118,1,1,2.3,2.2,4.4,24,33,48,28,18,27,8,5,26,7,13,10,53
Douglas,Nantes,MF,27,2307,4,2,3.4,1.5,4.9,14,125,10,36,15,108,12,1,20,12,10,1,34
Johann Lepenant,Nantes,MF,21,2048,2,1,1.4,0.9,2.3,25,89,16,38,8,70,12,1,36,18,25,3,62
Matthis Abline,Nantes,FW,21,2768,8,2,8.5,3.8,11.5,75,48,30,53,27,23,15,4,86,35,42,42,169
Moses Simon,Nantes,"FW,MF",29,2609,4,10,5.8,6.7,9.4,147,59,222,51,56,27,41,24,147,65,81,60,222
Mostafa Mohamed,Nantes,FW,26,1252,5,0,5.5,0.4,5.9,11,20,4,36,6,16,6,0,26,12,15,2,50
Pedro Chirivella,Nantes,MF,27,2348,0,2,0.5,1.8,2.2,16,170,19,16,19,169,24,4,7,3,14,1,25
Sorba Thomas,Nantes,"FW,MF",24,1321,1,3,1.5,3.7,5.2,41,34,130,17,36,27,24,17,24,9,29,7,93
Badredine Bouanani,Nice,"MF,FW",19,1099,2,3,2.7,2.4,4.3,47,44,33,17,20,19,14,2,36,14,33,15,93
Baptiste Santamaria,Nice,MF,29,927,0,0,0.9,1.0,1.9,10,45,3,20,9,40,4,0,13,8,10,0,11
Evann Guessand,Nice,"FW,MF",23,2565,12,8,9.2,5.4,14.6,87,79,36,64,32,46,27,4,103,49,44,30,162
Gaëtan Laborde,Nice,FW,30,1829,7,4,11.7,3.5,12.0,30,40,27,18,27,26,12,2,37,18,16,13,131
Hicham Boudaoui,Nice,MF,24,2435,2,3,2.7,3.0,5.8,54,124,17,51,22,76,32,3,65,25,45,7,75
Jeremie Boga,Nice,"MF,FW",27,1054,1,2,2.3,2.8,5.1,64,39,21,17,24,11,18,4,64,25,37,24,75
Mohamed Ali Cho,Nice,"FW,MF",20,1621,3,4,4.0,4.0,7.9,81,59,51,41,30,23,36,5,70,20,39,30,133
Sofiane Diop,Nice,"MF,FW",24,1064,6,4,6.0,2.9,8.9,26,64,33,19,24,47,19,1,31,10,19,4,70
Tanguy Ndombele,Nice,MF,27,1131,1,2,2.4,2.4,4.8,22,61,3,28,18,41,8,0,47,25,8,6,36
Bradley Barcola,Paris S-G,FW,21,2181,14,10,13.4,10.1,23.5,137,96,25,22,50,28,51,4,137,34,65,95,374
Désiré Doué,Paris S-G,"FW,MF",19,1730,6,6,5.1,7.8,13.0,97,139,78,44,55,83,51,16,129,57,50,47,232
Fabián Ruiz Peña,Paris S-G,MF,28,1923,4,5,4.3,4.7,9.0,47,205,27,10,36,155,36,3,20,14,42,8,92
Gonçalo Ramos,Paris S-G,FW,23,1066,8,3,13.6,2.2,13.4,11,24,1,11,15,9,9,0,11,1,6,4,63
Khvicha Kvaratskhelia,Paris S-G,FW,23,916,4,3,3.3,4.9,8.2,50,43,33,18,25,32,20,4,53,25,37,28,131
Lee Kang-in,Paris S-G,"FW,MF",23,1663,6,6,3.5,5.6,9.1,50,143,94,28,56,103,43,7,51,29,45,18,138
Marco Asensio,Paris S-G,"FW,MF",28,618,2,4,5.6,2.7,8.3,19,36,13,4,16,31,4,1,8,4,13,9,49
Ousmane Dembélé,Paris S-G,FW,27,1730,20,6,16.6,8.2,24.0,127,137,80,14,63,93,55,3,95,42,87,66,252
Senny Mayulu,Paris S-G,MF,18,808,2,2,2.9,2.1,4.9,29,46,9,18,12,32,14,1,33,15,19,8,56
Vitinha,Paris S-G,MF,24,2042,3,1,3.4,2.6,4.4,53,224,21,12,27,257,37,3,40,27,59,9,57
Amadou Koné,Reims,MF,19,1293,0,0,0.5,0.3,0.9,19,68,3,52,8,53,8,0,25,15,15,0,12
Junya Ito,Reims,"FW,MF",31,2690,4,3,4.6,7.1,11.7,100,133,234,34,82,69,67,28,110,47,74,25,256
Keito Nakamura,Reims,"FW,MF",24,2649,11,2,9.1,2.9,12.1,90,82,56,8,26,32,24,10,78,30,45,33,197
Mamadou Diakhon,Reims,"FW,MF",18,858,2,1,1.0,1.1,2.2,61,17,33,22,13,5,6,3,61,25,37,32,77
Marshall Munetsi,Reims,MF,28,1692,4,2,4.0,2.0,5.9,8,26,11,31,19,14,5,2,12,6,7,2,48
Oumar Diakité,Reims,FW,20,1628,4,1,5.5,1.1,5.8,24,44,7,25,11,22,12,2,57,20,20,4,93
Teddy Teuma,Reims,MF,30,750,0,0,1.4,1.1,1.7,9,47,44,7,13,41,9,4,12,3,4,0,34
Valentin Atangana Edoa,Reims,MF,18,2854,1,0,2.5,1.1,3.6,41,93,17,50,12,66,8,1,48,14,35,8,38
Yaya Kader Fofana,Reims,"MF,FW",20,634,1,1,0.6,1.7,2.3,19,22,6,7,7,14,10,1,22,14,12,6,29
Albert Grønbaek,Rennes,"MF,FW",23,813,2,1,1.5,1.0,2.5,23,30,28,10,19,9,13,0,37,11,15,12,58
Amine Gouiri,Rennes,"MF,FW",24,1037,3,2,3.5,0.4,3.9,22,46,12,12,8,21,9,0,33,15,9,11,63
Arnaud Kalimuendo,Rennes,"FW,MF",22,2578,12,3,14.9,2.0,10.9,50,72,13,40,19,36,14,1,62,21,30,27,167
Azor Matusiwa,Rennes,MF,26,2078,1,3,1.2,1.8,3.1,19,134,1,32,17,109,18,1,22,17,17,3,26
Djaoui Cissé,Rennes,MF,20,1121,1,0,0.4,0.2,0.7,16,84,3,14,6,66,11,0,18,13,25,0,14
Glen Kamara,Rennes,MF,28,662,0,1,0.2,0.2,0.3,5,34,0,4,5,34,8,0,8,4,3,0,22
Jordan James,Rennes,MF,20,1178,0,1,0.9,1.9,2.8,21,67,34,15,24,55,12,2,21,9,9,6,15
Ludovic Blas,Rennes,"MF,FW",26,2293,6,8,5.0,4.6,9.6,83,116,124,54,47,76,33,9,116,44,46,31,184
Seko Fofana,Rennes,MF,29,844,1,1,1.8,1.2,2.9,32,72,5,7,13,38,13,2,24,12,18,5,38
Aimen Moueffek,Saint-Étienne,MF,23,1039,0,1,1.1,1.1,2.2,20,43,4,7,10,39,8,1,24,11,13,4,31
Augustine Boakye,Saint-Étienne,"FW,MF",23,733,3,0,1.8,0.9,2.7,25,35,5,7,13,14,11,0,24,13,20,9,60
Benjamin Bouchouari,Saint-Étienne,MF,22,1772,1,0,0.6,0.9,1.5,48,133,9,42,16,123,24,1,53,27,23,6,54
Florian Tardieu,Saint-Étienne,MF,32,1252,2,4,0.6,1.3,1.9,11,139,24,14,19,127,24,0,13,3,17,0,44
Ibrahim Sissoko,Saint-Étienne,FW,28,819,2,1,4.3,0.6,4.1,14,12,3,21,7,9,1,0,11,3,12,6,36
Irvin Cardona,Saint-Étienne,FW,26,1063,5,3,4.5,1.4,5.0,30,32,31,10,15,11,16,3,22,6,21,10,135
Louis Mouton,Saint-Étienne,MF,22,1045,0,1,1.3,1.3,2.6,18,54,21,7,16,42,13,1,24,12,9,2,51
Lucas Stassin,Saint-Étienne,FW,19,1887,12,4,7.0,3.4,10.4,26,35,19,26,18,13,12,1,36,15,13,13,149
Mathieu Cafaro,Saint-Étienne,"MF,FW",27,732,1,0,1.5,1.3,2.8,19,16,27,14,13,12,9,4,17,7,8,7,51
Mathis Amougou,Saint-Étienne,MF,18,859,0,0,0.5,0.4,0.8,8,36,1,8,7,23,4,0,16,5,11,2,17
Pierre Ekwah Elimby,Saint-Étienne,MF,22,2575,1,0,0.7,1.0,1.7,20,146,5,38,16,144,19,0,32,18,14,1,21
Zuriko Davitashvili,Saint-Étienne,"FW,MF",23,2778,7,8,8.1,4.7,11.3,95,73,85,40,50,38,23,4,123,46,56,47,224
Andrey Santos,Strasbourg,MF,20,2855,10,3,5.1,3.3,8.4,29,149,0,63,27,141,15,0,37,18,14,3,26
Emanuel Emegha,Strasbourg,FW,21,2293,14,3,17.0,2.4,19.4,37,14,0,37,18,4,4,0,28,7,20,32,104
Félix Lemaréchal,Strasbourg,"MF,FW",20,1779,4,3,3.5,2.9,6.4,35,58,26,12,29,35,10,4,48,24,22,8,90
Habib Diarra,Strasbourg,"MF,FW",20,2352,2,5,3.3,4.5,6.3,61,116,54,52,27,64,27,12,49,13,37,12,114
Sebastian Nanasi,Strasbourg,"MF,FW",22,2107,6,4,6.5,4.9,11.4,53,126,66,17,37,74,39,2,40,19,41,15,127
Sekou Mara,Strasbourg,"FW,MF",22,768,1,1,2.0,1.0,3.0,9,11,3,16,5,9,2,0,27,11,6,5,47
Cristian Cásseres Jr.,Toulouse,MF,24,2696,1,3,1.0,2.6,3.6,31,128,80,46,27,89,23,7,38,22,27,4,46
Frank Magri,Toulouse,"FW,MF",24,1516,5,1,6.0,1.5,7.5,17,25,4,28,9,15,7,1,18,4,8,7,80
Joshua King,Toulouse,"FW,MF",32,1673,6,3,6.6,2.0,8.7,39,29,9,27,17,13,10,1,64,35,24,15,108
Shavy Babicka,Toulouse,"MF,FW",24,1186,4,2,3.9,1.6,5.5,36,21,39,21,13,8,13,5,37,11,17,14,122
Vincent Sierro,Toulouse,MF,28,2402,3,1,4.2,3.6,6.3,15,147,64,31,30,102,26,1,28,12,21,5,27
Yann Gboho,Toulouse,"MF,FW",23,2333,5,4,5.4,3.5,8.9,116,103,26,61,30,53,28,0,122,50,74,37,189
Zakaria Aboukhlal,Toulouse,"MF,FW",24,1901,6,2,10.2,1.6,10.2,34,22,33,25,12,16,10,4,53,16,24,19,164
Alexis Claude-Maurice,Augsburg,"MF,FW",26,2109,9,2,4.7,1.2,5.9,59,61,21,42,21,38,21,5,90,42,47,9,102
Arne Maier,Augsburg,MF,25,938,0,0,1.5,1.5,3.0,19,44,67,7,25,40,10,3,16,7,18,5,56
Elvis Rexhbeçaj,Augsburg,MF,26,1785,1,1,1.4,1.1,2.5,31,94,71,42,16,39,23,2,32,10,26,8,82
Frank Onyeka,Augsburg,MF,26,2586,0,1,1.4,1.3,2.7,46,106,20,74,17,70,12,5,54,18,40,8,71
Fredrik Jensen,Augsburg,MF,26,763,0,0,0.7,0.7,1.4,16,20,20,5,11,8,7,3,13,7,8,3,58
Kristijan Jakić,Augsburg,MF,27,2306,0,1,0.8,1.2,2.0,24,106,13,28,16,95,11,0,29,14,13,3,49
Mert Kömür,Augsburg,MF,19,654,2,1,1.1,1.5,2.6,18,11,26,12,13,3,2,1,22,12,17,4,46
Phillip Tietz,Augsburg,FW,27,1686,6,2,6.1,1.2,6.5,8,29,1,12,22,18,9,1,31,15,12,4,113
Samuel Essende,Augsburg,FW,26,1636,7,2,4.2,1.3,5.5,33,21,5,34,11,11,6,2,52,14,19,20,118
Aleksandar Pavlovic,Bayern Munich,MF,20,1451,1,0,0.6,0.2,0.8,15,128,5,9,7,169,13,1,5,5,43,3,33
Harry Kane,Bayern Munich,FW,31,2381,17,9,20.3,5.3,18.6,29,97,13,21,35,56,36,2,53,23,19,21,143
Jamal Musiala,Bayern Munich,MF,21,1798,12,2,9.3,4.5,13.8,71,107,8,55,41,75,24,0,141,72,48,36,156
Joshua Kimmich,Bayern Munich,MF,29,2847,3,7,1.8,7.4,9.2,51,362,176,27,83,437,53,10,22,12,83,1,77
João Palhinha,Bayern Munich,MF,29,673,0,0,0.7,0.2,0.9,3,32,2,10,4,47,2,0,4,2,3,1,7
Kingsley Coman,Bayern Munich,FW,28,1282,5,4,4.3,3.3,7.6,66,45,45,12,32,26,28,5,74,39,33,28,215
Leroy Sané,Bayern Munich,FW,28,1637,11,5,10.2,5.5,15.8,75,64,51,25,36,24,35,7,100,39,47,38,266
Michael Olise,Bayern Munich,"FW,MF",22,2334,12,15,9.7,12.0,21.7,119,184,131,65,90,89,111,13,151,72,69,46,381
Serge Gnabry,Bayern Munich,"FW,MF",29,1242,7,5,7.5,5.1,11.9,44,48,22,6,24,21,21,2,40,18,22,25,149
Thomas Müller,Bayern Munich,"MF,FW",34,1225,1,4,3.8,2.9,6.7,24,50,46,12,35,24,24,12,17,8,19,7,143
Anthony Losilla,Bochum,MF,38,1137,0,0,0.1,0.4,0.5,3,45,4,9,7,23,9,3,5,1,3,1,11
Dani de Wit,Bochum,"MF,FW",26,1153,2,1,2.1,0.5,2.7,5,33,8,12,10,24,5,2,8,1,4,0,37
Giorgos Masouras,Bochum,"FW,MF",30,1055,2,1,3.9,1.1,5.0,26,19,26,10,10,11,7,4,14,5,7,13,82
Ibrahima Sissoko,Bochum,MF,26,2610,2,1,1.7,1.6,3.3,35,105,21,29,27,77,16,5,61,32,24,3,69
Matúš Bero,Bochum,MF,28,2565,5,2,4.0,3.7,6.7,29,143,124,34,54,104,35,4,55,19,37,9,111
Moritz Broschinski,Bochum,"FW,MF",23,1390,1,3,4.2,1.8,6.0,37,20,28,18,13,9,8,4,53,14,21,13,130
Myron Boadu,Bochum,FW,23,1042,8,1,7.7,1.1,8.0,12,18,3,6,11,7,5,1,23,11,9,7,70
Philipp Hofmann,Bochum,FW,31,2277,3,3,5.5,3.3,8.8,8,53,10,31,26,40,9,0,20,10,15,2,112
Tom Krauß,Bochum,MF,23,1077,0,0,0.4,0.7,1.1,16,84,10,16,12,76,9,0,23,12,20,1,20
Donyell Malen,Dortmund,"FW,MF",25,614,3,0,2.9,0.2,3.2,23,17,13,7,1,6,6,1,32,11,9,17,75
Felix Nmecha,Dortmund,MF,23,1509,4,1,1.3,1.1,2.4,21,85,6,26,14,91,12,0,26,17,21,4,27
Jamie Gittens,Dortmund,"FW,MF",19,1776,8,3,3.6,2.5,6.1,113,42,49,44,21,17,24,4,171,77,56,63,180
Julian Brandt,Dortmund,MF,28,2303,5,10,4.8,8.5,13.2,61,149,71,9,61,94,48,6,54,19,48,17,199
Karim Adeyemi,Dortmund,"FW,MF",22,1433,7,6,5.5,6.0,11.5,68,28,26,18,28,10,19,2,94,40,36,41,153
Marcel Sabitzer,Dortmund,MF,30,1616,1,0,1.8,1.6,3.3,24,97,23,9,12,75,12,2,15,6,31,3,70
Maximilian Beier,Dortmund,"FW,MF",21,1591,8,5,7.7,3.3,11.0,24,33,16,16,24,13,14,3,51,22,12,9,124
Serhou Guirassy,Dortmund,FW,28,2598,18,4,22.7,3.9,23.5,25,43,1,53,25,28,14,0,39,11,22,12,128
Can Uzun,Eint Frankfurt,"MF,FW",18,675,4,1,3.0,1.1,4.1,11,42,18,16,14,25,18,4,22,11,13,4,45
Ellyes Skhiri,Eint Frankfurt,MF,29,2231,1,2,1.4,1.4,2.8,17,105,3,19,22,82,18,0,15,11,17,3,27
Fares Chaïbi,Eint Frankfurt,"MF,FW",21,1013,1,3,2.6,2.9,5.5,20,52,72,7,24,31,18,6,12,7,13,4,73
Hugo Ekitike,Eint Frankfurt,FW,22,2563,14,8,21.6,6.8,26.0,93,53,17,17,44,24,31,4,119,52,57,52,215
Hugo Larsson,Eint Frankfurt,MF,20,2393,3,1,3.1,2.1,5.2,16,121,8,5,21,89,19,3,19,12,20,4,33
Jean Mattéo Bahoya,Eint Frankfurt,"MF,FW",19,921,2,3,1.9,1.7,3.6,24,28,31,7,18,15,11,4,30,17,14,10,93
Mario Götze,Eint Frankfurt,"MF,FW",32,1542,3,2,2.9,3.1,6.0,29,88,39,15,34,56,19,1,23,9,23,6,96
Omar Marmoush,Eint Frankfurt,FW,25,1448,13,9,8.8,6.2,13.5,73,50,78,55,34,30,22,1,101,46,53,45,125
Oscar Højlund,Eint Frankfurt,MF,19,722,1,0,1.0,1.1,2.0,17,49,1,3,6,30,4,0,11,8,8,5,9
Eren Dinkçi,Freiburg,"MF,FW",22,1196,0,3,1.1,2.2,3.3,33,35,15,6,23,24,11,3,39,16,26,9,71
Junior Adamu,Freiburg,FW,23,1545,2,2,5.5,2.4,7.9,8,14,5,22,17,7,8,0,29,10,5,4,84
Lucas Höler,Freiburg,"FW,MF",30,1867,6,4,7.7,2.9,9.8,21,47,14,30,22,34,9,1,34,18,12,7,122
Maximilian Eggestein,Freiburg,MF,27,2845,2,0,2.0,1.5,3.5,34,141,9,24,19,131,16,3,24,11,25,3,41
Merlin Röhl,Freiburg,"MF,FW",22,965,0,1,0.8,1.7,2.5,20,22,12,19,9,17,4,3,40,12,15,9,60
Michael Gregoritsch,Freiburg,FW,30,639,2,1,1.8,0.4,2.2,6,19,1,5,5,9,4,0,7,4,3,3,36
Nicolas Höfler,Freiburg,MF,34,794,0,0,0.2,0.1,0.3,1,30,1,5,3,31,4,0,4,4,3,1,3
Patrick Osterhage,Freiburg,MF,24,2267,1,0,1.7,1.4,3.1,26,73,20,22,16,71,13,1,27,11,18,4,50
Ritsu Doan,Freiburg,"FW,MF",26,2862,10,7,6.6,3.7,10.3,64,130,80,56,27,70,48,15,127,56,54,26,178
Vincenzo Grifo,Freiburg,"FW,MF",31,2432,8,11,7.9,6.9,12.5,58,128,155,12,66,104,48,10,45,25,35,21,147
Alassane Pléa,Gladbach,"MF,FW",31,1902,10,4,7.4,3.1,9.8,51,116,45,33,25,80,35,8,43,17,31,14,141
Franck Honorat,Gladbach,FW,27,1439,4,7,4.5,5.3,9.8,63,45,125,5,50,24,26,17,32,12,35,26,124
Julian Weigl,Gladbach,MF,28,2881,0,2,0.7,1.1,1.9,11,122,11,24,11,121,18,1,8,7,14,1,9
Kevin Stöger,Gladbach,MF,30,1551,1,3,3.9,5.3,7.6,40,121,116,40,54,90,39,8,36,17,39,5,95
Nathan N'Goumou,Gladbach,FW,24,828,2,1,1.9,1.3,3.2,30,16,22,12,6,11,9,3,27,9,18,16,85
Philipp Sander,Gladbach,MF,26,1400,1,0,1.2,0.6,1.8,16,60,22,7,13,50,7,4,18,11,15,5,29
Robin Hack,Gladbach,"FW,MF",25,2172,4,7,5.4,3.6,9.0,51,95,61,21,32,52,34,12,63,25,46,21,141
Rocco Reitz,Gladbach,MF,22,1830,2,1,1.7,2.1,3.8,18,91,22,38,16,69,16,4,36,17,13,1,30
Tim Kleindienst,Gladbach,FW,28,2737,15,7,13.6,6.2,18.0,45,63,16,25,29,30,22,1,37,14,21,24,145
Tomáš Čvančara,Gladbach,FW,23,831,2,0,3.8,0.9,4.7,15,23,15,6,6,13,8,2,17,6,7,5,50
Adrian Beck,Heidenheim,"MF,FW",27,1598,4,1,3.3,1.2,4.5,37,69,32,14,21,53,18,4,75,40,17,11,83
Budu Zivzivadze,Heidenheim,FW,30,958,2,3,1.7,1.5,3.2,11,20,4,15,12,7,8,2,30,9,12,2,43
Jan Schöppner,Heidenheim,MF,25,2681,4,3,3.9,3.4,7.3,35,107,12,20,25,67,19,3,32,14,26,5,48
Lennard Maloney,Heidenheim,MF,24,760,0,0,0.3,0.0,0.4,1,14,1,4,1,12,1,0,4,1,1,0,0
Léo Scienza,Heidenheim,"FW,MF",25,1153,3,3,2.0,3.7,5.8,70,30,81,63,34,30,14,8,83,37,40,17,90
Marvin Pieringer,Heidenheim,"FW,MF",24,2206,4,4,8.9,4.0,10.6,23,59,11,46,30,36,12,1,35,16,22,5,115
Niklas Dorsch,Heidenheim,MF,26,1335,2,2,1.0,1.1,2.1,13,57,37,20,13,46,16,8,14,7,10,1,21
Paul Wanner,Heidenheim,"MF,FW",18,1771,2,2,3.7,1.3,4.1,28,64,52,18,20,43,13,3,59,25,29,6,65
Sirlord Conteh,Heidenheim,"FW,MF",28,892,1,1,2.1,2.6,4.7,29,19,20,11,14,17,6,2,13,6,11,12,75
Adam Hložek,Hoffenheim,"FW,MF",22,1871,8,4,5.6,3.5,9.1,54,68,20,30,20,37,19,4,64,33,31,19,102
Andrej Kramarić,Hoffenheim,"MF,FW",33,2767,8,8,11.8,4.3,13.7,75,143,116,28,49,101,38,15,47,20,55,22,202
Bazoumana Touré,Hoffenheim,"FW,MF",18,609,0,3,1.4,1.9,3.3,24,14,24,3,13,9,11,5,22,12,12,11,56
Dennis Geiger,Hoffenheim,"MF,FW",26,734,0,0,0.2,0.5,0.6,12,37,5,10,11,32,9,1,8,4,15,2,21
Finn Ole Becker,Hoffenheim,MF,24,670,0,1,0.1,0.3,0.4,3,45,8,7,8,38,7,1,14,6,7,0,7
Florian Grillitsch,Hoffenheim,MF,28,601,0,0,0.2,0.2,0.3,4,44,4,11,5,39,4,2,12,5,8,0,4
Gift Orban,Hoffenheim,FW,22,687,4,0,3.4,0.2,3.6,8,7,6,7,2,1,2,1,11,4,6,3,35
Haris Tabakovic,Hoffenheim,FW,30,821,3,1,3.3,1.2,4.6,4,7,4,8,9,8,2,1,12,4,8,3,45
Tom Bischof,Hoffenheim,"MF,FW",19,2559,5,2,2.2,3.6,5.9,47,138,145,33,50,110,39,10,64,29,34,9,102
Alexander Bernhardsson,Holstein Kiel,"FW,MF",25,1263,7,2,4.1,1.3,5.5,25,33,34,15,17,16,10,4,53,22,19,13,72
Armin Gigovic,Holstein Kiel,MF,22,1895,5,1,1.9,2.1,3.9,37,50,14,28,16,44,7,0,55,20,23,7,45
Benedikt Pichler,Holstein Kiel,FW,27,785,1,2,2.3,1.1,3.4,18,19,11,16,12,11,7,2,18,8,7,8,58
Jann-Fiete Arp,Holstein Kiel,"FW,MF",24,713,1,0,3.8,1.0,3.2,14,21,24,18,11,7,12,3,32,14,10,3,66
Lewis Holtby,Holstein Kiel,MF,33,1238,0,1,0.5,1.5,2.1,14,47,46,23,21,29,5,1,15,7,10,1,34
Magnus Knudsen,Holstein Kiel,MF,23,1850,0,1,0.7,1.3,2.0,16,54,8,10,8,39,11,2,16,9,10,2,25
Nicolai Remberg,Holstein Kiel,MF,24,2417,0,1,1.5,0.8,2.3,25,80,8,46,9,73,10,3,25,7,19,0,31
Phil Harres,Holstein Kiel,FW,22,1544,8,1,5.9,1.3,7.2,12,16,6,20,10,17,4,2,24,5,15,10,71
Shuto Machino,Holstein Kiel,"FW,MF",24,1953,9,2,6.5,3.0,7.9,30,59,35,25,27,35,20,6,18,10,17,13,108
Steven Skrzybski,Holstein Kiel,"MF,FW",31,1323,5,3,3.5,2.9,5.6,17,64,31,22,22,36,16,7,22,13,16,6,71
Aleix García,Leverkusen,MF,27,1455,3,4,1.0,4.9,5.9,27,120,92,9,32,135,12,4,5,4,34,1,47
Amine Adli,Leverkusen,"MF,FW",24,766,2,0,2.7,0.7,3.4,37,24,33,9,11,9,15,4,32,15,25,11,100
Exequiel Palacios,Leverkusen,MF,25,1155,1,6,1.5,2.3,3.8,15,97,4,18,28,97,19,2,12,8,17,1,40
Florian Wirtz,Leverkusen,"MF,FW",21,2351,8,12,9.4,7.0,13.1,131,176,101,39,57,96,65,8,167,82,72,53,309
Granit Xhaka,Leverkusen,MF,31,2888,2,7,0.9,4.4,5.3,42,318,30,34,50,372,40,6,16,7,52,0,72
Nathan Tella,Leverkusen,"MF,FW",25,1359,2,4,3.1,1.5,4.6,38,22,25,32,18,15,10,2,51,19,13,17,130
Patrik Schick,Leverkusen,FW,28,1684,20,0,12.7,0.6,12.5,7,21,1,23,11,11,6,0,26,10,2,7,107
Victor Boniface,Leverkusen,FW,23,1008,8,1,7.8,1.1,8.1,26,23,6,8,10,10,8,2,35,15,12,15,61
Armindo Sieb,Mainz 05,"FW,MF",21,762,2,2,2.8,1.1,3.9,28,18,6,13,8,12,8,2,36,11,7,8,64
Jonathan Burkardt,Mainz 05,FW,24,2109,16,2,14.8,3.1,16.3,32,42,27,24,20,25,16,4,39,16,26,13,157
Kaishu Sano,Mainz 05,MF,23,3043,0,0,0.9,1.2,2.1,53,159,11,33,19,133,19,1,51,32,43,9,46
Lee Jae-sung,Mainz 05,MF,31,2650,7,6,5.3,5.0,10.3,28,105,31,40,34,56,22,3,30,11,23,10,165
Nadiem Amiri,Mainz 05,MF,27,2473,5,5,5.5,6.6,10.5,50,204,166,51,63,173,57,9,67,32,43,14,64
Nelson Weiper,Mainz 05,"FW,MF",19,704,3,2,4.1,1.9,6.0,12,13,6,1,10,12,5,0,21,10,6,5,62
Paul Nebel,Mainz 05,MF,21,2345,10,4,5.8,4.1,9.8,67,91,111,36,35,38,41,19,64,25,45,19,219
Amadou Haidara,RB Leipzig,MF,26,1320,0,1,1.4,0.9,2.2,7,65,12,8,5,65,13,2,12,7,6,0,24
Arthur Vermeeren,RB Leipzig,MF,19,1572,0,2,0.4,0.9,1.3,14,77,3,1,12,71,6,0,15,6,16,1,20
Benjamin Šeško,RB Leipzig,"FW,MF",21,2380,11,5,10.0,2.1,10.5,47,46,7,20,19,25,9,0,75,39,29,14,141
Christoph Baumgartner,RB Leipzig,MF,24,1610,2,1,4.5,1.3,5.8,37,53,14,29,20,40,16,1,42,17,35,7,95
Kevin Kampl,RB Leipzig,MF,33,1593,1,0,0.8,1.4,2.2,21,106,29,7,16,81,24,4,19,13,34,3,32
Loïs Openda,RB Leipzig,"FW,MF",24,2453,9,5,9.0,3.4,11.6,58,47,27,77,28,24,20,1,74,22,26,37,229
Xavi Simons,RB Leipzig,MF,21,2150,10,6,5.1,6.3,11.4,85,140,79,56,51,79,60,4,100,33,71,22,185
Carlo Boukhalfa,St. Pauli,MF,25,1646,2,0,1.5,1.1,2.6,10,41,10,17,11,27,7,2,28,12,9,3,44
Danel Sinani,St. Pauli,"FW,MF",27,1250,2,2,1.7,3.0,4.6,16,60,67,14,24,45,16,3,22,10,15,6,64
Elias Saad,St. Pauli,"FW,MF",24,900,3,2,2.8,0.8,3.6,29,27,14,24,14,17,14,3,54,16,23,14,76
Jackson Irvine,St. Pauli,MF,31,2610,0,6,3.2,3.9,7.0,19,117,18,16,32,93,12,2,23,9,18,5,58
Johannes Eggestein,St. Pauli,FW,26,1853,2,4,4.7,2.1,5.2,25,43,35,12,24,25,9,2,17,7,17,8,138
Morgan Guilavogui,St. Pauli,"FW,MF",26,1807,6,2,7.1,1.9,9.1,42,41,13,34,27,29,10,3,48,21,28,22,135
Noah Weißhaupt,St. Pauli,"FW,MF",22,1160,1,0,2.1,1.8,3.9,42,33,72,42,18,19,15,11,38,13,27,17,94
Oladapo Afolayan,St. Pauli,"FW,MF",26,1639,3,1,3.1,3.8,7.0,53,32,53,42,21,23,14,10,98,48,43,28,108
Angelo Stiller,Stuttgart,MF,23,2741,1,8,1.8,7.2,9.0,39,289,95,48,59,271,50,10,30,20,39,3,69
Atakan Karazor,Stuttgart,MF,27,2618,2,4,2.3,2.6,4.6,19,140,4,59,15,150,18,0,21,12,33,1,33
Chris Führich,Stuttgart,"MF,FW",26,1981,2,3,2.9,3.7,6.6,114,95,82,6,32,39,51,13,85,40,68,54,202
Deniz Undav,Stuttgart,"FW,MF",28,1726,9,3,11.7,3.6,15.2,31,70,11,22,26,38,27,2,24,10,18,12,141
Enzo Millot,Stuttgart,"MF,FW",22,1843,6,5,7.6,3.1,9.8,44,118,41,37,23,89,30,3,67,31,34,12,123
Ermedin Demirović,Stuttgart,FW,26,1855,15,1,14.1,1.9,14.3,20,31,3,27,18,15,10,0,25,5,16,9,115
Fabian Rieder,Stuttgart,"MF,FW",22,867,1,3,1.4,2.0,3.4,20,38,39,11,12,26,11,2,19,9,15,3,61
Jamie Leweling,Stuttgart,"MF,FW",23,1663,2,2,1.6,3.8,5.4,55,51,58,29,25,25,26,9,82,41,40,17,164
Nick Woltemade,Stuttgart,"FW,MF",22,1622,10,2,10.2,4.6,12.6,31,52,6,35,37,31,23,0,71,31,28,22,141
Aljoscha Kemlein,Union Berlin,MF,19,922,1,0,0.9,0.6,1.5,5,42,5,2,10,28,6,1,9,6,5,1,19
Andrej Ilic,Union Berlin,FW,24,937,6,0,4.9,0.3,4.4,5,13,3,8,6,16,0,0,7,1,6,4,59
András Schäfer,Union Berlin,MF,25,1534,1,1,0.6,0.9,1.5,23,55,17,33,10,30,12,2,29,13,16,4,42
Benedict Hollerbach,Union Berlin,"FW,MF",23,2540,9,1,7.0,1.6,8.6,103,68,73,45,26,24,22,3,115,42,68,52,214
Jeong Woo-yeong,Union Berlin,"MF,FW",24,1263,3,2,2.8,1.7,4.4,32,63,36,15,18,30,20,5,21,12,24,6,93
Jordan Pefok,Union Berlin,FW,28,908,0,1,3.2,0.9,4.1,3,12,0,15,14,7,2,0,13,7,6,0,40
Rani Khedira,Union Berlin,MF,30,2723,1,1,1.4,0.6,2.1,12,80,22,18,12,66,10,3,11,5,10,2,34
Tim Skarke,Union Berlin,"FW,MF",27,1164,0,2,2.1,1.2,3.3,26,25,29,15,16,12,15,9,24,10,13,10,96
Yorbe Vertessen,Union Berlin,"MF,FW",23,718,1,0,1.3,1.6,2.9,18,16,23,17,15,6,14,2,51,19,14,4,42
Jens Stage,Werder Bremen,MF,27,2204,10,5,7.2,2.8,10.0,28,104,23,30,23,67,26,4,17,8,24,6,89
Justin Njinmah,Werder Bremen,"FW,MF",23,952,3,2,3.7,1.6,5.2,33,23,19,17,12,8,10,3,27,11,16,12,103
Leonardo Bittencourt,Werder Bremen,MF,30,982,2,1,1.6,1.6,3.2,19,64,22,19,14,56,14,2,5,1,13,2,38
Marco Grüll,Werder Bremen,"FW,MF",26,1181,6,1,4.0,1.8,5.8,24,38,21,31,11,22,14,3,39,13,19,9,93
Marvin Ducksch,Werder Bremen,FW,30,2418,7,8,10.1,8.5,17.0,26,86,167,17,61,43,30,8,19,7,20,12,166
Oliver Burke,Werder Bremen,FW,27,908,5,0,4.1,1.7,5.8,22,15,20,2,14,5,7,3,12,7,12,14,88
Romano Schmid,Werder Bremen,MF,24,2834,4,4,4.3,6.2,9.7,107,279,145,42,68,170,90,24,95,45,76,28,201
Senne Lynen,Werder Bremen,MF,25,2733,0,1,1.1,0.6,1.7,9,91,5,25,8,81,15,1,28,12,14,3,28
Bence Dárdai,Wolfsburg,MF,18,1304,1,1,1.0,1.0,2.1,5,39,10,16,11,35,9,2,12,3,6,0,24
Jonas Wind,Wolfsburg,"FW,MF",25,1966,8,3,5.7,4.2,8.1,17,100,7,40,34,66,24,0,20,6,10,12,94
Mattias Svanberg,Wolfsburg,MF,25,1219,3,1,3.6,1.7,5.4,11,36,35,22,13,36,4,1,25,10,17,1,39
Maximilian Arnold,Wolfsburg,MF,30,2356,3,5,0.9,3.5,4.3,9,128,152,52,45,132,19,8,6,1,11,0,16
Mohamed Amoura,Wolfsburg,FW,24,2467,8,9,8.7,4.0,11.2,81,61,35,20,35,29,26,5,91,37,46,35,244
Patrick Wimmer,Wolfsburg,"MF,FW",23,1770,3,4,3.7,2.9,6.7,46,91,42,40,24,55,23,4,69,37,44,13,75
Ridle Baku,Wolfsburg,"FW,MF",26,1170,2,1,1.5,1.3,2.7,16,44,37,10,13,33,14,6,20,9,9,8,78
Tiago Tomás,Wolfsburg,"FW,MF",22,1884,6,1,5.4,2.6,8.1,31,50,22,48,20,33,13,3,80,29,19,14,125
Ademola Lookman,Atalanta,"MF,FW",26,2247,14,5,10.3,7.1,16.7,142,73,124,20,61,29,43,13,104,37,70,81,316
Charles De Ketelaere,Atalanta,"MF,FW",23,2070,7,7,7.3,6.0,13.2,108,140,56,39,39,81,53,9,95,43,75,41,211
Lazar Samardzic,Atalanta,MF,22,1169,2,1,2.0,2.9,4.9,54,92,60,10,35,60,30,3,60,27,40,21,99
Marco Brescianini,Atalanta,MF,24,991,4,2,3.1,1.0,4.1,46,36,18,9,7,27,9,2,26,8,30,13,69
Mario Pašalić,Atalanta,MF,29,1967,3,4,6.6,3.3,9.1,44,149,11,10,32,132,24,1,18,5,52,6,68
Mateo Retegui,Atalanta,FW,25,2383,21,8,18.9,4.9,19.8,21,46,15,34,38,29,9,1,30,12,12,11,199
Éderson,Atalanta,MF,25,2881,4,1,4.1,4.3,8.4,40,216,23,53,37,193,41,5,52,23,57,12,79
Benjamín Domínguez,Bologna,FW,20,1281,3,2,2.2,0.8,3.1,50,32,11,31,10,12,13,1,74,28,26,23,123
Dan Ndoye,Bologna,FW,23,2143,6,4,7.0,3.8,9.2,132,74,44,101,27,39,26,2,96,37,54,50,231
Giovanni Fabbian,Bologna,MF,21,1023,3,1,2.3,1.3,3.7,14,17,9,22,9,15,5,1,16,2,6,5,43
Jens Odgaard,Bologna,"MF,FW",25,1952,6,1,3.6,1.8,5.4,35,50,24,44,16,34,15,3,53,15,26,12,99
Lewis Ferguson,Bologna,MF,24,983,0,1,1.0,1.1,1.3,20,53,18,20,14,57,8,0,9,5,21,2,26
Michel Aebischer,Bologna,MF,27,724,0,0,0.4,0.4,0.8,8,33,14,16,8,41,5,2,6,3,12,2,17
Nicolò Cambiaghi,Bologna,FW,23,620,1,3,0.8,1.9,2.7,45,25,47,34,12,9,11,6,25,11,9,15,63
Nikola Moro,Bologna,MF,26,1208,0,2,0.5,0.8,1.3,17,93,33,9,20,98,10,2,12,7,11,0,21
Remo Freuler,Bologna,MF,32,3204,1,2,1.3,1.5,2.7,39,208,19,18,36,204,24,4,13,5,44,1,56
Riccardo Orsolini,Bologna,FW,27,1878,12,4,10.1,3.7,11.5,61,69,70,46,30,34,29,11,73,33,27,25,186
Santiago Castro,Bologna,FW,19,2294,8,4,7.7,2.9,9.8,17,39,8,52,28,23,8,0,43,18,23,8,136
Thijs Dallinga,Bologna,FW,23,1154,3,2,4.3,0.6,4.9,9,17,3,17,12,14,4,0,11,2,6,8,84
Tommaso Pobega,Bologna,MF,25,1178,2,2,2.1,1.4,3.4,12,42,8,14,12,51,5,3,8,3,10,2,23
Alessandro Deiola,Cagliari,MF,28,1432,2,1,1.7,0.6,2.4,11,40,14,11,6,45,8,1,4,3,4,1,36
Antoine Makoumbou,Cagliari,MF,26,2150,0,3,0.3,0.9,1.3,11,92,7,15,8,70,14,3,19,10,18,0,14
Gianluca Gaetano,Cagliari,"MF,FW",24,1009,2,4,4.9,2.2,7.1,11,41,24,13,22,27,13,0,27,14,15,7,82
Mattia Felici,Cagliari,"MF,FW",23,925,0,3,0.6,1.0,1.6,39,19,25,17,10,12,3,0,57,19,18,19,75
Michel Ndary Adopo,Cagliari,MF,24,2409,1,1,1.1,2.3,3.4,20,106,8,16,19,90,14,3,42,19,21,1,61
Nicolas Viola,Cagliari,"FW,MF",34,1267,3,1,2.2,1.9,4.1,21,46,79,34,28,34,11,2,30,11,17,7,70
Roberto Piccoli,Cagliari,FW,23,3127,9,1,12.7,0.9,12.9,30,37,8,54,13,32,7,0,63,14,27,14,165
Răzvan Marin,Cagliari,MF,28,1406,1,2,2.4,3.6,4.5,22,84,77,13,34,56,20,2,24,13,19,4,29
Zito Luvumbo,Cagliari,"FW,MF",22,1606,2,2,2.1,3.1,5.2,70,31,65,51,17,16,13,8,63,25,21,35,125
Assane Diao,Como,"FW,MF",18,1252,8,1,4.0,0.4,4.4,50,36,12,49,8,13,13,0,72,19,33,27,116
Gabriel Strefezza,Como,"FW,MF",27,2619,6,4,3.7,3.9,7.6,80,106,123,71,57,67,29,9,82,36,42,33,190
Lucas Da Cunha,Como,MF,23,2613,3,2,2.0,3.8,5.8,63,154,102,29,55,140,29,9,30,12,52,13,85
Maxence Caqueret,Como,MF,24,1087,2,3,0.8,1.5,2.4,15,76,16,11,19,67,17,1,33,14,17,1,46
Máximo Perrone,Como,MF,21,1857,0,3,0.9,2.2,3.1,16,98,4,13,30,97,16,0,8,3,18,1,19
Nicolás Paz,Como,"MF,FW",19,2687,6,8,9.3,6.0,14.5,77,163,41,33,54,116,38,2,135,69,62,16,171
Patrick Cutrone,Como,FW,26,2047,7,4,7.1,2.1,8.4,53,31,30,28,19,16,10,2,24,9,16,26,155
Sergi Roberto,Como,MF,32,696,0,1,0.7,0.7,1.4,10,36,6,14,15,28,6,0,10,3,13,2,19
Alberto Grassi,Empoli,MF,29,2203,1,0,1.0,0.8,1.9,18,74,10,34,7,65,7,0,12,5,12,1,24
Faustino Anjorin,Empoli,MF,22,1114,2,3,0.9,1.7,2.5,28,55,17,19,17,44,13,1,41,16,17,6,35
Jacopo Fazzini,Empoli,MF,21,1383,4,1,3.1,0.5,3.6,34,49,32,32,12,27,10,0,48,23,25,15,88
Liam Henderson,Empoli,MF,28,2337,0,4,0.7,3.9,4.5,18,108,98,23,33,93,22,11,11,6,17,4,54
Lorenzo Colombo,Empoli,"FW,MF",22,2233,5,2,5.9,2.9,8.0,27,48,10,41,21,25,12,2,50,24,28,10,116
Ola Solbakken,Empoli,"MF,FW",25,760,0,0,0.8,0.4,1.2,18,20,7,2,9,14,5,1,15,7,10,6,32
Sebastiano Esposito,Empoli,"FW,MF",22,2331,7,0,5.7,2.1,6.3,31,93,55,56,36,57,31,5,67,29,26,11,106
Youssef Maleh,Empoli,MF,25,1510,0,1,0.9,0.9,1.8,10,72,16,29,12,62,11,2,13,4,11,1,37
Albert Guðmundsson,Fiorentina,"FW,MF",27,1273,4,1,4.5,1.8,4.8,35,37,24,18,15,34,2,0,27,15,27,11,59
Amir Richardson,Fiorentina,MF,22,1099,1,1,0.9,0.6,1.5,19,47,5,19,8,46,6,1,19,11,20,2,31
Andrea Colpani,Fiorentina,"FW,MF",25,1450,2,1,2.7,1.3,3.9,37,57,33,24,17,19,15,1,27,12,35,13,129
Christian Kouamé,Fiorentina,"FW,MF",26,622,0,1,1.1,1.5,2.5,7,16,6,14,9,10,4,1,20,7,6,3,46
Danilo Cataldi,Fiorentina,MF,29,1728,3,0,1.1,0.8,1.9,18,90,21,22,15,83,10,3,10,3,22,1,16
Edoardo Bove,Fiorentina,"MF,FW",22,851,1,2,0.6,1.5,2.1,12,37,2,21,11,18,4,0,16,7,19,2,24
Lucas Beltrán,Fiorentina,"FW,MF",23,1953,3,4,5.4,3.0,6.1,23,64,7,49,29,38,17,3,30,15,18,7,94
Michael Folorunsho,Fiorentina,"FW,MF",26,650,0,0,1.1,0.6,1.7,13,21,21,23,3,13,6,2,18,9,5,5,33
Moise Kean,Fiorentina,FW,24,2704,18,3,19.4,1.9,19.7,42,26,9,52,19,15,10,1,101,44,28,32,143
Nicolò Fagioli,Fiorentina,MF,23,962,1,2,0.5,3.0,3.5,15,50,27,14,23,45,12,2,22,10,27,0,19
Riccardo Sottil,Fiorentina,"FW,MF",25,833,1,1,0.9,0.9,1.7,71,18,41,33,12,5,12,4,27,11,31,27,100
Rolando Mandragora,Fiorentina,MF,27,1931,3,3,2.7,4.8,6.6,11,92,40,39,31,69,16,7,14,7,16,0,34
Yacine Adli,Fiorentina,MF,24,1234,4,6,1.0,2.4,3.4,24,103,63,20,23,84,16,4,32,12,28,3,30
Andrea Pinamonti,Genoa,FW,25,2850,10,1,7.7,1.7,8.7,20,46,17,43,15,24,9,3,23,11,12,11,132
Fabio Miretti,Genoa,"MF,FW",20,1677,3,3,3.1,2.0,5.1,33,54,61,53,22,24,13,2,73,25,22,14,100
Jeff Ekhator,Genoa,"FW,MF",17,769,1,1,1.3,1.0,2.3,4,14,10,13,11,8,4,0,13,4,5,5,51
Junior Messias,Genoa,"MF,FW",33,847,1,1,2.4,0.7,2.1,32,32,22,21,8,23,8,2,44,10,26,5,49
Milan Badelj,Genoa,MF,35,1472,1,0,1.0,1.1,2.1,8,83,5,19,12,73,10,0,20,9,8,2,14
Morten Frendrup,Genoa,MF,23,3103,2,0,1.6,0.9,2.5,24,106,3,31,14,79,11,0,24,10,20,5,29
Morten Thorsby,Genoa,"MF,FW",28,1898,0,1,2.8,2.1,4.9,24,58,9,15,27,45,10,1,22,9,17,6,76
Patrizio Masini,Genoa,MF,23,1538,1,0,0.4,0.2,0.6,16,44,26,48,6,29,4,3,25,10,16,1,27
Vitinha,Genoa,"FW,MF",24,1328,2,3,1.6,3.3,5.0,38,19,45,25,16,12,10,7,68,22,27,16,71
Amin Sarr,Hellas Verona,FW,23,1907,4,1,3.2,2.1,5.4,31,41,7,20,22,26,16,2,33,14,13,11,103
Casper Tengstedt,Hellas Verona,FW,24,1517,5,1,5.3,0.9,5.4,29,29,10,9,12,11,8,1,27,9,14,13,85
Cheikh Tidiane Niasse,Hellas Verona,MF,24,755,0,0,0.4,0.1,0.5,5,25,2,14,4,16,2,0,7,1,2,1,15
Dailon Livramento,Hellas Verona,"FW,MF",23,940,1,1,1.8,0.9,2.7,23,13,18,6,8,9,3,1,25,6,11,9,67
Daniel Mosquera,Hellas Verona,FW,24,1375,5,1,6.6,1.3,7.9,17,25,2,17,12,21,4,0,25,16,15,9,83
Grigoris Kastanos,Hellas Verona,"MF,FW",26,872,1,1,1.0,1.7,2.7,12,34,23,19,12,30,7,1,15,0,10,1,27
Ondrej Duda,Hellas Verona,MF,29,2395,1,3,1.0,3.2,4.2,23,117,89,57,32,101,24,7,42,25,26,2,26
Reda Belahyane,Hellas Verona,MF,20,1658,0,2,0.2,1.0,1.3,22,73,3,9,16,71,10,0,52,33,17,5,13
Suat Serdar,Hellas Verona,MF,27,1376,2,1,1.9,1.0,2.9,18,56,9,18,10,47,5,1,37,19,20,3,35
Tomáš Suslov,Hellas Verona,"MF,FW",22,2080,0,1,1.6,1.9,3.5,39,82,49,65,27,40,22,2,77,36,28,10,77
Davide Frattesi,Inter,MF,24,1225,5,1,4.0,0.8,4.8,23,31,8,32,7,20,5,1,18,7,15,7,50
Hakan Çalhanoğlu,Inter,MF,30,1947,2,6,4.4,5.6,6.9,52,173,122,13,49,144,28,11,7,3,53,6,51
Henrikh Mkhitaryan,Inter,MF,35,2396,1,4,1.5,2.7,4.2,72,199,24,24,29,156,53,5,26,7,56,13,93
Joaquín Correa,Inter,"FW,MF",29,731,2,2,2.1,2.0,4.1,22,42,8,14,10,24,12,1,10,6,17,4,45
Kristjan Asllani,Inter,MF,22,988,0,2,2.5,1.9,2.8,7,55,43,19,15,74,18,8,6,1,14,1,20
Lautaro Martínez,Inter,FW,26,2564,12,3,13.5,4.3,17.8,34,68,13,42,36,41,22,1,47,17,27,12,197
Marcus Thuram,Inter,FW,26,2290,14,4,9.9,4.4,14.3,62,53,13,36,39,24,27,4,53,24,33,36,170
Mehdi Taremi,Inter,FW,32,816,0,2,3.5,1.6,4.2,10,25,1,13,15,12,5,0,11,6,9,6,47
Nicolò Barella,Inter,MF,27,2493,3,6,2.2,4.5,6.7,63,235,68,33,55,172,54,12,57,23,47,8,133
Piotr Zieliński,Inter,MF,30,980,0,2,2.6,0.9,2.0,26,65,28,16,14,77,6,0,18,6,27,1,24
Dušan Vlahović,Juventus,FW,24,1784,6,4,12.3,1.3,10.5,27,22,9,18,15,11,7,0,28,9,10,17,117
Francisco Conceição,Juventus,"FW,MF",21,1340,3,3,2.3,4.3,6.6,95,35,62,36,28,16,20,10,79,35,32,59,143
Kenan Yıldız,Juventus,"FW,MF",19,2402,7,4,4.3,5.0,9.3,115,121,115,48,57,70,52,13,111,59,59,43,223
Khéphren Thuram,Juventus,MF,23,2326,4,5,3.5,3.6,7.1,74,123,13,22,25,124,19,0,70,39,59,12,52
Manuel Locatelli,Juventus,MF,26,2822,1,2,1.8,2.5,3.5,33,294,24,22,29,327,31,2,22,8,40,1,33
Nicolás González,Juventus,"FW,MF",26,1750,3,2,4.1,1.1,5.1,35,69,15,40,19,28,19,1,53,17,40,10,123
Randal Kolo Muani,Juventus,FW,25,1160,7,1,4.7,1.6,5.5,21,20,8,20,17,8,9,0,44,18,10,14,100
Samuel Mbangula,Juventus,FW,20,709,3,3,0.6,1.4,2.0,25,17,17,14,15,15,10,4,27,9,11,7,44
Teun Koopmeiners,Juventus,"MF,FW",26,1994,3,3,3.9,2.9,6.8,32,89,113,9,38,63,18,3,22,10,28,5,127
Boulaye Dia,Lazio,"MF,FW",27,2177,9,3,7.1,4.2,11.3,23,51,2,24,26,37,7,0,42,17,14,9,114
Fisayo Dele-Bashiru,Lazio,"MF,FW",23,947,3,1,1.1,0.8,1.9,23,26,7,4,10,23,4,1,22,14,11,11,57
Gustav Isaksen,Lazio,FW,23,2210,4,2,5.2,2.1,7.3,95,46,110,46,35,19,24,10,105,44,56,53,249
Loum Tchaouna,Lazio,"FW,MF",20,660,1,0,2.5,0.6,3.1,22,20,32,7,10,9,8,1,10,5,8,8,66
Mattia Zaccagni,Lazio,FW,29,2686,6,6,6.4,4.6,9.5,91,114,156,98,55,51,39,6,96,44,63,27,264
Mattéo Guendouzi,Lazio,MF,25,3270,1,3,1.4,3.2,4.6,89,316,21,35,43,287,33,3,25,15,81,9,64
Matías Vecino,Lazio,MF,32,877,2,3,2.3,2.4,4.6,4,29,2,3,11,32,3,0,1,1,11,1,14
Nicolò Rovella,Lazio,MF,22,2718,0,3,1.5,2.2,3.7,45,159,37,33,31,174,24,3,25,18,49,2,42
Pedro,Lazio,"FW,MF",37,1102,8,1,5.3,1.7,5.4,48,76,65,24,22,53,25,5,32,16,25,15,89
Tijjani Noslin,Lazio,"FW,MF",25,861,2,2,2.0,1.6,3.6,13,16,15,15,12,12,11,5,19,8,12,6,56
Valentín Castellanos,Lazio,FW,25,2384,8,3,13.4,3.6,14.9,27,66,25,42,26,48,14,2,37,16,22,15,149
Ante Rebić,Lecce,"FW,MF",30,788,1,0,2.1,2.1,4.2,17,36,32,14,18,18,11,3,30,8,9,7,63
Balthazar Pierret,Lecce,MF,24,1723,0,0,0.2,0.4,0.6,13,82,9,20,10,80,5,1,24,13,11,1,13
Hamza Rafia,Lecce,MF,25,1058,0,0,0.5,1.4,1.9,13,51,45,25,16,47,15,6,22,10,16,2,32
Lameck Banda,Lecce,"FW,MF",23,610,0,1,1.2,1.1,2.3,27,7,26,20,11,3,8,6,28,10,10,17,46
Lassana Coulibaly,Lecce,MF,28,2667,1,0,0.8,0.9,1.7,21,93,13,44,12,68,7,0,38,18,18,3,49
Medon Berisha,Lecce,MF,20,716,0,1,0.7,0.6,1.3,13,42,29,11,11,46,6,1,9,3,7,3,17
Nikola Krstović,Lecce,FW,24,3057,9,5,12.1,2.9,12.6,42,56,8,55,30,38,15,1,65,17,22,24,149
Santiago Pierotti,Lecce,FW,23,1937,4,2,3.1,2.4,5.5,43,38,17,13,25,27,9,3,49,22,25,21,85
Tete Morente,Lecce,"FW,MF",27,2021,3,2,2.9,1.6,4.5,48,102,56,24,25,54,23,9,55,30,43,6,144
Ylber Ramadani,Lecce,MF,28,1807,1,1,0.6,1.1,1.7,9,60,6,11,16,52,4,0,24,13,11,2,7
Þórir Jóhann Helgason,Lecce,MF,23,1156,0,4,1.2,1.1,2.3,20,38,71,10,22,23,13,4,14,8,7,2,58
Christian Pulisic,Milan,"FW,MF",25,2478,8,9,12.0,6.4,15.2,121,105,119,37,69,56,35,8,87,39,75,37,191
João Félix,Milan,MF,24,760,2,0,2.7,1.2,3.8,20,40,5,30,10,31,11,0,35,15,24,12,56
Rafael Leão,Milan,FW,25,2323,8,8,7.6,8.4,15.9,123,93,55,52,58,37,51,10,129,59,71,67,262
Ruben Loftus-Cheek,Milan,MF,28,1037,0,0,0.7,1.9,2.6,27,51,7,27,16,40,7,2,23,11,20,9,32
Samuel Chukwueze,Milan,"FW,MF",25,925,3,2,2.7,3.0,5.7,48,36,50,10,27,18,21,5,47,26,37,20,116
Santiago Giménez,Milan,FW,23,669,5,2,4.8,0.9,4.9,13,6,2,4,6,5,2,1,19,7,5,5,38
Tammy Abraham,Milan,FW,26,1183,2,4,7.1,2.2,7.6,8,26,3,12,14,13,10,0,14,4,6,4,69
Tijjani Reijnders,Milan,MF,26,3128,10,4,7.5,3.5,11.0,111,230,46,22,47,135,56,2,71,36,99,29,121
Youssouf Fofana,Milan,MF,25,2504,1,6,1.3,3.4,4.7,44,176,10,17,23,140,23,2,31,14,49,5,32
Yunus Musah,Milan,"MF,FW",21,1571,0,2,1.9,1.8,3.8,51,84,24,17,23,60,17,7,37,21,44,12,74
Álvaro Morata,Milan,"FW,MF",31,1099,5,0,3.9,0.8,4.7,18,26,13,18,7,15,3,0,17,6,13,7,63
Alessandro Bianco,Monza,MF,21,2600,1,0,1.3,1.2,2.5,35,125,23,55,18,139,16,3,41,17,32,4,24
Daniel Maldini,Monza,"MF,FW",22,1306,3,0,4.8,0.9,5.7,41,34,38,39,12,14,8,2,72,30,31,10,66
Dany Mota,Monza,"FW,MF",26,2104,5,2,5.1,1.8,6.9,53,47,38,36,22,27,19,6,39,13,29,12,139
Gianluca Caprari,Monza,"MF,FW",31,1651,1,2,4.2,2.4,5.0,43,81,80,42,30,39,21,2,40,10,37,12,104
Jean-Daniel Akpa-Akpro,Monza,MF,31,966,0,0,0.3,0.2,0.6,21,19,6,18,3,19,2,1,38,12,15,2,22
Keita Baldé,Monza,FW,29,638,2,0,1.1,0.2,1.2,19,35,6,23,4,19,8,3,16,5,15,2,29
Matteo Pessina,Monza,MF,27,854,0,0,0.2,0.1,0.3,8,28,6,13,4,31,4,1,10,5,10,1,20
Milan Đurić,Monza,FW,34,1270,4,1,2.9,1.1,4.0,2,21,0,18,5,16,2,0,6,4,2,1,30
Warren Bondo,Monza,MF,20,1618,0,0,0.4,0.3,0.7,25,39,7,36,5,35,7,2,40,20,19,2,21
Andre-Frank Zambo Anguissa,Napoli,MF,28,2852,6,4,4.4,2.4,6.8,24,144,23,36,26,128,21,2,47,25,26,8,119
Billy Gilmour,Napoli,MF,23,1177,0,1,0.5,1.8,2.3,11,67,18,16,21,65,12,2,10,5,12,0,18
David Neres,Napoli,FW,27,1283,2,4,2.7,3.5,6.2,73,32,92,10,26,23,21,14,75,33,37,30,143
Giacomo Raspadori,Napoli,"FW,MF",24,1103,6,1,4.0,2.4,6.4,18,42,67,20,28,27,7,3,14,9,6,5,57
Khvicha Kvaratskhelia,Napoli,"FW,MF",23,1178,4,3,4.1,3.7,7.0,74,57,51,33,28,31,23,4,72,19,51,37,89
Matteo Politano,Napoli,"FW,MF",30,2804,3,4,3.1,4.8,7.9,135,129,229,31,56,65,55,23,80,32,57,38,278
Romelu Lukaku,Napoli,FW,31,2843,11,10,13.0,4.0,13.8,31,36,4,36,35,15,11,1,26,6,13,23,219
Scott McTominay,Napoli,MF,27,2938,12,4,7.4,2.7,10.1,56,112,11,60,26,72,22,1,88,39,40,15,131
Stanislav Lobotka,Napoli,MF,29,2636,0,1,0.3,1.2,1.5,30,118,2,31,17,110,20,1,11,8,24,2,32
Adrian Bernabe,Parma,MF,23,1453,1,1,1.3,1.1,2.4,37,115,29,36,22,103,17,4,33,15,39,3,20
Ange-Yoan Bonny,Parma,FW,20,2529,4,4,9.4,2.9,9.9,41,53,14,47,30,31,15,2,67,33,35,17,163
Dennis Man,Parma,"FW,MF",25,1995,4,4,5.5,4.2,9.7,67,60,33,17,45,46,25,5,75,25,40,31,142
Hernani,Parma,MF,30,1327,0,3,2.8,1.5,2.0,29,78,33,25,25,45,14,2,24,8,35,3,40
Mandela Keita,Parma,MF,22,1826,0,2,0.1,1.0,1.2,13,50,0,33,15,55,3,0,31,17,18,0,5
Mateo Pellegrino,Parma,FW,23,737,3,1,3.3,0.7,4.0,6,15,4,16,5,11,6,1,9,3,5,3,37
Matteo Cancellieri,Parma,"FW,MF",22,1424,3,0,2.7,0.7,3.4,40,24,21,41,11,16,7,5,70,28,20,16,79
Nahuel Estévez,Parma,MF,28,657,0,0,0.1,0.8,0.8,3,30,16,9,6,26,1,0,3,3,0,0,4
Pontus Almqvist,Parma,"FW,MF",25,1112,1,1,2.1,1.3,3.5,42,12,11,15,10,4,4,1,50,20,18,22,85
Simon Sohm,Parma,MF,23,2989,4,0,3.1,2.1,5.2,69,140,15,30,20,122,24,3,35,15,55,12,67
Valentin Mihaila,Parma,"FW,MF",24,1288,0,3,2.4,1.2,3.6,25,41,33,20,17,28,17,3,27,10,26,11,72
Artem Dovbyk,Roma,FW,27,2418,10,2,11.9,2.4,12.7,24,16,1,16,25,17,4,0,18,7,10,14,175
Bryan Cristante,Roma,MF,29,2045,4,2,2.1,1.4,3.5,25,145,15,9,18,143,17,0,14,6,30,2,41
Eldor Shomurodov,Roma,"FW,MF",29,1097,4,4,4.7,1.3,6.1,19,21,6,7,17,10,6,0,28,8,17,9,62
Leandro Paredes,Roma,MF,30,1373,1,1,2.3,1.5,2.2,17,106,57,16,21,110,15,3,3,3,16,0,14
Lorenzo Pellegrini,Roma,MF,28,1626,1,1,4.7,2.5,6.4,27,61,49,27,27,35,19,0,27,11,27,5,82
Manu Koné,Roma,MF,23,2572,2,1,3.4,1.7,5.0,70,144,2,86,19,113,15,1,72,30,66,13,50
Niccolò Pisilli,Roma,MF,19,1227,2,1,2.7,0.7,3.4,22,63,10,13,10,67,8,2,14,5,16,6,44
Paulo Dybala,Roma,"FW,MF",30,1417,3,3,6.4,5.0,9.0,41,79,62,60,40,47,26,5,43,11,42,17,122
Tommaso Baldanzi,Roma,"MF,FW",21,832,1,1,1.4,1.0,2.4,39,23,7,16,10,22,6,0,39,17,31,10,57
Antonio Sanabria,Torino,FW,28,1318,2,1,2.9,0.5,2.6,6,18,0,13,9,13,3,0,11,6,6,1,54
Cesare Casadei,Torino,MF,21,1017,1,1,1.2,0.4,1.5,14,36,2,10,7,35,6,1,10,7,8,0,12
Che Adams,Torino,FW,28,2652,9,3,9.0,2.0,10.2,23,40,10,40,26,32,7,0,37,11,18,9,153
Elif Elmas,Torino,"FW,MF",24,1021,4,0,1.4,0.4,1.8,42,34,23,14,9,22,15,5,38,13,28,14,58
Gvidas Gineitis,Torino,MF,20,1430,3,1,1.3,2.0,3.3,15,36,51,23,21,38,7,2,17,8,10,4,43
Ivan Ilić,Torino,MF,23,920,1,0,0.9,1.1,2.1,24,45,27,23,9,39,16,3,15,6,18,1,41
Karol Linetty,Torino,MF,29,1540,1,0,1.1,0.9,2.0,18,47,4,13,10,45,10,1,21,7,21,2,19
Nikola Vlašić,Torino,"MF,FW",26,2117,3,4,3.4,2.4,4.2,53,94,26,26,32,57,24,4,48,24,41,12,110
Samuele Ricci,Torino,MF,22,2825,1,1,1.3,0.6,1.8,43,116,30,70,15,102,13,0,22,6,38,6,30
Yann Karamoh,Torino,"MF,FW",26,1046,0,1,1.2,0.9,2.2,37,28,23,14,9,8,9,1,38,12,27,21,80
Arthur Atta,Udinese,"MF,FW",21,1251,0,1,1.3,1.4,2.8,31,57,24,14,18,42,8,2,61,27,31,10,77
Florian Thauvin,Udinese,"FW,MF",31,1956,7,3,8.1,3.8,9.5,92,90,168,27,39,58,43,20,92,39,53,34,148
Iker Bravo,Udinese,"FW,MF",19,682,2,1,0.9,0.4,1.3,7,18,8,10,7,10,6,0,29,11,5,6,39
Jesper Karlström,Udinese,MF,29,3186,0,3,0.7,1.1,1.8,23,135,15,25,21,139,21,4,15,6,26,4,46
Jurgen Ekkelenkamp,Udinese,MF,24,1892,3,2,2.8,1.3,4.1,34,72,12,14,15,42,11,2,30,10,28,5,86
Keinan Davis,Udinese,FW,26,1066,2,1,2.9,2.1,5.0,26,22,3,12,20,13,8,0,35,17,12,16,77
Lorenzo Lucca,Udinese,FW,23,2353,11,1,7.6,1.6,8.4,15,18,5,55,14,17,1,0,25,12,18,9,98
Martín Payero,Udinese,MF,25,1381,1,1,1.2,1.3,2.5,33,51,39,39,15,46,8,6,70,30,35,6,44
Oier Zarraga,Udinese,MF,25,896,1,0,0.4,0.4,0.8,7,28,20,6,6,27,8,5,5,2,3,0,23
Sandi Lovrić,Udinese,MF,26,2308,2,3,2.6,3.4,6.0,60,120,90,34,32,81,21,4,48,21,45,7,71
Alfred Duncan,Venezia,MF,31,957,0,0,0.8,1.1,1.9,11,53,17,11,11,37,19,4,22,13,14,0,12
Christian Gytkjær,Venezia,FW,34,754,1,1,2.4,0.5,2.1,3,5,1,5,7,5,3,0,5,1,3,2,52
Gaetano Oristanio,Venezia,"FW,MF",21,2315,3,3,4.1,2.6,6.8,72,64,59,71,33,32,22,8,123,55,48,30,131
Gianluca Busio,Venezia,MF,22,2518,2,0,2.4,1.6,4.0,60,95,29,44,28,46,25,4,48,15,57,5,135
Hans Nicolussi Caviglia,Venezia,MF,24,2861,4,2,2.4,2.1,4.5,20,140,72,39,29,123,15,1,50,17,24,1,22
Issa Doumbia,Venezia,MF,20,939,0,0,1.0,0.1,1.2,12,22,10,12,3,17,1,0,16,11,11,3,29
Joel Pohjanpalo,Venezia,FW,29,1603,3,0,7.5,1.7,6.0,9,29,3,15,15,25,7,0,10,3,7,4,72
John Yeboah,Venezia,"FW,MF",24,1226,1,1,3.0,1.9,4.9,50,42,26,21,20,19,12,0,59,24,27,25,88
Kike Pérez,Venezia,MF,27,1114,1,0,0.9,1.2,2.1,18,60,49,16,16,61,13,3,28,13,19,2,31
Magnus Kofod Andersen,Venezia,MF,25,695,1,1,0.3,0.5,0.7,7,24,16,5,9,18,3,0,4,2,6,0,18
